Cost per item,Product Rating Count,Material,Color,Size,Fit,Compare At Price,Clusters
763.71,166,Rubber,Black,Small,Universal Fit,892.44,Low
818.05,298,Plastic,Silver,Medium,Universal Fit,860.63,Low
759.17,484,Carbon Fiber,Silver,Medium,Universal Fit,927.46,Low
13969.34,304,Plastic,Silver,Medium,Universal Fit,14042.97,Low
13971.14,170,Rubber,Gray,XL,Custom Fit,14109.82,Low
13891.69,481,Rubber,Black,Large,Universal Fit,14006.31,Low
13994.99,291,Steel,Black,Medium,Universal Fit,14089.62,Low
13922.67,250,Carbon Fiber,Red,XL,Custom Fit,14052.39,Low
13864.26,337,Aluminum,Silver,Large,Universal Fit,13984.57,Low
14023.4,375,Rubber,Black,Large,Universal Fit,14093.21,Low
13963.13,447,Rubber,Blue,Large,Custom Fit,14087.19,Low
13899.38,280,Plastic,Gray,Large,Universal Fit,14025.07,Low
13937.24,221,Steel,Gray,Small,Custom Fit,14114.27,Low
13977.8,273,Aluminum,Black,Large,Universal Fit,14086.14,Low
13954.54,89,Carbon Fiber,Black,Medium,Custom Fit,14066.03,Low
13919.83,246,Carbon Fiber,Red,XL,Custom Fit,14033.29,Low
13983.69,472,Rubber,Gray,Medium,Universal Fit,14089.85,Low
13883.7,136,Rubber,Gray,XL,Custom Fit,14039.2,Low
14029.8,6,Rubber,Gray,Large,Custom Fit,14122.86,Low
29885.15,363,Steel,Blue,Medium,Universal Fit,30030.39,Mid
29965.69,172,Plastic,Silver,Medium,Custom Fit,30030.46,Mid
29928.26,465,Rubber,Blue,Medium,Custom Fit,29999.05,Mid
29955.36,118,Plastic,Black,XL,Universal Fit,30056.8,Mid
29856.01,236,Plastic,Gray,XL,Universal Fit,30029.65,Mid
30006.2,352,Plastic,Silver,XL,Universal Fit,30113.77,Mid
29900.86,43,Aluminum,Red,Medium,Universal Fit,30033.85,Mid
29917.91,454,Carbon Fiber,Silver,Large,Custom Fit,30075.17,Mid
29930.68,157,Rubber,Gray,XL,Custom Fit,30027.03,Mid
29942.64,216,Aluminum,Silver,XL,Universal Fit,30032.25,Mid
29881.58,107,Steel,Blue,XL,Custom Fit,30030.47,Mid
29996.45,276,Aluminum,Gray,Medium,Custom Fit,30101.42,Mid
29980.51,54,Rubber,Black,XL,Custom Fit,30087.09,Mid
29958.21,245,Carbon Fiber,Gray,Medium,Custom Fit,30066.8,Mid
29936.23,381,Plastic,Blue,Large,Universal Fit,30035.77,Mid
27919.26,243,Aluminum,Silver,Small,Universal Fit,28078.03,Mid
27998.32,210,Rubber,Red,XL,Custom Fit,28089.89,Mid
27948.76,37,Carbon Fiber,Red,XL,Universal Fit,28058.0,Mid
27929.99,50,Rubber,Silver,Medium,Universal Fit,28002.74,Mid
27907.37,279,Rubber,Gray,Small,Custom Fit,28060.1,Mid
28006.25,272,Aluminum,Red,XL,Universal Fit,28066.27,Mid
27929.73,261,Carbon Fiber,Red,Large,Custom Fit,28093.74,Mid
27931.1,179,Rubber,Red,Medium,Custom Fit,28027.03,Mid
27869.57,440,Carbon Fiber,Silver,Large,Custom Fit,28050.79,Mid
27927.37,429,Rubber,Silver,XL,Universal Fit,28119.14,Mid
27955.6,84,Rubber,Red,Large,Universal Fit,28116.8,Mid
27968.01,490,Aluminum,Silver,Large,Universal Fit,28040.44,Mid
5935.89,130,Plastic,Black,Medium,Custom Fit,6007.6,Low
5895.51,423,Steel,Blue,Large,Custom Fit,6050.5,Low
5907.19,266,Plastic,Black,Medium,Universal Fit,5971.56,Low
5973.16,156,Aluminum,Gray,Medium,Universal Fit,6072.26,Low
5932.44,399,Carbon Fiber,Gray,Small,Custom Fit,6071.1,Low
5920.08,250,Rubber,Red,Medium,Universal Fit,6080.42,Low
5880.08,449,Aluminum,Black,Large,Universal Fit,6070.79,Low
5970.9,109,Plastic,Black,Medium,Universal Fit,6048.81,Low
5908.56,353,Carbon Fiber,Gray,XL,Universal Fit,6081.2,Low
6020.13,259,Steel,Red,Medium,Universal Fit,6087.86,Low
5954.15,128,Rubber,Silver,Large,Custom Fit,6029.75,Low
5986.03,237,Rubber,Silver,XL,Custom Fit,6122.84,Low
5952.23,320,Steel,Blue,XL,Custom Fit,6091.38,Low
5874.72,488,Plastic,Silver,Large,Universal Fit,5995.54,Low
5907.45,150,Rubber,Red,Large,Universal Fit,6077.93,Low
28021.99,241,Plastic,Black,Large,Custom Fit,28095.3,Mid
27912.25,344,Aluminum,Black,Large,Custom Fit,28055.9,Mid
27904.93,287,Rubber,Gray,Large,Universal Fit,28079.07,Mid
27905.29,193,Rubber,Gray,Medium,Universal Fit,28044.44,Mid
27918.59,56,Rubber,Blue,Medium,Universal Fit,28102.25,Mid
27947.37,365,Steel,Blue,Medium,Custom Fit,28089.89,Mid
28008.81,10,Carbon Fiber,Red,XL,Universal Fit,28082.12,Mid
27908.71,419,Carbon Fiber,Black,Medium,Custom Fit,28077.11,Mid
27968.96,152,Steel,Blue,Medium,Universal Fit,28050.91,Mid
27911.3,219,Aluminum,Silver,Medium,Custom Fit,28073.2,Mid
28020.26,176,Steel,Red,Large,Universal Fit,28069.64,Mid
27956.38,164,Plastic,Red,Medium,Custom Fit,28111.84,Mid
27916.64,459,Carbon Fiber,Gray,Small,Universal Fit,27999.48,Mid
27927.12,454,Rubber,Gray,Medium,Custom Fit,28036.59,Mid
27942.1,71,Carbon Fiber,Blue,XL,Custom Fit,28027.88,Mid
27909.54,110,Steel,Red,Small,Universal Fit,28038.46,Mid
27932.17,205,Carbon Fiber,Silver,XL,Custom Fit,28121.36,Mid
34988.96,388,Steel,Red,Large,Universal Fit,35047.59,Mid
34924.95,173,Rubber,Gray,Large,Universal Fit,35035.58,Mid
34957.08,105,Steel,Silver,XL,Universal Fit,35112.18,Mid
34947.51,332,Carbon Fiber,Black,Medium,Custom Fit,35088.16,Mid
34934.57,484,Plastic,Gray,Medium,Custom Fit,35002.5,Mid
34931.21,61,Aluminum,Silver,Small,Universal Fit,35086.48,Mid
34968.86,317,Steel,Red,Large,Custom Fit,35075.74,Mid
34925.81,417,Plastic,Black,Medium,Universal Fit,35014.7,Mid
34981.03,342,Steel,Red,Small,Custom Fit,35037.64,Mid
34910.69,121,Plastic,Blue,XL,Custom Fit,35017.09,Mid
34930.09,389,Carbon Fiber,Blue,Medium,Universal Fit,35072.86,Mid
34991.46,288,Aluminum,Black,Small,Custom Fit,35111.23,Mid
20945.51,359,Carbon Fiber,Silver,Small,Universal Fit,21063.39,Mid
20954.78,72,Carbon Fiber,Blue,XL,Custom Fit,21024.61,Mid
20896.66,262,Steel,Blue,Large,Universal Fit,21001.19,Mid
20961.39,50,Carbon Fiber,Red,XL,Custom Fit,21057.16,Mid
20976.56,465,Aluminum,Blue,XL,Custom Fit,21051.48,Mid
20873.17,331,Steel,Blue,Small,Universal Fit,21031.04,Mid
20922.22,342,Aluminum,Black,Large,Custom Fit,20998.75,Mid
20974.85,464,Steel,Silver,XL,Universal Fit,21089.05,Mid
20934.5,247,Plastic,Blue,Medium,Custom Fit,21065.55,Mid
20887.41,176,Rubber,Silver,Small,Custom Fit,21025.58,Mid
198.4,127,Carbon Fiber,Silver,XL,Custom Fit,296.29,Low
197.03,111,Aluminum,Black,Large,Universal Fit,268.32,Low
103.94,138,Aluminum,Blue,Small,Custom Fit,240.51,Low
200.95,156,Steel,Silver,Medium,Custom Fit,280.47,Low
212.72,452,Carbon Fiber,Gray,Small,Custom Fit,252.92,Low
187.4,497,Plastic,Silver,Small,Custom Fit,216.1,Low
172.81,416,Carbon Fiber,Black,Small,Custom Fit,309.64,Low
184.53,346,Aluminum,Gray,Large,Custom Fit,314.73,Low
828.14,93,Plastic,Gray,Small,Universal Fit,946.6,Low
796.15,347,Aluminum,Gray,Small,Universal Fit,900.97,Low
796.71,228,Carbon Fiber,Black,XL,Custom Fit,902.34,Low
794.58,387,Carbon Fiber,Blue,XL,Custom Fit,852.02,Low
820.71,427,Steel,Red,Large,Custom Fit,932.32,Low
759.44,295,Plastic,Blue,Large,Universal Fit,816.6,Low
845.54,369,Plastic,Silver,XL,Universal Fit,946.95,Low
874.77,208,Aluminum,Gray,XL,Custom Fit,967.57,Low
791.95,295,Rubber,Silver,Medium,Universal Fit,896.47,Low
766.42,166,Rubber,Red,Small,Universal Fit,867.45,Low
754.28,364,Steel,Red,Medium,Custom Fit,896.42,Low
822.41,303,Aluminum,Gray,Large,Universal Fit,982.36,Low
855.56,409,Carbon Fiber,Silver,Small,Universal Fit,973.43,Low
49940.84,499,Steel,Blue,Medium,Universal Fit,50010.03,Mid
49922.64,151,Plastic,Red,XL,Universal Fit,49995.37,Mid
49960.99,200,Plastic,Blue,Small,Universal Fit,50068.79,Mid
49969.92,81,Aluminum,Silver,XL,Custom Fit,50071.12,Mid
49936.71,405,Rubber,Blue,XL,Custom Fit,50038.55,Mid
49942.99,95,Aluminum,Red,Small,Custom Fit,50048.56,Mid
29945.37,125,Plastic,Gray,Medium,Custom Fit,30074.06,Mid
29940.92,131,Plastic,Silver,Small,Custom Fit,30008.13,Mid
29914.11,131,Plastic,Black,Medium,Universal Fit,29986.39,Mid
29895.43,424,Rubber,Blue,Large,Custom Fit,30009.14,Mid
29897.91,18,Plastic,Blue,Medium,Universal Fit,30039.4,Mid
29970.26,276,Carbon Fiber,Black,Medium,Custom Fit,30088.49,Mid
29972.36,119,Aluminum,Silver,Medium,Universal Fit,30057.34,Mid
29991.97,371,Aluminum,Blue,Small,Custom Fit,30101.31,Mid
29980.38,422,Plastic,Silver,XL,Universal Fit,30057.21,Mid
29911.2,90,Aluminum,Blue,XL,Universal Fit,30028.58,Mid
18930.92,87,Plastic,Black,XL,Universal Fit,19011.56,Mid
18975.55,84,Carbon Fiber,Gray,Large,Universal Fit,19034.42,Mid
18947.71,303,Rubber,Black,Small,Universal Fit,18997.29,Mid
18903.15,223,Rubber,Blue,Large,Universal Fit,18987.11,Mid
18968.28,224,Aluminum,Black,Medium,Universal Fit,19059.62,Mid
18956.59,144,Steel,Silver,XL,Custom Fit,19010.7,Mid
18959.27,24,Rubber,Silver,Small,Universal Fit,19074.2,Mid
18996.43,162,Aluminum,Blue,Large,Universal Fit,19087.94,Mid
18947.99,382,Rubber,Blue,Medium,Custom Fit,19017.74,Mid
18877.83,491,Rubber,Gray,XL,Universal Fit,19051.11,Mid
18966.07,209,Aluminum,Silver,XL,Universal Fit,19053.59,Mid
18943.23,194,Rubber,Gray,Medium,Universal Fit,19047.99,Mid
19024.14,437,Steel,Black,Small,Custom Fit,19109.24,Mid
22980.37,449,Rubber,Red,Medium,Custom Fit,23051.79,Mid
22929.81,220,Plastic,Blue,Small,Custom Fit,23082.41,Mid
22902.84,137,Steel,Red,Medium,Custom Fit,23009.74,Mid
22922.51,248,Aluminum,Black,Large,Custom Fit,23069.45,Mid
22916.63,448,Aluminum,Red,Medium,Universal Fit,23086.83,Mid
22951.32,363,Steel,Silver,Small,Custom Fit,23034.66,Mid
23009.84,208,Steel,Gray,Medium,Universal Fit,23074.98,Mid
22860.88,93,Aluminum,Red,Small,Custom Fit,23026.35,Mid
22931.92,82,Rubber,Silver,XL,Custom Fit,23074.34,Mid
22966.75,483,Aluminum,Red,Medium,Universal Fit,23046.75,Mid
22880.64,63,Aluminum,Black,Medium,Custom Fit,23004.33,Mid
22949.8,400,Rubber,Silver,Medium,Custom Fit,23067.45,Mid
22914.63,484,Carbon Fiber,Black,Medium,Universal Fit,23097.69,Mid
22963.78,364,Carbon Fiber,Gray,Small,Universal Fit,23131.35,Mid
34994.44,19,Plastic,Gray,Large,Universal Fit,35060.78,Mid
34967.22,63,Steel,Black,XL,Custom Fit,35024.71,Mid
34915.44,297,Rubber,Red,Large,Custom Fit,35005.05,Mid
34890.07,476,Plastic,Blue,XL,Custom Fit,35028.42,Mid
34972.59,362,Rubber,Red,Small,Universal Fit,35081.4,Mid
34877.45,197,Rubber,Red,Large,Universal Fit,35032.03,Mid
34914.82,447,Carbon Fiber,Gray,Medium,Universal Fit,35023.03,Mid
34966.54,75,Steel,Red,Small,Custom Fit,35064.35,Mid
34981.59,393,Plastic,Silver,Small,Custom Fit,35096.55,Mid
34991.01,51,Rubber,Red,XL,Universal Fit,35064.56,Mid
34952.14,34,Plastic,Silver,XL,Custom Fit,35095.96,Mid
34942.96,415,Aluminum,Red,Medium,Universal Fit,35106.64,Mid
8946.8,73,Aluminum,Gray,Small,Universal Fit,9050.72,Low
8923.05,406,Carbon Fiber,Black,Medium,Custom Fit,9072.58,Low
8901.13,281,Aluminum,Silver,XL,Custom Fit,9028.45,Low
8939.26,242,Plastic,Red,Small,Custom Fit,9111.17,Low
8871.82,372,Steel,Red,XL,Universal Fit,8998.42,Low
8873.25,110,Aluminum,Black,Small,Universal Fit,9009.84,Low
8934.96,409,Steel,Red,Small,Custom Fit,9041.93,Low
8929.84,359,Plastic,Red,Small,Universal Fit,9048.72,Low
8915.26,311,Aluminum,Gray,Medium,Universal Fit,9010.35,Low
9017.58,329,Rubber,Blue,Medium,Custom Fit,9096.9,Low
8968.57,165,Aluminum,Red,XL,Universal Fit,9070.09,Low
8882.17,240,Plastic,Blue,Medium,Custom Fit,9060.08,Low
54905.01,403,Rubber,Blue,Small,Universal Fit,54994.51,Mid
54967.8,27,Rubber,Gray,Medium,Custom Fit,55106.99,Mid
55017.24,295,Aluminum,Red,XL,Universal Fit,55060.8,Mid
54915.36,330,Aluminum,Red,XL,Custom Fit,55051.84,Mid
54937.49,429,Plastic,Silver,Large,Universal Fit,55029.84,Mid
54997.76,185,Carbon Fiber,Gray,Medium,Universal Fit,55050.77,Mid
54948.02,347,Plastic,Black,Medium,Universal Fit,55091.01,Mid
55008.75,48,Aluminum,Red,XL,Custom Fit,55117.2,Mid
54933.68,423,Rubber,Gray,Large,Universal Fit,55090.66,Mid
54900.29,84,Aluminum,Black,Large,Universal Fit,55026.73,Mid
54900.1,406,Plastic,Gray,XL,Universal Fit,54982.66,Mid
125.92,22,Carbon Fiber,Blue,XL,Custom Fit,160.3,Low
157.53,263,Steel,Blue,Small,Universal Fit,240.65,Low
82.16,409,Aluminum,Blue,Large,Universal Fit,167.76,Low
121.14,148,Plastic,Gray,Large,Custom Fit,154.57,Low
133.69,309,Carbon Fiber,Black,XL,Custom Fit,240.53,Low
101.78,389,Aluminum,Black,Large,Universal Fit,240.03,Low
82.18,12,Rubber,Blue,Large,Custom Fit,188.74,Low
108.04,458,Plastic,Blue,Medium,Universal Fit,192.9,Low
125.05,69,Plastic,Red,XL,Custom Fit,254.61,Low
130.63,183,Steel,Gray,XL,Custom Fit,201.01,Low
101.03,447,Aluminum,Gray,XL,Custom Fit,205.65,Low
82.74,477,Plastic,Red,XL,Custom Fit,165.43,Low
61.59,165,Carbon Fiber,Blue,Small,Universal Fit,155.03,Low
117.6,413,Plastic,Gray,Small,Custom Fit,247.6,Low
116.36,162,Rubber,Red,Large,Universal Fit,200.53,Low
167.07,220,Plastic,Silver,Medium,Custom Fit,234.65,Low
131.27,143,Aluminum,Red,Large,Universal Fit,180.94,Low
125.1,116,Carbon Fiber,Silver,Medium,Universal Fit,232.9,Low
109.02,384,Plastic,Red,Large,Custom Fit,192.44,Low
116.76,437,Carbon Fiber,Black,Large,Custom Fit,243.47,Low
123.67,154,Aluminum,Silver,XL,Universal Fit,207.84,Low
1647.2,99,Steel,Silver,Small,Universal Fit,1801.36,Low
1660.1,204,Plastic,Red,XL,Custom Fit,1710.71,Low
1593.16,184,Aluminum,Red,Medium,Universal Fit,1732.84,Low
1586.23,447,Plastic,Gray,XL,Custom Fit,1718.73,Low
1613.41,240,Rubber,Black,Medium,Custom Fit,1722.12,Low
1631.48,324,Carbon Fiber,Blue,Small,Custom Fit,1734.05,Low
1637.58,301,Carbon Fiber,Red,Medium,Universal Fit,1780.16,Low
198.28,411,Plastic,Silver,Large,Universal Fit,284.05,Low
151.41,168,Rubber,Black,Large,Custom Fit,259.84,Low
210.62,155,Steel,Black,Medium,Universal Fit,293.49,Low
181.75,347,Steel,Gray,Small,Custom Fit,286.35,Low
155.78,347,Steel,Red,Medium,Universal Fit,277.71,Low
153.24,143,Rubber,Silver,Small,Custom Fit,238.81,Low
195.76,244,Aluminum,Black,Small,Custom Fit,288.7,Low
152.32,168,Carbon Fiber,Blue,Small,Universal Fit,296.18,Low
25954.32,274,Aluminum,Gray,Large,Universal Fit,25985.96,Mid
25969.49,41,Carbon Fiber,Black,Small,Universal Fit,26062.48,Mid
26010.45,231,Steel,Blue,XL,Custom Fit,26070.94,Mid
25974.17,169,Rubber,Black,Medium,Custom Fit,26052.08,Mid
25927.2,407,Plastic,Gray,XL,Custom Fit,26045.25,Mid
25903.86,393,Steel,Blue,XL,Universal Fit,26045.9,Mid
25952.76,195,Aluminum,Blue,Medium,Custom Fit,26125.56,Mid
639.64,115,Plastic,Red,XL,Universal Fit,718.67,Low
614.82,24,Rubber,Gray,Medium,Universal Fit,758.72,Low
662.31,222,Rubber,Gray,Small,Custom Fit,723.05,Low
701.19,147,Carbon Fiber,Black,Medium,Universal Fit,836.19,Low
644.46,233,Carbon Fiber,Silver,Medium,Custom Fit,720.84,Low
692.38,183,Plastic,Red,Large,Universal Fit,853.65,Low
703.95,197,Aluminum,Red,Large,Custom Fit,744.8,Low
680.89,294,Plastic,Red,XL,Custom Fit,771.69,Low
678.13,204,Rubber,Gray,Small,Universal Fit,798.8,Low
723.97,342,Plastic,Red,Medium,Custom Fit,812.96,Low
647.78,75,Aluminum,Silver,XL,Universal Fit,770.22,Low
826.99,33,Steel,Red,XL,Universal Fit,999.99,Low
836.8,427,Aluminum,Black,Small,Universal Fit,938.19,Low
805.76,448,Rubber,Red,XL,Universal Fit,903.84,Low
874.12,435,Carbon Fiber,Blue,Small,Universal Fit,943.86,Low
899.4,226,Steel,Silver,Small,Universal Fit,965.75,Low
855.32,313,Rubber,Red,XL,Custom Fit,957.7,Low
790.59,254,Plastic,Blue,Large,Universal Fit,941.96,Low
834.92,406,Aluminum,Red,Small,Custom Fit,955.66,Low
627.05,437,Carbon Fiber,Red,Large,Custom Fit,798.57,Low
582.97,44,Steel,Gray,XL,Custom Fit,718.75,Low
685.0,283,Plastic,Blue,Large,Universal Fit,832.31,Low
730.76,370,Rubber,Blue,Large,Custom Fit,809.82,Low
697.17,468,Carbon Fiber,Black,Small,Custom Fit,797.96,Low
662.84,363,Plastic,Blue,Medium,Universal Fit,722.57,Low
642.28,199,Steel,Red,Large,Universal Fit,785.49,Low
18938.07,108,Plastic,Blue,Large,Custom Fit,19054.44,Mid
18940.65,424,Plastic,Silver,Small,Universal Fit,19064.9,Mid
18856.29,340,Steel,Red,Medium,Universal Fit,19045.14,Mid
18973.87,102,Rubber,Silver,Small,Universal Fit,19087.47,Mid
18884.78,324,Carbon Fiber,Gray,Medium,Universal Fit,19018.16,Mid
18940.66,496,Aluminum,Gray,Medium,Universal Fit,19019.56,Mid
18982.18,244,Plastic,Gray,Large,Universal Fit,19090.59,Mid
18944.79,169,Steel,Silver,Medium,Custom Fit,19073.43,Mid
197.01,270,Plastic,Red,Medium,Universal Fit,278.54,Low
229.72,357,Steel,Gray,Small,Custom Fit,296.55,Low
163.32,265,Aluminum,Gray,Small,Custom Fit,306.26,Low
288.09,23,Plastic,Red,XL,Custom Fit,420.48,Low
244.01,481,Aluminum,Silver,Large,Universal Fit,346.65,Low
284.85,365,Steel,Black,XL,Custom Fit,402.73,Low
314.54,247,Plastic,Silver,Large,Custom Fit,373.05,Low
237.32,141,Carbon Fiber,Silver,Large,Custom Fit,374.73,Low
239.36,97,Steel,Black,XL,Custom Fit,416.46,Low
237.35,36,Carbon Fiber,Gray,Small,Universal Fit,394.13,Low
1012.97,110,Aluminum,Gray,Large,Custom Fit,1105.44,Low
943.03,177,Plastic,Black,Medium,Custom Fit,1008.96,Low
924.57,321,Plastic,Gray,Small,Custom Fit,1073.89,Low
943.45,24,Steel,Red,Medium,Custom Fit,973.29,Low
948.85,384,Steel,Silver,Large,Universal Fit,1044.37,Low
927.08,178,Steel,Silver,Large,Custom Fit,1000.49,Low
919.79,217,Steel,Gray,XL,Custom Fit,976.75,Low
950.42,457,Rubber,Blue,Medium,Universal Fit,1082.14,Low
942.07,484,Aluminum,Blue,XL,Custom Fit,1036.63,Low
1053.99,495,Rubber,Gray,Large,Universal Fit,1107.62,Low
993.95,131,Carbon Fiber,Red,Medium,Custom Fit,1119.74,Low
1006.9,264,Carbon Fiber,Gray,XL,Universal Fit,1117.48,Low
973.39,299,Plastic,Red,Large,Custom Fit,1052.66,Low
961.03,293,Aluminum,Silver,Medium,Custom Fit,1110.52,Low
1001.96,263,Rubber,Gray,Large,Custom Fit,1127.31,Low
1027.96,38,Aluminum,Black,Small,Universal Fit,1198.52,Low
282.69,115,Steel,Red,Large,Universal Fit,368.19,Low
315.18,114,Steel,Silver,XL,Universal Fit,346.93,Low
207.91,216,Plastic,Red,Small,Custom Fit,286.58,Low
243.83,242,Steel,Red,Medium,Universal Fit,405.45,Low
278.94,131,Carbon Fiber,Silver,Medium,Universal Fit,370.81,Low
211.25,69,Plastic,Gray,Small,Universal Fit,368.14,Low
342.47,193,Aluminum,Red,XL,Universal Fit,380.97,Low
204.97,204,Carbon Fiber,Silver,Medium,Custom Fit,353.54,Low
239.02,74,Steel,Red,Small,Custom Fit,303.53,Low
253.31,389,Aluminum,Red,Small,Custom Fit,326.16,Low
255.74,350,Aluminum,Silver,XL,Universal Fit,405.34,Low
219.3,294,Aluminum,Gray,Large,Universal Fit,332.3,Low
229.73,52,Carbon Fiber,Blue,XL,Universal Fit,396.3,Low
249.63,188,Steel,Silver,XL,Universal Fit,377.33,Low
238.94,365,Carbon Fiber,Blue,Large,Custom Fit,418.12,Low
237.85,93,Carbon Fiber,Blue,Medium,Universal Fit,371.49,Low
261.14,214,Steel,Gray,Small,Universal Fit,389.41,Low
289.32,470,Aluminum,Blue,Small,Universal Fit,357.95,Low
263.61,488,Rubber,Red,XL,Universal Fit,320.2,Low
247.31,144,Plastic,Silver,Large,Universal Fit,422.12,Low
211.11,265,Carbon Fiber,Red,XL,Custom Fit,325.83,Low
208.74,217,Plastic,Gray,XL,Custom Fit,375.45,Low
228.44,296,Plastic,Black,XL,Universal Fit,404.14,Low
266.21,472,Aluminum,Red,Small,Custom Fit,343.07,Low
265.11,180,Steel,Gray,Small,Universal Fit,365.41,Low
359.66,384,Carbon Fiber,Blue,Medium,Universal Fit,456.53,Low
326.73,214,Plastic,Silver,Medium,Custom Fit,448.64,Low
389.0,233,Carbon Fiber,Silver,XL,Universal Fit,480.97,Low
344.17,52,Rubber,Gray,Large,Universal Fit,494.01,Low
399.88,119,Aluminum,Gray,Medium,Universal Fit,488.73,Low
365.07,309,Steel,Gray,Medium,Universal Fit,484.59,Low
403.22,154,Carbon Fiber,Silver,Large,Universal Fit,536.25,Low
381.89,256,Aluminum,Silver,Medium,Universal Fit,484.6,Low
409.27,317,Aluminum,Gray,XL,Universal Fit,517.7,Low
306.94,295,Aluminum,Blue,Small,Custom Fit,430.15,Low
364.43,285,Rubber,Red,Medium,Custom Fit,433.25,Low
392.8,183,Aluminum,Black,Medium,Custom Fit,453.77,Low
372.36,424,Carbon Fiber,Black,Medium,Universal Fit,506.41,Low
25945.97,432,Carbon Fiber,Gray,Medium,Custom Fit,26100.36,Mid
25858.95,138,Rubber,Silver,Medium,Universal Fit,25986.01,Mid
25932.65,274,Rubber,Silver,Large,Universal Fit,25996.36,Mid
25939.58,261,Plastic,Silver,XL,Universal Fit,26058.39,Mid
25935.53,351,Aluminum,Red,Large,Custom Fit,26049.35,Mid
14957.31,288,Aluminum,Silver,Large,Universal Fit,15083.6,Low
14994.06,459,Plastic,Blue,Small,Custom Fit,15029.49,Low
14894.54,403,Aluminum,Gray,Large,Custom Fit,15024.61,Low
14982.27,442,Steel,Black,Medium,Universal Fit,15018.58,Low
14892.85,11,Steel,Red,Medium,Custom Fit,15005.39,Low
22894.5,488,Rubber,Red,Medium,Custom Fit,23088.38,Mid
22922.1,161,Aluminum,Red,Medium,Universal Fit,23048.2,Mid
22934.65,157,Rubber,Red,Large,Custom Fit,23040.73,Mid
22930.44,321,Rubber,Gray,XL,Custom Fit,23105.4,Mid
22867.31,283,Plastic,Blue,Small,Custom Fit,23031.68,Mid
22870.41,431,Carbon Fiber,Blue,Small,Universal Fit,23046.31,Mid
22894.54,410,Rubber,Blue,XL,Custom Fit,22979.43,Mid
28918.68,405,Plastic,Silver,Small,Universal Fit,29040.26,Mid
28985.41,207,Rubber,Black,Small,Custom Fit,29129.2,Mid
28976.0,361,Carbon Fiber,Blue,Large,Custom Fit,29019.81,Mid
28930.81,80,Steel,Black,Large,Universal Fit,28977.85,Mid
28935.91,91,Steel,Silver,Small,Custom Fit,29068.88,Mid
28971.56,142,Aluminum,Red,Large,Custom Fit,29077.81,Mid
28949.39,361,Rubber,Black,Medium,Universal Fit,29137.19,Mid
28895.12,86,Steel,Red,Small,Universal Fit,29024.84,Mid
28954.26,292,Plastic,Silver,Small,Custom Fit,29023.46,Mid
28916.68,32,Rubber,Red,Large,Universal Fit,29050.72,Mid
28941.29,157,Aluminum,Blue,Medium,Custom Fit,29111.99,Mid
28977.69,441,Carbon Fiber,Gray,XL,Universal Fit,29085.9,Mid
163.51,442,Rubber,Silver,XL,Universal Fit,291.51,Low
211.67,64,Plastic,Silver,Medium,Custom Fit,302.08,Low
192.18,319,Carbon Fiber,Black,Small,Custom Fit,362.77,Low
305.23,287,Carbon Fiber,Silver,Large,Custom Fit,391.14,Low
309.98,369,Aluminum,Silver,Small,Custom Fit,419.45,Low
238.74,458,Rubber,Silver,Large,Custom Fit,353.85,Low
201.2,485,Aluminum,Gray,XL,Custom Fit,353.57,Low
284.94,228,Carbon Fiber,Red,Small,Custom Fit,414.61,Low
250.65,454,Steel,Black,Medium,Custom Fit,387.07,Low
253.31,352,Carbon Fiber,Silver,XL,Custom Fit,360.45,Low
641.18,393,Steel,Gray,Large,Universal Fit,804.34,Low
646.26,166,Carbon Fiber,Gray,Small,Universal Fit,742.74,Low
593.72,397,Steel,Black,Medium,Universal Fit,720.7,Low
690.62,294,Plastic,Black,Medium,Universal Fit,749.33,Low
661.97,224,Plastic,Black,XL,Universal Fit,767.87,Low
643.99,346,Plastic,Silver,XL,Custom Fit,782.39,Low
656.44,63,Aluminum,Blue,XL,Universal Fit,709.48,Low
679.22,258,Aluminum,Black,Large,Universal Fit,721.57,Low
618.9,31,Plastic,Blue,Large,Universal Fit,721.29,Low
643.01,233,Steel,Blue,Small,Universal Fit,771.5,Low
620.65,342,Carbon Fiber,Blue,Small,Custom Fit,700.51,Low
536.46,367,Plastic,Silver,XL,Custom Fit,665.37,Low
564.45,390,Steel,Blue,Large,Custom Fit,701.16,Low
654.03,237,Steel,Blue,XL,Custom Fit,728.0,Low
699.51,383,Rubber,Red,XL,Universal Fit,761.13,Low
656.62,210,Carbon Fiber,Gray,Small,Custom Fit,804.23,Low
603.99,162,Aluminum,Silver,Large,Custom Fit,724.19,Low
589.82,356,Steel,Silver,Large,Universal Fit,671.71,Low
347.4,283,Plastic,Gray,XL,Universal Fit,453.38,Low
333.96,191,Aluminum,Silver,XL,Custom Fit,493.8,Low
398.63,375,Aluminum,Silver,Large,Custom Fit,450.65,Low
313.32,379,Rubber,Silver,Large,Custom Fit,443.83,Low
316.82,307,Aluminum,Red,Large,Custom Fit,430.64,Low
186.87,250,Aluminum,Black,Large,Universal Fit,325.79,Low
217.82,283,Plastic,Black,Small,Universal Fit,308.02,Low
158.69,422,Plastic,Gray,Large,Custom Fit,315.09,Low
201.89,234,Plastic,Gray,XL,Custom Fit,323.08,Low
186.89,101,Steel,Black,Large,Custom Fit,250.95,Low
154.13,178,Steel,Red,Medium,Custom Fit,273.77,Low
184.7,290,Rubber,Gray,Medium,Universal Fit,319.59,Low
82.76,465,Plastic,Gray,XL,Universal Fit,203.41,Low
76.56,483,Aluminum,Blue,XL,Custom Fit,239.14,Low
80.3,27,Plastic,Silver,Medium,Custom Fit,165.47,Low
85.06,480,Aluminum,Blue,Medium,Universal Fit,164.09,Low
122.68,276,Aluminum,Red,XL,Universal Fit,221.5,Low
159.42,381,Steel,Red,Small,Universal Fit,215.84,Low
103.97,389,Plastic,Silver,XL,Universal Fit,221.76,Low
211.74,47,Steel,Blue,XL,Universal Fit,324.69,Low
231.17,160,Plastic,Gray,Large,Universal Fit,366.32,Low
237.47,189,Carbon Fiber,Red,Small,Custom Fit,337.47,Low
246.29,379,Aluminum,Gray,Small,Universal Fit,316.47,Low
297.28,313,Carbon Fiber,Silver,Large,Custom Fit,419.9,Low
203.95,361,Steel,Silver,Large,Custom Fit,318.58,Low
227.6,64,Rubber,Gray,Small,Universal Fit,352.52,Low
93.64,499,Steel,Black,XL,Universal Fit,191.47,Low
89.59,395,Steel,Red,Large,Custom Fit,197.17,Low
140.57,431,Rubber,Gray,Large,Universal Fit,206.0,Low
51.25,477,Steel,Red,Large,Universal Fit,198.38,Low
111.31,227,Carbon Fiber,Red,XL,Custom Fit,263.69,Low
157.67,256,Carbon Fiber,Silver,Small,Custom Fit,259.16,Low
758.39,438,Plastic,Gray,Large,Custom Fit,852.77,Low
747.7,273,Plastic,Black,Small,Universal Fit,921.11,Low
746.25,206,Steel,Blue,Large,Universal Fit,810.2,Low
707.22,45,Steel,Blue,XL,Universal Fit,840.31,Low
811.88,387,Rubber,Black,XL,Custom Fit,882.78,Low
744.05,132,Aluminum,Gray,Small,Universal Fit,882.78,Low
713.36,373,Rubber,Red,Large,Universal Fit,826.38,Low
727.3,187,Rubber,Silver,Medium,Universal Fit,842.7,Low
734.07,187,Plastic,Gray,Large,Custom Fit,889.04,Low
731.94,162,Plastic,Blue,Small,Universal Fit,877.82,Low
732.25,241,Aluminum,Black,Large,Universal Fit,857.03,Low
840.57,166,Carbon Fiber,Silver,Large,Custom Fit,902.97,Low
796.97,213,Steel,Red,Medium,Universal Fit,883.16,Low
186.76,372,Carbon Fiber,Gray,XL,Custom Fit,317.89,Low
153.63,447,Aluminum,Silver,Small,Custom Fit,298.72,Low
194.69,201,Rubber,Red,XL,Universal Fit,340.51,Low
176.38,191,Plastic,Silver,Large,Universal Fit,307.76,Low
199.83,340,Rubber,Red,XL,Universal Fit,361.6,Low
182.53,456,Plastic,Red,Medium,Universal Fit,266.07,Low
205.75,387,Rubber,Blue,XL,Custom Fit,302.67,Low
202.45,31,Aluminum,Black,Medium,Custom Fit,356.7,Low
203.0,109,Steel,Silver,Small,Universal Fit,312.65,Low
212.71,481,Plastic,Silver,Medium,Custom Fit,295.49,Low
187.31,299,Rubber,Black,Medium,Custom Fit,308.33,Low
216.43,196,Steel,Gray,Small,Universal Fit,271.69,Low
248.58,287,Steel,Black,XL,Universal Fit,377.93,Low
218.77,25,Steel,Blue,Small,Custom Fit,386.47,Low
174.31,457,Carbon Fiber,Black,Medium,Universal Fit,347.46,Low
200.53,231,Plastic,Gray,Large,Universal Fit,337.32,Low
1614.19,188,Rubber,Gray,Large,Universal Fit,1698.66,Low
1638.96,384,Rubber,Gray,Large,Universal Fit,1767.83,Low
1649.59,276,Carbon Fiber,Gray,XL,Custom Fit,1817.61,Low
1618.34,42,Aluminum,Black,Medium,Universal Fit,1714.37,Low
1657.13,317,Rubber,Blue,Large,Custom Fit,1700.66,Low
1582.51,274,Rubber,Silver,XL,Custom Fit,1746.58,Low
1588.11,233,Aluminum,Blue,Medium,Custom Fit,1690.62,Low
163.56,101,Steel,Silver,Medium,Universal Fit,269.1,Low
270.33,162,Carbon Fiber,Red,XL,Universal Fit,376.33,Low
267.72,250,Plastic,Gray,XL,Universal Fit,350.36,Low
184.36,308,Carbon Fiber,Gray,Medium,Universal Fit,350.29,Low
227.9,362,Plastic,Silver,Medium,Custom Fit,350.14,Low
214.38,258,Plastic,Black,Small,Universal Fit,271.9,Low
210.29,71,Aluminum,Gray,Small,Custom Fit,357.37,Low
227.83,466,Plastic,Blue,XL,Universal Fit,349.87,Low
163.24,95,Steel,Silver,Medium,Universal Fit,291.9,Low
227.13,22,Steel,Black,Medium,Custom Fit,253.34,Low
202.35,343,Rubber,Gray,XL,Custom Fit,341.82,Low
215.93,493,Rubber,Silver,Large,Custom Fit,288.95,Low
125.62,484,Aluminum,Red,XL,Universal Fit,294.83,Low
166.51,354,Steel,Gray,Small,Custom Fit,287.97,Low
222.56,249,Steel,Silver,XL,Universal Fit,389.73,Low
203.3,458,Carbon Fiber,Blue,Large,Universal Fit,341.37,Low
240.72,377,Steel,Red,XL,Custom Fit,318.94,Low
260.14,387,Rubber,Black,Small,Universal Fit,367.32,Low
220.57,143,Steel,Red,XL,Universal Fit,286.13,Low
223.0,455,Carbon Fiber,Red,XL,Universal Fit,348.65,Low
173.5,28,Rubber,Red,XL,Universal Fit,247.54,Low
176.51,318,Rubber,Black,Large,Custom Fit,296.44,Low
131.9,339,Plastic,Black,Large,Universal Fit,294.75,Low
181.73,222,Carbon Fiber,Black,Large,Universal Fit,323.18,Low
182.17,112,Carbon Fiber,Gray,Medium,Custom Fit,288.14,Low
295.53,114,Rubber,Blue,Small,Custom Fit,391.85,Low
172.02,48,Aluminum,Silver,Medium,Universal Fit,274.05,Low
236.57,327,Aluminum,Gray,XL,Custom Fit,317.21,Low
187.32,495,Steel,Black,Large,Custom Fit,315.91,Low
205.62,129,Carbon Fiber,Gray,Medium,Universal Fit,268.25,Low
294.74,20,Carbon Fiber,Gray,XL,Custom Fit,398.77,Low
252.12,32,Aluminum,Blue,Small,Custom Fit,313.36,Low
209.35,485,Rubber,Gray,Medium,Universal Fit,299.38,Low
204.18,481,Aluminum,Black,Medium,Universal Fit,260.15,Low
262.97,323,Rubber,Red,Medium,Universal Fit,327.29,Low
172.14,115,Steel,Blue,XL,Universal Fit,262.07,Low
152.21,337,Aluminum,Gray,Small,Universal Fit,299.52,Low
171.81,203,Aluminum,Blue,Medium,Custom Fit,238.52,Low
184.05,213,Rubber,Gray,Medium,Custom Fit,261.75,Low
278.94,442,Carbon Fiber,Black,Small,Custom Fit,346.8,Low
200.52,244,Plastic,Blue,XL,Universal Fit,298.79,Low
179.1,137,Carbon Fiber,Black,Small,Universal Fit,317.55,Low
230.68,490,Carbon Fiber,Red,Small,Custom Fit,356.07,Low
944.93,140,Plastic,Black,Large,Universal Fit,1025.31,Low
874.14,30,Plastic,Black,XL,Custom Fit,1002.64,Low
952.91,21,Rubber,Gray,Medium,Universal Fit,1085.76,Low
1016.97,373,Aluminum,Blue,XL,Universal Fit,1088.5,Low
884.33,71,Plastic,Gray,Small,Custom Fit,1014.91,Low
950.28,170,Carbon Fiber,Black,Large,Universal Fit,1075.59,Low
993.26,323,Carbon Fiber,Red,Small,Universal Fit,1088.91,Low
46921.47,301,Steel,Silver,Large,Custom Fit,47082.99,Mid
46948.95,121,Carbon Fiber,Silver,Medium,Custom Fit,47068.55,Mid
46972.62,472,Plastic,Gray,XL,Universal Fit,47125.36,Mid
46963.75,418,Aluminum,Blue,XL,Custom Fit,47125.07,Mid
46938.11,28,Rubber,Silver,Medium,Custom Fit,46980.12,Mid
46904.8,270,Carbon Fiber,Silver,Small,Universal Fit,47016.89,Mid
75952.37,396,Plastic,Silver,Small,Custom Fit,76110.42,Mid
75885.65,333,Aluminum,Red,XL,Custom Fit,76036.82,Mid
75923.06,409,Carbon Fiber,Red,Medium,Universal Fit,76065.69,Mid
76016.23,47,Rubber,Blue,Large,Universal Fit,76112.68,Mid
75870.39,348,Plastic,Blue,Small,Universal Fit,75998.53,Mid
75968.38,496,Aluminum,Red,Small,Universal Fit,76094.57,Mid
76013.51,464,Aluminum,Black,Medium,Universal Fit,76085.38,Mid
75965.28,119,Carbon Fiber,Black,Medium,Custom Fit,76113.7,Mid
75871.31,133,Carbon Fiber,Silver,Small,Universal Fit,76047.48,Mid
75914.44,248,Carbon Fiber,Silver,Small,Custom Fit,76050.3,Mid
75926.99,410,Aluminum,Blue,Small,Custom Fit,76008.86,Mid
75963.36,491,Aluminum,Silver,XL,Universal Fit,76010.96,Mid
75969.09,18,Carbon Fiber,Gray,Small,Custom Fit,76056.49,Mid
75942.16,470,Carbon Fiber,Black,XL,Custom Fit,75966.13,Mid
660.79,92,Carbon Fiber,Red,XL,Universal Fit,736.24,Low
721.52,18,Plastic,Blue,Small,Custom Fit,778.25,Low
731.2,146,Plastic,Black,XL,Universal Fit,839.64,Low
668.52,426,Plastic,Silver,XL,Universal Fit,781.36,Low
209.79,99,Carbon Fiber,Blue,Medium,Universal Fit,336.16,Low
214.38,89,Plastic,Red,Medium,Universal Fit,361.54,Low
261.27,269,Carbon Fiber,Black,XL,Universal Fit,336.16,Low
182.34,288,Carbon Fiber,Black,XL,Universal Fit,298.64,Low
419.84,35,Rubber,Gray,Small,Universal Fit,496.22,Low
472.38,103,Plastic,Gray,Medium,Custom Fit,561.44,Low
438.43,81,Carbon Fiber,Silver,Medium,Custom Fit,486.6,Low
448.65,106,Carbon Fiber,Red,Large,Custom Fit,526.65,Low
408.35,103,Carbon Fiber,Silver,Small,Custom Fit,536.19,Low
137.83,284,Rubber,Gray,Large,Universal Fit,286.37,Low
225.85,328,Carbon Fiber,Gray,Medium,Universal Fit,389.83,Low
284.34,245,Carbon Fiber,Black,Medium,Custom Fit,345.12,Low
212.38,49,Rubber,Black,Small,Universal Fit,356.81,Low
248.8,267,Plastic,Blue,Large,Universal Fit,376.54,Low
218.85,199,Aluminum,Red,Large,Universal Fit,376.75,Low
178.19,315,Steel,Silver,Medium,Custom Fit,270.21,Low
139.63,423,Steel,Gray,XL,Custom Fit,266.11,Low
297.71,407,Aluminum,Red,XL,Universal Fit,389.01,Low
1527.13,171,Aluminum,Silver,Small,Custom Fit,1642.31,Low
1540.4,417,Rubber,Black,Medium,Universal Fit,1590.51,Low
1519.01,10,Aluminum,Gray,XL,Custom Fit,1565.65,Low
1535.93,230,Carbon Fiber,Black,Medium,Custom Fit,1637.96,Low
1593.06,333,Carbon Fiber,Blue,Small,Universal Fit,1646.92,Low
1523.72,171,Plastic,Silver,XL,Universal Fit,1675.62,Low
1498.91,397,Rubber,Red,Large,Universal Fit,1658.64,Low
1536.03,327,Rubber,Black,XL,Custom Fit,1618.92,Low
1937.4,460,Aluminum,Gray,Large,Custom Fit,2020.56,Low
1922.83,433,Steel,Black,Small,Custom Fit,2029.86,Low
1881.23,7,Carbon Fiber,Red,XL,Universal Fit,1978.24,Low
1896.81,399,Aluminum,Gray,Large,Custom Fit,1984.25,Low
1931.84,226,Aluminum,Black,XL,Custom Fit,2076.32,Low
2052.73,390,Carbon Fiber,Black,XL,Custom Fit,2120.71,Low
2080.3,429,Aluminum,Black,Medium,Custom Fit,2104.25,Low
1996.56,200,Carbon Fiber,Gray,Large,Universal Fit,2178.5,Low
1994.41,100,Plastic,Blue,Small,Universal Fit,2060.4,Low
1993.04,102,Aluminum,Gray,XL,Custom Fit,2151.04,Low
2007.11,304,Carbon Fiber,Red,Small,Custom Fit,2169.61,Low
29998.67,158,Aluminum,Black,Large,Custom Fit,30055.79,Mid
29943.0,407,Carbon Fiber,Blue,XL,Universal Fit,30098.67,Mid
29913.75,289,Rubber,Blue,XL,Universal Fit,30072.4,Mid
30009.24,390,Plastic,Red,XL,Custom Fit,30060.48,Mid
29881.48,145,Aluminum,Black,Medium,Custom Fit,30067.08,Mid
13937.62,112,Steel,Red,XL,Universal Fit,14077.72,Low
13889.05,442,Rubber,Silver,XL,Custom Fit,13997.51,Low
13942.79,56,Steel,Red,Large,Universal Fit,14098.67,Low
13914.34,460,Carbon Fiber,Blue,Medium,Custom Fit,14085.67,Low
29919.15,384,Carbon Fiber,Silver,XL,Universal Fit,30039.44,Mid
30011.28,296,Aluminum,Gray,XL,Custom Fit,30140.96,Mid
29890.48,330,Rubber,Red,Small,Custom Fit,30061.36,Mid
29910.77,64,Carbon Fiber,Silver,Small,Universal Fit,30076.69,Mid
29965.64,467,Aluminum,Blue,XL,Custom Fit,30061.54,Mid
11920.63,378,Plastic,Gray,Small,Universal Fit,12053.94,Low
11898.13,99,Rubber,Black,Small,Universal Fit,12001.27,Low
11922.05,283,Carbon Fiber,Silver,Small,Universal Fit,12042.0,Low
11947.39,412,Aluminum,Black,XL,Custom Fit,12131.24,Low
11881.31,69,Aluminum,Red,Small,Custom Fit,11994.53,Low
25950.86,441,Carbon Fiber,Gray,Medium,Custom Fit,26109.61,Mid
25981.6,150,Steel,Blue,Large,Custom Fit,26077.45,Mid
25905.08,423,Steel,Gray,Medium,Universal Fit,25979.26,Mid
16985.04,101,Carbon Fiber,Blue,Medium,Universal Fit,17068.56,Mid
16980.08,315,Steel,Black,Large,Universal Fit,17086.66,Mid
16918.54,300,Plastic,Blue,Large,Custom Fit,17071.75,Mid
17976.57,81,Rubber,Black,XL,Universal Fit,18118.63,Mid
17976.58,402,Steel,Silver,Small,Custom Fit,18013.63,Mid
17949.95,39,Rubber,Black,Small,Custom Fit,18077.85,Mid
17003.31,171,Plastic,Blue,XL,Custom Fit,17109.31,Mid
16905.3,315,Steel,Silver,Medium,Universal Fit,17074.91,Mid
16998.05,183,Rubber,Black,Large,Universal Fit,17105.36,Mid
29962.29,8,Aluminum,Gray,XL,Custom Fit,30066.12,Mid
29980.75,347,Rubber,Silver,Small,Custom Fit,30136.7,Mid
29966.14,109,Aluminum,Blue,Large,Universal Fit,30070.5,Mid
29886.59,370,Aluminum,Black,Small,Custom Fit,30028.77,Mid
282.42,290,Carbon Fiber,Black,Large,Universal Fit,316.66,Low
332.07,399,Plastic,Blue,Large,Universal Fit,407.82,Low
279.31,249,Carbon Fiber,Blue,Large,Custom Fit,414.95,Low
246.66,426,Aluminum,Gray,Medium,Universal Fit,347.45,Low
259.32,395,Plastic,Silver,Small,Custom Fit,396.69,Low
183.17,247,Aluminum,Red,Large,Custom Fit,308.57,Low
235.75,114,Carbon Fiber,Black,Small,Universal Fit,378.99,Low
232.78,122,Steel,Gray,Medium,Universal Fit,317.89,Low
322.53,201,Plastic,Silver,Small,Universal Fit,412.22,Low
301.51,250,Plastic,Red,Small,Custom Fit,370.47,Low
1180.12,81,Plastic,Gray,Medium,Custom Fit,1255.46,Low
73.73,263,Rubber,Silver,Large,Universal Fit,236.13,Low
16.75,364,Aluminum,Silver,Medium,Universal Fit,177.37,Low
117.77,11,Aluminum,Black,Large,Custom Fit,237.49,Low
179.42,126,Rubber,Red,Small,Custom Fit,206.83,Low
3127.29,245,Steel,Blue,XL,Universal Fit,3195.32,Low
3015.56,319,Plastic,Gray,Small,Custom Fit,3166.83,Low
3115.3,315,Carbon Fiber,Silver,XL,Universal Fit,3264.75,Low
3131.76,6,Carbon Fiber,Silver,Large,Custom Fit,3241.88,Low
3044.63,201,Rubber,Black,Medium,Custom Fit,3179.99,Low
34.3,67,Steel,Black,Large,Universal Fit,125.7,Low
68.09,30,Aluminum,Silver,Small,Custom Fit,184.13,Low
103.47,367,Plastic,Red,Small,Universal Fit,206.76,Low
127.58,380,Plastic,Black,XL,Universal Fit,192.81,Low
73.51,457,Rubber,Black,Medium,Universal Fit,157.59,Low
122.03,381,Aluminum,Gray,Medium,Universal Fit,214.02,Low
20.0,278,Plastic,Black,XL,Custom Fit,141.02,Low
34.38,491,Rubber,Black,Small,Universal Fit,113.47,Low
19.52,441,Steel,Black,Small,Custom Fit,132.96,Low
29.11,350,Aluminum,Gray,XL,Universal Fit,146.0,Low
16.36,392,Rubber,Gray,Medium,Universal Fit,106.26,Low
40.41,186,Steel,Gray,Medium,Universal Fit,78.28,Low
5.61,415,Steel,Gray,XL,Custom Fit,67.98,Low
29.6,132,Steel,Silver,XL,Universal Fit,132.19,Low
16.8,431,Carbon Fiber,Blue,XL,Custom Fit,171.72,Low
21987.4,207,Carbon Fiber,Red,XL,Universal Fit,22097.82,Mid
22005.19,462,Rubber,Red,Small,Custom Fit,22072.48,Mid
21925.37,457,Plastic,Gray,XL,Universal Fit,22018.14,Mid
21973.68,421,Aluminum,Black,XL,Custom Fit,22074.11,Mid
22017.62,39,Steel,Gray,XL,Custom Fit,22130.09,Mid
22034.9,304,Aluminum,Gray,Large,Custom Fit,22108.84,Mid
21941.86,403,Plastic,Silver,Small,Custom Fit,22009.28,Mid
21943.02,183,Aluminum,Red,Small,Universal Fit,21989.57,Mid
21931.25,210,Aluminum,Silver,Large,Custom Fit,22042.86,Mid
21931.51,422,Carbon Fiber,Black,XL,Custom Fit,22079.59,Mid
24937.36,438,Steel,Black,Medium,Universal Fit,25014.44,Mid
24884.5,360,Carbon Fiber,Silver,Large,Universal Fit,25052.22,Mid
24928.14,113,Plastic,Red,Medium,Custom Fit,25066.99,Mid
24918.98,315,Steel,Silver,Medium,Universal Fit,24988.05,Mid
21038.84,219,Carbon Fiber,Gray,Medium,Universal Fit,21148.95,Mid
20974.57,320,Steel,Black,Large,Custom Fit,21030.99,Mid
20992.58,386,Steel,Blue,Large,Custom Fit,21106.02,Mid
20963.49,81,Steel,Black,Medium,Universal Fit,20997.3,Mid
20968.09,1,Aluminum,Gray,Large,Custom Fit,21012.94,Mid
23898.16,436,Carbon Fiber,Blue,Large,Custom Fit,24057.43,Mid
23924.65,293,Steel,Blue,Medium,Custom Fit,24082.24,Mid
24000.13,31,Aluminum,Red,Small,Universal Fit,24043.8,Mid
23898.87,273,Steel,Gray,XL,Custom Fit,24029.76,Mid
23963.34,478,Rubber,Silver,Medium,Universal Fit,24063.97,Mid
26893.88,452,Aluminum,Black,Small,Universal Fit,27073.73,Mid
26966.08,163,Steel,Silver,XL,Universal Fit,27098.63,Mid
26979.29,180,Rubber,Red,XL,Custom Fit,27128.35,Mid
26968.52,85,Aluminum,Blue,Small,Custom Fit,27025.74,Mid
26982.27,390,Plastic,Silver,Medium,Custom Fit,27074.39,Mid
64.14,393,Aluminum,Gray,XL,Universal Fit,180.5,Low
94.49,302,Rubber,Red,XL,Custom Fit,168.05,Low
29.56,331,Rubber,Silver,Small,Universal Fit,158.39,Low
30.51,185,Aluminum,Red,Small,Custom Fit,130.94,Low
23889.25,257,Plastic,Red,Large,Custom Fit,24002.1,Mid
23944.52,80,Steel,Silver,Medium,Custom Fit,24031.97,Mid
23920.92,135,Rubber,Red,Small,Custom Fit,24041.55,Mid
23991.06,259,Carbon Fiber,Red,XL,Universal Fit,24060.32,Mid
23987.53,417,Rubber,Black,Medium,Universal Fit,24020.9,Mid
23927.08,112,Carbon Fiber,Gray,Large,Custom Fit,24065.08,Mid
529.69,360,Plastic,Silver,XL,Custom Fit,637.71,Low
619.66,187,Aluminum,Red,Medium,Universal Fit,736.94,Low
316.86,478,Carbon Fiber,Blue,Medium,Universal Fit,430.42,Low
581.67,269,Steel,Gray,Medium,Universal Fit,676.7,Low
518.51,350,Plastic,Red,Large,Custom Fit,647.73,Low
481.92,359,Aluminum,Red,Large,Universal Fit,660.43,Low
497.22,381,Plastic,Blue,Small,Custom Fit,632.55,Low
486.97,70,Aluminum,Black,Large,Custom Fit,597.72,Low
538.06,397,Rubber,Gray,Medium,Universal Fit,581.71,Low
512.34,97,Steel,Black,Small,Universal Fit,583.49,Low
556.52,229,Steel,Silver,XL,Custom Fit,684.24,Low
418.62,293,Steel,Blue,Medium,Custom Fit,539.63,Low
448.4,486,Carbon Fiber,Silver,Large,Universal Fit,585.99,Low
459.57,324,Plastic,Silver,Large,Custom Fit,584.18,Low
687.68,341,Rubber,Red,Small,Custom Fit,797.02,Low
603.54,382,Plastic,Gray,Medium,Universal Fit,657.76,Low
595.74,442,Rubber,Red,XL,Custom Fit,755.27,Low
499.46,41,Rubber,Blue,XL,Universal Fit,587.69,Low
464.34,85,Rubber,Blue,Medium,Custom Fit,526.69,Low
499.84,396,Carbon Fiber,Black,XL,Universal Fit,586.88,Low
467.2,238,Carbon Fiber,Silver,Small,Custom Fit,549.73,Low
387.23,86,Carbon Fiber,Black,XL,Universal Fit,529.32,Low
401.28,204,Plastic,Blue,Large,Custom Fit,568.67,Low
627.36,271,Steel,Red,Large,Universal Fit,677.38,Low
627.11,267,Aluminum,Black,Large,Custom Fit,701.09,Low
483.18,326,Steel,Blue,Small,Universal Fit,649.08,Low
315.4,25,Carbon Fiber,Black,Medium,Universal Fit,496.63,Low
373.34,212,Plastic,Red,XL,Universal Fit,454.66,Low
393.93,230,Plastic,Red,Medium,Universal Fit,477.18,Low
592.85,425,Steel,Gray,XL,Custom Fit,691.78,Low
603.37,206,Plastic,Silver,Medium,Universal Fit,688.59,Low
516.38,148,Plastic,Silver,Small,Universal Fit,670.23,Low
606.05,237,Steel,Black,XL,Universal Fit,705.19,Low
471.45,150,Rubber,Red,Large,Universal Fit,618.61,Low
495.98,308,Steel,Blue,XL,Universal Fit,654.63,Low
486.18,258,Aluminum,Silver,XL,Custom Fit,630.64,Low
1605.32,99,Rubber,Gray,Medium,Custom Fit,1705.16,Low
1607.32,52,Aluminum,Silver,XL,Custom Fit,1713.4,Low
1602.78,426,Rubber,Red,Small,Custom Fit,1695.9,Low
1650.54,14,Rubber,Black,Medium,Custom Fit,1719.1,Low
1684.79,185,Aluminum,Red,XL,Custom Fit,1783.76,Low
1605.27,148,Aluminum,Black,XL,Custom Fit,1763.19,Low
1643.33,350,Steel,Blue,Medium,Custom Fit,1690.78,Low
1629.14,63,Carbon Fiber,Blue,Large,Custom Fit,1720.79,Low
1664.98,452,Aluminum,Red,Large,Universal Fit,1757.5,Low
1648.0,2,Aluminum,Black,Medium,Custom Fit,1721.15,Low
1622.15,41,Aluminum,Blue,Small,Custom Fit,1684.04,Low
1642.04,326,Aluminum,Gray,Medium,Universal Fit,1732.88,Low
1454.2,199,Rubber,Gray,XL,Custom Fit,1580.95,Low
1534.64,9,Aluminum,Silver,Large,Custom Fit,1609.82,Low
1470.59,423,Rubber,Red,XL,Custom Fit,1620.69,Low
1487.34,122,Rubber,Gray,Small,Universal Fit,1597.45,Low
1515.56,338,Aluminum,Black,XL,Custom Fit,1648.26,Low
1491.5,271,Steel,Gray,Large,Universal Fit,1619.54,Low
1526.32,29,Carbon Fiber,Gray,Large,Universal Fit,1619.67,Low
1541.36,489,Rubber,Silver,Medium,Custom Fit,1581.81,Low
1512.81,177,Aluminum,Blue,Small,Custom Fit,1669.32,Low
1543.32,46,Steel,Gray,Medium,Universal Fit,1598.88,Low
1557.06,31,Aluminum,Silver,Large,Custom Fit,1655.79,Low
1561.68,468,Aluminum,Gray,Medium,Universal Fit,1596.73,Low
1494.4,85,Rubber,Blue,XL,Universal Fit,1615.28,Low
159.92,170,Steel,Silver,XL,Universal Fit,253.82,Low
199.68,409,Rubber,Silver,XL,Custom Fit,288.14,Low
228.68,291,Aluminum,Red,Medium,Custom Fit,369.5,Low
259.63,100,Carbon Fiber,Blue,XL,Custom Fit,330.05,Low
182.53,396,Plastic,Silver,XL,Custom Fit,259.28,Low
70.75,416,Plastic,Gray,Small,Universal Fit,168.69,Low
61.73,194,Carbon Fiber,Blue,Medium,Custom Fit,234.45,Low
126.01,358,Rubber,Black,Small,Universal Fit,302.85,Low
128.38,82,Plastic,Silver,Large,Custom Fit,247.09,Low
92.09,180,Steel,Black,Medium,Universal Fit,245.53,Low
180.69,271,Rubber,Red,Large,Universal Fit,212.81,Low
30.75,280,Steel,Blue,XL,Custom Fit,150.2,Low
114.04,402,Aluminum,Gray,Large,Universal Fit,222.6,Low
51.37,434,Aluminum,Black,Small,Custom Fit,150.18,Low
52.43,1,Steel,Silver,Small,Custom Fit,168.06,Low
5.09,319,Carbon Fiber,Silver,Small,Universal Fit,132.05,Low
126.32,285,Steel,Red,Small,Universal Fit,235.62,Low
30.41,286,Aluminum,Blue,Small,Custom Fit,178.38,Low
75.73,73,Steel,Black,Small,Universal Fit,203.77,Low
105.23,75,Aluminum,Red,XL,Custom Fit,187.94,Low
77.82,346,Steel,Black,Medium,Custom Fit,204.48,Low
130.28,414,Rubber,Silver,Small,Universal Fit,174.8,Low
77.74,180,Steel,Blue,Small,Custom Fit,201.32,Low
50.78,332,Carbon Fiber,Gray,Medium,Custom Fit,155.45,Low
122.73,260,Rubber,Red,Medium,Custom Fit,154.82,Low
101.99,220,Carbon Fiber,Black,Medium,Universal Fit,203.03,Low
123.62,230,Rubber,Gray,Large,Custom Fit,233.48,Low
23.34,244,Rubber,Silver,XL,Universal Fit,124.68,Low
121.85,123,Aluminum,Gray,Small,Custom Fit,219.05,Low
86.71,104,Steel,Black,XL,Custom Fit,178.47,Low
109.87,277,Plastic,Silver,Large,Custom Fit,223.74,Low
88.42,492,Steel,Black,Small,Custom Fit,265.04,Low
113.21,276,Plastic,Gray,Small,Universal Fit,156.19,Low
152.09,224,Steel,Black,Large,Custom Fit,292.7,Low
647.16,462,Carbon Fiber,Blue,XL,Universal Fit,697.6,Low
532.96,236,Plastic,Red,XL,Universal Fit,674.7,Low
592.1,457,Rubber,Silver,Large,Custom Fit,653.34,Low
538.06,183,Carbon Fiber,Gray,Small,Custom Fit,687.39,Low
565.92,325,Aluminum,Silver,Large,Custom Fit,676.21,Low
136.14,470,Steel,Gray,Large,Universal Fit,302.96,Low
210.87,230,Rubber,Red,Small,Universal Fit,273.33,Low
162.81,144,Plastic,Gray,Medium,Universal Fit,263.51,Low
216.41,268,Carbon Fiber,Gray,Small,Custom Fit,371.77,Low
144.05,242,Aluminum,Red,Large,Universal Fit,302.98,Low
213.25,30,Plastic,Red,Large,Universal Fit,289.68,Low
272.72,49,Rubber,Gray,Small,Universal Fit,343.6,Low
247.84,476,Plastic,Blue,Small,Custom Fit,358.66,Low
237.13,110,Steel,Silver,XL,Custom Fit,412.0,Low
682.44,213,Rubber,Silver,XL,Custom Fit,838.29,Low
689.22,218,Aluminum,Blue,XL,Custom Fit,855.34,Low
681.11,477,Rubber,Silver,Large,Universal Fit,773.21,Low
728.83,305,Rubber,Red,Small,Custom Fit,817.64,Low
765.35,215,Rubber,Black,Large,Custom Fit,843.4,Low
1873.12,419,Steel,Gray,Medium,Custom Fit,1940.17,Low
1829.07,300,Rubber,Gray,Large,Custom Fit,1939.34,Low
1801.33,464,Steel,Silver,Small,Universal Fit,1919.22,Low
1845.92,437,Rubber,Red,Small,Custom Fit,1999.32,Low
1832.38,103,Plastic,Blue,Large,Universal Fit,1970.21,Low
22007.49,53,Aluminum,Black,XL,Universal Fit,22079.27,Mid
21909.06,242,Carbon Fiber,Blue,Small,Custom Fit,22026.24,Mid
21907.76,136,Carbon Fiber,Silver,Large,Universal Fit,22035.79,Mid
18965.06,305,Rubber,Blue,XL,Universal Fit,19103.32,Mid
18865.49,134,Carbon Fiber,Silver,Medium,Custom Fit,19020.47,Mid
18950.61,318,Steel,Gray,Small,Custom Fit,19077.61,Mid
18952.83,267,Plastic,Black,Large,Universal Fit,19053.99,Mid
18929.71,420,Aluminum,Black,Large,Universal Fit,19006.53,Mid
18929.07,326,Steel,Silver,XL,Universal Fit,19017.53,Mid
18904.55,346,Steel,Black,Medium,Universal Fit,19026.26,Mid
7911.63,254,Rubber,Gray,Small,Universal Fit,8084.71,Low
7979.26,313,Aluminum,Silver,Medium,Custom Fit,8068.12,Low
7945.27,472,Rubber,Silver,XL,Custom Fit,8113.07,Low
7942.45,81,Aluminum,Red,Medium,Custom Fit,8026.66,Low
37969.86,433,Aluminum,Red,Medium,Universal Fit,38040.15,Mid
37866.71,47,Steel,Silver,Small,Universal Fit,38048.93,Mid
37955.77,306,Aluminum,Silver,Large,Universal Fit,38063.1,Mid
37915.56,403,Plastic,Red,Small,Custom Fit,37965.6,Mid
38017.11,396,Carbon Fiber,Silver,Medium,Universal Fit,38051.83,Mid
37973.97,5,Steel,Blue,XL,Custom Fit,38046.04,Mid
23971.12,418,Plastic,Blue,Medium,Custom Fit,24074.67,Mid
23883.1,118,Carbon Fiber,Gray,Small,Custom Fit,24016.11,Mid
23901.11,329,Plastic,Red,Small,Universal Fit,23999.36,Mid
23974.19,49,Plastic,Black,Medium,Universal Fit,24047.55,Mid
23947.81,355,Carbon Fiber,Gray,Small,Universal Fit,23995.88,Mid
23893.28,381,Steel,Black,Medium,Universal Fit,24036.15,Mid
23918.98,312,Rubber,Silver,XL,Custom Fit,24067.96,Mid
31016.71,214,Plastic,Silver,XL,Universal Fit,31087.67,Mid
30943.85,111,Steel,Blue,Large,Universal Fit,31068.86,Mid
30949.18,349,Carbon Fiber,Gray,Small,Universal Fit,31066.2,Mid
30951.23,307,Aluminum,Red,Small,Custom Fit,31039.51,Mid
30934.49,205,Plastic,Black,Medium,Custom Fit,31115.75,Mid
30910.51,137,Aluminum,Gray,Small,Universal Fit,31009.95,Mid
25983.45,490,Rubber,Blue,XL,Custom Fit,26091.92,Mid
25869.54,190,Plastic,Red,Medium,Custom Fit,25989.54,Mid
25976.88,494,Plastic,Gray,Large,Universal Fit,26083.51,Mid
25933.04,229,Plastic,Blue,Large,Custom Fit,26069.43,Mid
25885.62,260,Rubber,Red,Large,Universal Fit,25999.57,Mid
25974.97,239,Carbon Fiber,Red,Large,Universal Fit,26067.99,Mid
21965.51,120,Carbon Fiber,Red,Large,Universal Fit,22076.31,Mid
21969.17,407,Rubber,Silver,Medium,Custom Fit,22038.72,Mid
21931.57,333,Aluminum,Silver,Small,Custom Fit,22002.59,Mid
21940.37,136,Steel,Black,XL,Universal Fit,22082.08,Mid
21916.63,231,Aluminum,Red,Large,Universal Fit,22034.12,Mid
524.3,349,Rubber,Red,XL,Custom Fit,564.64,Low
445.34,353,Steel,Silver,Medium,Custom Fit,560.46,Low
418.18,166,Plastic,Silver,Medium,Custom Fit,517.07,Low
496.14,112,Carbon Fiber,Gray,XL,Custom Fit,565.57,Low
446.72,211,Steel,Black,Small,Universal Fit,558.27,Low
801.63,232,Plastic,Blue,XL,Custom Fit,837.06,Low
808.76,151,Aluminum,Red,XL,Universal Fit,899.02,Low
743.53,17,Rubber,Blue,Large,Universal Fit,878.19,Low
746.99,451,Steel,Red,XL,Universal Fit,844.26,Low
780.43,183,Aluminum,Silver,Medium,Universal Fit,873.15,Low
1198.61,342,Carbon Fiber,Gray,XL,Universal Fit,1278.73,Low
1172.63,437,Plastic,Red,Large,Custom Fit,1334.3,Low
1204.15,393,Steel,Blue,Large,Universal Fit,1309.49,Low
1269.5,399,Steel,Blue,Small,Universal Fit,1398.16,Low
1203.34,340,Aluminum,Blue,Medium,Universal Fit,1304.46,Low
1523.61,319,Steel,Black,Small,Custom Fit,1690.55,Low
1500.31,112,Aluminum,Gray,Large,Universal Fit,1561.26,Low
1512.33,117,Carbon Fiber,Gray,Medium,Custom Fit,1667.97,Low
1468.26,117,Plastic,Silver,Small,Custom Fit,1582.62,Low
1530.04,123,Rubber,Black,Large,Custom Fit,1570.58,Low
491.02,336,Carbon Fiber,Red,Medium,Custom Fit,606.11,Low
510.46,134,Plastic,Silver,Large,Custom Fit,667.56,Low
531.97,106,Rubber,Silver,XL,Universal Fit,704.55,Low
542.04,243,Rubber,Blue,Small,Custom Fit,651.38,Low
493.78,275,Plastic,Gray,Medium,Custom Fit,604.3,Low
547.44,176,Steel,Gray,XL,Custom Fit,656.57,Low
1134.25,492,Rubber,Red,XL,Custom Fit,1312.11,Low
1272.02,486,Carbon Fiber,Red,Medium,Custom Fit,1359.17,Low
1252.64,328,Steel,Black,Small,Custom Fit,1331.52,Low
1216.6,65,Carbon Fiber,Silver,Small,Custom Fit,1378.14,Low
1249.05,105,Plastic,Black,Small,Universal Fit,1373.22,Low
728.74,249,Rubber,Blue,Medium,Custom Fit,891.56,Low
752.11,493,Carbon Fiber,Black,Medium,Custom Fit,893.13,Low
850.05,158,Rubber,Red,Medium,Custom Fit,966.3,Low
800.36,157,Carbon Fiber,Blue,Large,Universal Fit,926.9,Low
762.94,320,Carbon Fiber,Silver,Small,Universal Fit,845.23,Low
941.08,21,Rubber,Gray,Medium,Universal Fit,1089.08,Low
928.56,189,Aluminum,Silver,Large,Universal Fit,1022.29,Low
945.22,216,Rubber,Gray,Large,Custom Fit,1074.35,Low
908.46,459,Aluminum,Silver,Medium,Custom Fit,1094.54,Low
913.05,328,Rubber,Silver,XL,Custom Fit,1012.43,Low
423.98,237,Carbon Fiber,Red,Small,Universal Fit,601.24,Low
423.74,269,Plastic,Black,Small,Custom Fit,529.02,Low
466.76,488,Steel,Blue,Large,Universal Fit,569.92,Low
444.47,263,Plastic,Blue,Medium,Universal Fit,610.61,Low
497.4,3,Steel,Black,Large,Universal Fit,586.61,Low
520.93,301,Rubber,Silver,XL,Custom Fit,609.87,Low
464.56,46,Steel,Silver,Small,Universal Fit,511.62,Low
532.81,232,Rubber,Red,XL,Custom Fit,595.06,Low
440.42,317,Aluminum,Blue,Large,Universal Fit,574.1,Low
409.18,458,Plastic,Black,Medium,Custom Fit,533.02,Low
489.71,499,Carbon Fiber,Red,Medium,Universal Fit,564.18,Low
482.41,357,Carbon Fiber,Silver,Small,Custom Fit,602.78,Low
439.49,420,Aluminum,Red,Medium,Custom Fit,553.36,Low
445.96,490,Carbon Fiber,Black,XL,Custom Fit,544.6,Low
433.51,140,Carbon Fiber,Black,Small,Custom Fit,524.68,Low
580.09,174,Aluminum,Blue,XL,Universal Fit,661.4,Low
483.55,110,Aluminum,Gray,Medium,Custom Fit,663.72,Low
562.07,405,Carbon Fiber,Black,Small,Custom Fit,677.52,Low
508.25,112,Plastic,Silver,Medium,Universal Fit,650.5,Low
597.71,311,Plastic,Red,Medium,Custom Fit,735.22,Low
488.17,295,Rubber,Black,XL,Universal Fit,612.52,Low
571.88,16,Rubber,Gray,Large,Universal Fit,682.53,Low
522.62,116,Carbon Fiber,Blue,XL,Universal Fit,653.77,Low
593.38,433,Aluminum,Silver,Medium,Universal Fit,683.88,Low
657.0,4,Aluminum,Silver,XL,Custom Fit,719.74,Low
584.62,325,Plastic,Blue,XL,Custom Fit,740.71,Low
627.6,414,Carbon Fiber,Silver,Large,Custom Fit,724.3,Low
552.84,396,Carbon Fiber,Gray,Large,Universal Fit,693.85,Low
551.7,100,Rubber,Gray,XL,Custom Fit,640.55,Low
613.22,336,Steel,Silver,Small,Universal Fit,691.34,Low
602.04,200,Steel,Blue,Large,Custom Fit,650.17,Low
547.5,394,Plastic,Blue,Medium,Custom Fit,661.62,Low
579.39,120,Steel,Silver,XL,Universal Fit,692.04,Low
538.38,427,Carbon Fiber,Red,XL,Custom Fit,653.66,Low
589.36,52,Rubber,Red,Medium,Custom Fit,728.82,Low
647.95,18,Aluminum,Blue,Small,Universal Fit,695.02,Low
570.84,289,Aluminum,Blue,Medium,Custom Fit,663.87,Low
1169.71,364,Steel,Gray,Small,Custom Fit,1237.22,Low
1167.71,17,Plastic,Black,Small,Custom Fit,1222.39,Low
1127.7,257,Steel,Gray,Medium,Custom Fit,1181.83,Low
1097.86,404,Aluminum,Blue,Large,Universal Fit,1196.9,Low
1176.7,145,Steel,Red,XL,Universal Fit,1270.36,Low
1148.15,59,Carbon Fiber,Blue,Large,Custom Fit,1312.99,Low
1148.17,388,Aluminum,Gray,Large,Universal Fit,1268.1,Low
1164.48,455,Steel,Silver,XL,Universal Fit,1263.39,Low
505.91,250,Steel,Gray,Medium,Custom Fit,597.82,Low
421.29,288,Steel,Silver,Small,Universal Fit,556.06,Low
493.94,432,Rubber,Blue,Large,Custom Fit,561.66,Low
445.88,407,Rubber,Silver,Large,Universal Fit,574.22,Low
429.77,326,Rubber,Black,Large,Universal Fit,535.44,Low
989.76,134,Steel,Gray,Small,Custom Fit,1156.55,Low
954.39,48,Rubber,Red,Large,Universal Fit,1142.57,Low
1036.37,14,Steel,Red,XL,Custom Fit,1121.79,Low
974.43,359,Aluminum,Silver,Small,Custom Fit,1061.79,Low
1153.21,325,Steel,Black,XL,Universal Fit,1240.68,Low
1148.44,332,Carbon Fiber,Blue,Small,Custom Fit,1205.74,Low
1132.99,16,Steel,Red,Large,Custom Fit,1225.63,Low
1129.78,28,Rubber,Silver,Large,Universal Fit,1202.41,Low
1072.37,404,Steel,Gray,Small,Custom Fit,1209.89,Low
1267.71,320,Carbon Fiber,Black,Small,Universal Fit,1389.72,Low
1245.79,28,Rubber,Silver,Large,Universal Fit,1397.38,Low
1214.43,256,Rubber,Gray,Medium,Universal Fit,1293.46,Low
1250.36,169,Aluminum,Red,XL,Custom Fit,1298.91,Low
440.2,431,Steel,Black,Small,Custom Fit,548.84,Low
383.32,243,Plastic,Gray,Large,Custom Fit,473.14,Low
452.33,367,Steel,Silver,Small,Universal Fit,544.45,Low
462.28,488,Rubber,Blue,Large,Universal Fit,509.35,Low
448.15,387,Plastic,Gray,Small,Universal Fit,623.03,Low
987.3,356,Plastic,Red,Small,Universal Fit,1071.78,Low
905.29,85,Rubber,Blue,Small,Universal Fit,1090.64,Low
937.7,163,Aluminum,Gray,Large,Universal Fit,988.04,Low
933.47,35,Plastic,Silver,Large,Custom Fit,1003.08,Low
952.39,251,Carbon Fiber,Gray,Medium,Custom Fit,1072.82,Low
912.64,260,Rubber,Red,Medium,Custom Fit,990.68,Low
1181.26,396,Rubber,Red,XL,Universal Fit,1294.75,Low
1211.04,45,Aluminum,Red,Medium,Universal Fit,1396.02,Low
1176.51,59,Steel,Black,XL,Universal Fit,1326.28,Low
1144.14,113,Rubber,Black,XL,Universal Fit,1283.87,Low
1157.5,494,Steel,Gray,Small,Universal Fit,1328.82,Low
1243.9,73,Carbon Fiber,Red,Large,Universal Fit,1317.17,Low
1161.83,499,Rubber,Gray,Large,Custom Fit,1324.02,Low
574.22,97,Steel,Gray,XL,Custom Fit,709.81,Low
565.67,451,Carbon Fiber,Red,Large,Universal Fit,682.14,Low
574.7,439,Aluminum,Black,Medium,Universal Fit,691.46,Low
555.17,5,Rubber,Red,Medium,Universal Fit,674.86,Low
590.42,331,Aluminum,Silver,Medium,Universal Fit,673.05,Low
30.4,63,Carbon Fiber,Red,XL,Universal Fit,169.23,Low
67.67,117,Aluminum,Red,XL,Universal Fit,174.4,Low
490.31,286,Aluminum,Gray,Small,Universal Fit,622.1,Low
516.71,153,Aluminum,Black,Small,Custom Fit,594.8,Low
563.89,174,Carbon Fiber,Blue,Small,Universal Fit,610.25,Low
519.23,40,Steel,Blue,Large,Universal Fit,644.94,Low
524.15,301,Rubber,Red,Small,Universal Fit,562.68,Low
413.23,12,Plastic,Blue,Small,Custom Fit,519.25,Low
456.67,7,Carbon Fiber,Red,Medium,Custom Fit,497.73,Low
370.03,391,Carbon Fiber,Red,XL,Custom Fit,478.75,Low
359.85,264,Plastic,Black,Medium,Universal Fit,487.71,Low
479.53,146,Rubber,Red,XL,Custom Fit,560.4,Low
512.0,275,Steel,Silver,Medium,Universal Fit,623.37,Low
456.96,170,Plastic,Blue,Medium,Custom Fit,535.4,Low
458.21,144,Rubber,Red,Small,Custom Fit,561.09,Low
402.77,339,Steel,Red,Large,Universal Fit,511.1,Low
320.75,78,Carbon Fiber,Black,XL,Custom Fit,400.64,Low
340.32,2,Aluminum,Silver,Small,Custom Fit,466.85,Low
266.61,291,Plastic,Red,Large,Custom Fit,339.82,Low
364.5,320,Aluminum,Black,XL,Universal Fit,426.96,Low
326.03,429,Steel,Silver,XL,Custom Fit,442.15,Low
435.02,125,Plastic,Gray,Small,Universal Fit,560.05,Low
407.46,150,Plastic,Gray,Large,Universal Fit,603.91,Low
436.77,60,Rubber,Red,Medium,Custom Fit,540.39,Low
439.95,310,Steel,Red,Medium,Universal Fit,570.94,Low
427.79,402,Steel,Blue,Medium,Custom Fit,504.53,Low
457.79,174,Rubber,Black,XL,Universal Fit,508.61,Low
377.3,349,Rubber,Red,XL,Universal Fit,540.86,Low
343.33,146,Rubber,Blue,Large,Universal Fit,465.5,Low
386.17,367,Plastic,Black,XL,Custom Fit,436.82,Low
392.0,448,Plastic,Silver,Large,Universal Fit,541.58,Low
521.97,263,Plastic,Silver,Large,Universal Fit,675.15,Low
484.79,367,Carbon Fiber,Red,XL,Universal Fit,658.91,Low
543.87,223,Plastic,Black,Small,Custom Fit,690.96,Low
410.85,266,Carbon Fiber,Blue,Medium,Custom Fit,557.81,Low
424.72,73,Aluminum,Red,Small,Custom Fit,527.71,Low
471.69,184,Rubber,Blue,Large,Universal Fit,627.2,Low
469.34,432,Carbon Fiber,Black,Medium,Custom Fit,525.44,Low
434.47,465,Steel,Silver,Medium,Universal Fit,497.56,Low
402.89,87,Plastic,Blue,Large,Custom Fit,485.77,Low
525.5,79,Rubber,Gray,Medium,Custom Fit,608.12,Low
469.87,349,Plastic,Silver,XL,Universal Fit,493.24,Low
465.55,78,Plastic,Black,XL,Custom Fit,567.69,Low
27947.2,256,Plastic,Red,XL,Custom Fit,28054.71,Mid
27947.32,444,Aluminum,Gray,Small,Universal Fit,28059.53,Mid
27922.37,484,Plastic,Black,Small,Custom Fit,27993.92,Mid
27932.09,397,Rubber,Gray,Small,Universal Fit,28113.23,Mid
27931.75,366,Steel,Black,Medium,Custom Fit,28067.22,Mid
27999.58,236,Plastic,Red,Large,Custom Fit,28129.61,Mid
27976.9,355,Plastic,Blue,Medium,Universal Fit,28035.47,Mid
22885.86,30,Carbon Fiber,Red,Medium,Custom Fit,22982.01,Mid
22959.04,257,Aluminum,Black,Small,Custom Fit,23019.9,Mid
22981.98,106,Steel,Silver,Medium,Universal Fit,23083.05,Mid
22947.97,464,Rubber,Gray,Small,Custom Fit,23031.51,Mid
22958.27,356,Aluminum,Gray,Medium,Universal Fit,23052.64,Mid
22962.61,147,Rubber,Gray,Large,Universal Fit,23060.09,Mid
22939.75,396,Rubber,Blue,Large,Custom Fit,23009.83,Mid
34917.27,196,Rubber,Blue,XL,Universal Fit,35067.07,Mid
34979.34,496,Steel,Black,Medium,Custom Fit,35052.61,Mid
34973.98,339,Steel,Silver,Medium,Universal Fit,35078.46,Mid
34946.96,275,Aluminum,Black,Small,Universal Fit,35037.87,Mid
34975.82,35,Plastic,Black,Small,Universal Fit,35110.81,Mid
34875.48,416,Steel,Red,Medium,Custom Fit,35014.53,Mid
34859.61,354,Rubber,Blue,Medium,Universal Fit,34974.85,Mid
540.3,158,Plastic,Red,Medium,Universal Fit,614.19,Low
546.46,412,Carbon Fiber,Black,XL,Universal Fit,635.6,Low
521.33,310,Carbon Fiber,Blue,Small,Universal Fit,577.08,Low
476.57,129,Aluminum,Silver,Small,Universal Fit,583.31,Low
487.95,155,Aluminum,Black,Small,Custom Fit,602.69,Low
449.38,319,Steel,Black,Medium,Custom Fit,532.15,Low
495.41,401,Rubber,Silver,Medium,Custom Fit,591.2,Low
499.75,452,Steel,Black,Large,Universal Fit,638.75,Low
486.81,345,Aluminum,Black,Large,Universal Fit,598.33,Low
532.82,292,Rubber,Blue,XL,Custom Fit,662.28,Low
511.4,376,Aluminum,Silver,Large,Universal Fit,560.05,Low
477.88,95,Rubber,Silver,Medium,Custom Fit,599.0,Low
434.51,247,Rubber,Blue,Small,Custom Fit,536.49,Low
141.09,440,Carbon Fiber,Red,Large,Universal Fit,250.61,Low
184.7,348,Steel,Red,Small,Universal Fit,277.77,Low
292.4,281,Aluminum,Blue,XL,Universal Fit,411.81,Low
398.21,442,Carbon Fiber,Blue,Large,Universal Fit,440.14,Low
302.88,52,Rubber,Blue,Large,Custom Fit,384.42,Low
321.1,27,Rubber,Silver,Large,Universal Fit,417.49,Low
288.65,456,Carbon Fiber,Silver,Large,Universal Fit,416.08,Low
58.89,358,Rubber,Black,Medium,Custom Fit,170.67,Low
46.15,164,Carbon Fiber,Black,XL,Universal Fit,204.85,Low
30.16,26,Aluminum,Black,Small,Universal Fit,150.55,Low
554.75,45,Steel,Gray,Medium,Custom Fit,602.54,Low
495.02,136,Steel,Gray,Large,Custom Fit,563.48,Low
512.47,301,Rubber,Gray,Large,Universal Fit,583.1,Low
557.23,422,Carbon Fiber,Red,Large,Custom Fit,673.3,Low
528.11,233,Aluminum,Gray,Medium,Custom Fit,642.38,Low
509.07,221,Plastic,Gray,Small,Universal Fit,588.21,Low
477.34,61,Plastic,Blue,XL,Universal Fit,574.6,Low
623.23,409,Steel,Red,Medium,Universal Fit,699.37,Low
632.52,475,Steel,Red,XL,Universal Fit,707.24,Low
572.49,151,Steel,Blue,Medium,Universal Fit,707.32,Low
664.84,119,Steel,Black,Medium,Custom Fit,764.3,Low
671.03,257,Steel,Blue,Medium,Custom Fit,789.3,Low
671.62,375,Aluminum,Gray,XL,Custom Fit,746.07,Low
595.82,452,Steel,Blue,Small,Universal Fit,764.41,Low
575.28,408,Plastic,Blue,Large,Custom Fit,684.39,Low
584.29,393,Aluminum,Black,Small,Universal Fit,757.08,Low
601.14,373,Carbon Fiber,Blue,XL,Custom Fit,667.51,Low
137.81,491,Carbon Fiber,Red,XL,Universal Fit,221.58,Low
220.78,312,Steel,Silver,XL,Custom Fit,309.49,Low
120.98,89,Steel,Silver,Large,Custom Fit,250.94,Low
95.06,378,Aluminum,Blue,Medium,Universal Fit,218.31,Low
174.88,447,Steel,Black,Medium,Custom Fit,211.41,Low
154.77,134,Aluminum,Blue,Medium,Custom Fit,283.94,Low
166.74,117,Plastic,Blue,XL,Custom Fit,322.29,Low
162.09,89,Plastic,Black,Medium,Custom Fit,238.61,Low
138.64,208,Rubber,Gray,Small,Universal Fit,259.07,Low
156.04,80,Aluminum,Blue,Medium,Universal Fit,308.72,Low
206.97,200,Steel,Blue,Medium,Custom Fit,286.6,Low
124.65,52,Carbon Fiber,Red,XL,Custom Fit,198.12,Low
146.4,84,Carbon Fiber,Gray,Medium,Universal Fit,233.95,Low
93.74,403,Plastic,Black,Large,Custom Fit,234.33,Low
87.93,243,Aluminum,Gray,Small,Universal Fit,238.3,Low
57935.05,142,Carbon Fiber,Blue,XL,Universal Fit,58061.46,Mid
57890.03,388,Rubber,Blue,Small,Custom Fit,58065.45,Mid
57978.42,106,Steel,Silver,Large,Custom Fit,58085.51,Mid
57972.09,299,Rubber,Gray,Medium,Universal Fit,58110.66,Mid
57956.4,37,Carbon Fiber,Red,Medium,Custom Fit,58040.95,Mid
58015.46,237,Rubber,Black,XL,Custom Fit,58101.05,Mid
58029.14,37,Steel,Silver,Medium,Custom Fit,58128.31,Mid
58018.0,362,Steel,Silver,XL,Universal Fit,58075.3,Mid
57909.57,392,Plastic,Gray,Medium,Universal Fit,58091.84,Mid
30970.51,314,Aluminum,Silver,Small,Custom Fit,31126.99,Mid
30953.27,337,Rubber,Black,Medium,Custom Fit,30990.47,Mid
30953.4,114,Aluminum,Blue,Large,Universal Fit,31051.21,Mid
30958.32,227,Carbon Fiber,Blue,Medium,Custom Fit,31126.27,Mid
30944.47,249,Rubber,Silver,XL,Universal Fit,31100.56,Mid
30999.59,181,Carbon Fiber,Blue,XL,Custom Fit,31046.35,Mid
30953.05,75,Steel,Blue,Small,Custom Fit,31067.54,Mid
32950.29,28,Carbon Fiber,Gray,XL,Custom Fit,33063.22,Mid
32955.22,62,Plastic,Blue,Small,Universal Fit,33095.98,Mid
32982.46,275,Steel,Gray,XL,Universal Fit,33079.34,Mid
32939.86,435,Plastic,Black,Medium,Universal Fit,33096.01,Mid
32988.03,110,Steel,Silver,Small,Universal Fit,33112.69,Mid
32901.08,253,Plastic,Silver,XL,Universal Fit,33084.79,Mid
231.5,390,Plastic,Gray,Large,Universal Fit,308.75,Low
182.38,474,Carbon Fiber,Red,Small,Universal Fit,309.56,Low
96.41,198,Plastic,Gray,XL,Universal Fit,244.31,Low
140.57,89,Plastic,Gray,XL,Custom Fit,276.82,Low
152.16,321,Aluminum,Red,Large,Universal Fit,241.59,Low
107.66,33,Steel,Blue,Large,Custom Fit,179.44,Low
159.96,255,Plastic,Silver,Small,Custom Fit,248.91,Low
170.05,23,Steel,Black,Large,Universal Fit,253.59,Low
128.18,309,Steel,Blue,Small,Universal Fit,250.55,Low
31.48,145,Aluminum,Silver,Small,Custom Fit,126.47,Low
12.71,420,Rubber,Gray,Medium,Universal Fit,153.01,Low
56.41,180,Steel,Red,XL,Custom Fit,195.55,Low
107.62,370,Aluminum,Silver,Small,Universal Fit,217.89,Low
72.39,142,Carbon Fiber,Silver,Large,Custom Fit,228.14,Low
84.7,216,Rubber,Black,Large,Custom Fit,166.76,Low
38.82,391,Rubber,Gray,Small,Custom Fit,173.47,Low
63.22,321,Rubber,Black,Large,Universal Fit,105.43,Low
35.37,92,Plastic,Black,Large,Universal Fit,161.81,Low
147.67,187,Aluminum,Black,Medium,Custom Fit,210.36,Low
133.33,92,Rubber,Red,Small,Universal Fit,199.23,Low
126.14,406,Rubber,Blue,Large,Custom Fit,308.71,Low
137.27,476,Plastic,Silver,XL,Universal Fit,229.57,Low
153.88,303,Aluminum,Silver,XL,Universal Fit,243.64,Low
136.09,417,Steel,Red,Medium,Universal Fit,223.34,Low
93.24,145,Carbon Fiber,Blue,Large,Custom Fit,196.74,Low
98.59,321,Aluminum,Blue,Large,Universal Fit,260.01,Low
123.12,319,Rubber,Gray,Medium,Custom Fit,228.17,Low
139.69,427,Aluminum,Blue,XL,Custom Fit,233.12,Low
165.75,473,Carbon Fiber,Blue,XL,Custom Fit,295.87,Low
169.27,339,Plastic,Blue,Small,Custom Fit,236.32,Low
1238.52,450,Steel,Silver,XL,Universal Fit,1310.68,Low
1213.77,162,Steel,Gray,Medium,Universal Fit,1381.98,Low
1237.01,414,Aluminum,Gray,Small,Universal Fit,1335.61,Low
1227.86,438,Aluminum,Blue,Large,Custom Fit,1375.79,Low
1222.12,153,Rubber,Red,Large,Universal Fit,1294.2,Low
1268.71,22,Plastic,Red,Small,Universal Fit,1378.23,Low
150.54,407,Steel,Gray,Small,Universal Fit,243.72,Low
145.13,240,Steel,Gray,XL,Custom Fit,199.71,Low
109.39,443,Aluminum,Gray,XL,Universal Fit,211.31,Low
120.59,113,Rubber,Blue,Medium,Custom Fit,190.71,Low
145.13,14,Aluminum,Black,Small,Custom Fit,225.81,Low
67.53,347,Steel,Gray,XL,Custom Fit,212.88,Low
37.65,360,Aluminum,Black,Large,Custom Fit,182.51,Low
142.72,331,Steel,Silver,Small,Custom Fit,210.62,Low
124.7,365,Steel,Gray,XL,Custom Fit,253.34,Low
96.37,226,Steel,Silver,Medium,Universal Fit,219.15,Low
231.68,81,Carbon Fiber,Black,Medium,Custom Fit,307.03,Low
109.2,13,Aluminum,Black,Medium,Universal Fit,281.36,Low
210.55,182,Steel,Silver,Medium,Custom Fit,305.29,Low
174.22,212,Aluminum,Gray,Medium,Custom Fit,297.0,Low
130.12,160,Aluminum,Red,XL,Universal Fit,212.23,Low
188.32,93,Steel,Silver,Medium,Custom Fit,249.7,Low
125.22,367,Carbon Fiber,Blue,Large,Universal Fit,252.58,Low
159.86,92,Aluminum,Gray,Medium,Universal Fit,279.26,Low
105.22,364,Steel,Gray,Small,Custom Fit,203.18,Low
137.3,136,Aluminum,Red,Medium,Universal Fit,203.98,Low
183.92,444,Carbon Fiber,Silver,Large,Universal Fit,265.92,Low
6.64,318,Carbon Fiber,Silver,Small,Universal Fit,169.1,Low
53.05,498,Rubber,Red,Small,Custom Fit,158.86,Low
86.22,304,Carbon Fiber,Red,Medium,Custom Fit,153.87,Low
15.09,373,Rubber,Blue,Medium,Universal Fit,176.63,Low
159.3,96,Aluminum,Black,XL,Custom Fit,261.55,Low
222.33,186,Carbon Fiber,Silver,Large,Custom Fit,327.31,Low
213.97,293,Steel,Silver,Large,Custom Fit,347.12,Low
227.29,175,Steel,Red,Large,Universal Fit,315.79,Low
129.02,358,Steel,Gray,Medium,Custom Fit,234.4,Low
486.84,115,Aluminum,Black,XL,Custom Fit,571.78,Low
549.98,400,Carbon Fiber,Blue,Medium,Universal Fit,614.65,Low
520.88,292,Rubber,Red,Large,Universal Fit,625.49,Low
508.17,499,Plastic,Gray,Large,Custom Fit,627.58,Low
2.41,412,Steel,Blue,Small,Universal Fit,158.98,Low
19.28,376,Aluminum,Red,Large,Custom Fit,101.96,Low
48.72,355,Steel,Red,Medium,Custom Fit,162.16,Low
25.66,430,Rubber,Red,Large,Custom Fit,175.37,Low
1.23,408,Carbon Fiber,Silver,Large,Custom Fit,163.36,Low
51.22,139,Rubber,Red,Large,Custom Fit,147.0,Low
48.87,65,Aluminum,Silver,XL,Custom Fit,164.74,Low
28.74,190,Rubber,Silver,Small,Custom Fit,180.54,Low
74.6,203,Rubber,Red,XL,Custom Fit,175.11,Low
32.14,79,Steel,Blue,Small,Universal Fit,175.51,Low
46.06,162,Carbon Fiber,Blue,Small,Universal Fit,153.38,Low
32.01,495,Aluminum,Blue,XL,Universal Fit,173.09,Low
3.11,135,Rubber,Black,Small,Custom Fit,110.9,Low
158.65,358,Rubber,Black,Small,Custom Fit,205.61,Low
80.77,401,Aluminum,Gray,Large,Custom Fit,189.48,Low
81.05,457,Rubber,Gray,XL,Custom Fit,158.39,Low
87.93,483,Plastic,Black,XL,Custom Fit,216.53,Low
200.65,275,Rubber,Silver,Large,Custom Fit,316.2,Low
226.94,80,Rubber,Black,XL,Custom Fit,278.34,Low
163.6,289,Steel,Gray,Medium,Custom Fit,334.25,Low
235.71,76,Carbon Fiber,Gray,Small,Universal Fit,413.32,Low
248.36,469,Carbon Fiber,Red,Medium,Custom Fit,301.6,Low
233.12,264,Aluminum,Blue,Small,Universal Fit,350.35,Low
308.43,328,Carbon Fiber,Gray,Small,Custom Fit,364.03,Low
212.59,274,Rubber,Silver,Medium,Universal Fit,320.75,Low
198.08,390,Carbon Fiber,Silver,Small,Universal Fit,292.79,Low
184.62,318,Aluminum,Gray,Medium,Universal Fit,318.1,Low
250.82,278,Carbon Fiber,Gray,Large,Custom Fit,300.74,Low
253.46,115,Aluminum,Silver,Large,Custom Fit,301.28,Low
188.42,466,Plastic,Red,Small,Universal Fit,264.2,Low
178.5,445,Rubber,Gray,Medium,Universal Fit,274.73,Low
157.88,389,Plastic,Silver,Large,Custom Fit,274.54,Low
242.58,452,Steel,Red,Medium,Universal Fit,295.82,Low
267.96,174,Rubber,Gray,XL,Custom Fit,319.18,Low
170.48,347,Rubber,Silver,Medium,Universal Fit,278.98,Low
183.63,375,Rubber,Red,XL,Custom Fit,266.9,Low
253.1,25,Plastic,Blue,Small,Custom Fit,314.95,Low
258.74,367,Carbon Fiber,Blue,XL,Universal Fit,316.12,Low
134.01,431,Plastic,Silver,Medium,Universal Fit,241.84,Low
95.68,395,Plastic,Silver,Large,Universal Fit,234.53,Low
86.94,205,Rubber,Silver,XL,Universal Fit,226.3,Low
115.44,429,Steel,Black,Large,Custom Fit,205.73,Low
155.24,446,Rubber,Black,Medium,Custom Fit,299.54,Low
188.47,189,Carbon Fiber,Gray,XL,Custom Fit,274.27,Low
56.35,429,Rubber,Gray,XL,Universal Fit,248.99,Low
181.2,479,Carbon Fiber,Gray,Medium,Custom Fit,320.24,Low
163.37,206,Rubber,Red,XL,Custom Fit,250.98,Low
103.08,413,Rubber,Red,Large,Universal Fit,232.95,Low
150.06,110,Steel,Black,XL,Universal Fit,285.01,Low
198.47,355,Carbon Fiber,Black,Medium,Custom Fit,249.13,Low
25467.43,213,Steel,Silver,Medium,Universal Fit,25618.95,Mid
25490.95,152,Plastic,Red,Small,Custom Fit,25589.69,Mid
25471.83,152,Aluminum,Silver,Large,Custom Fit,25601.04,Mid
25480.03,477,Plastic,Red,XL,Universal Fit,25540.31,Mid
25443.39,478,Aluminum,Blue,XL,Universal Fit,25565.74,Mid
64960.29,171,Rubber,Black,XL,Universal Fit,65084.2,Mid
64911.23,103,Plastic,Black,Small,Custom Fit,65081.48,Mid
64932.23,403,Plastic,Silver,Small,Custom Fit,64994.84,Mid
64927.87,382,Rubber,Red,Small,Universal Fit,64989.78,Mid
64973.43,466,Aluminum,Silver,Large,Custom Fit,65114.08,Mid
64961.69,64,Plastic,Gray,Large,Custom Fit,65061.53,Mid
64959.53,101,Steel,Gray,Small,Custom Fit,65096.14,Mid
45971.23,429,Steel,Gray,Medium,Universal Fit,46073.16,Mid
46025.21,110,Carbon Fiber,Gray,Large,Universal Fit,46118.45,Mid
45980.69,336,Plastic,Gray,Large,Universal Fit,46118.94,Mid
45889.84,235,Aluminum,Blue,XL,Universal Fit,46036.96,Mid
45908.07,77,Rubber,Silver,XL,Universal Fit,46037.49,Mid
316.24,257,Plastic,Silver,Medium,Custom Fit,431.34,Low
245.64,465,Carbon Fiber,Blue,Large,Universal Fit,360.18,Low
348.93,279,Plastic,Gray,Medium,Universal Fit,439.54,Low
294.38,242,Plastic,Silver,Small,Custom Fit,408.07,Low
330.27,293,Rubber,Gray,XL,Universal Fit,444.83,Low
396.68,261,Rubber,Red,Medium,Universal Fit,436.36,Low
317.25,425,Aluminum,Gray,Large,Universal Fit,491.06,Low
676.57,1,Rubber,Black,XL,Custom Fit,772.74,Low
684.18,198,Steel,Gray,XL,Universal Fit,736.16,Low
578.37,69,Steel,Gray,Medium,Universal Fit,725.32,Low
621.0,163,Plastic,Black,XL,Custom Fit,775.85,Low
577.47,74,Steel,Red,Small,Universal Fit,693.94,Low
627.27,468,Steel,Blue,Small,Custom Fit,720.53,Low
441.65,332,Plastic,Gray,Small,Universal Fit,613.92,Low
503.0,428,Aluminum,Blue,Medium,Custom Fit,618.96,Low
454.57,315,Aluminum,Blue,Large,Universal Fit,557.92,Low
539.42,277,Carbon Fiber,Red,Small,Custom Fit,589.71,Low
533.85,251,Rubber,Black,Large,Custom Fit,620.67,Low
1551.69,488,Rubber,Silver,Large,Custom Fit,1680.73,Low
1540.92,377,Steel,Silver,Medium,Universal Fit,1710.41,Low
1502.78,167,Plastic,Blue,Large,Universal Fit,1666.28,Low
1501.35,495,Aluminum,Blue,XL,Custom Fit,1580.65,Low
1449.65,143,Carbon Fiber,Black,XL,Custom Fit,1604.13,Low
1636.81,14,Rubber,Blue,Large,Custom Fit,1684.1,Low
1628.43,113,Carbon Fiber,Black,Small,Universal Fit,1743.12,Low
1669.05,477,Rubber,Red,Large,Custom Fit,1773.75,Low
1627.39,490,Steel,Black,Large,Custom Fit,1713.14,Low
1631.11,16,Aluminum,Blue,XL,Universal Fit,1697.06,Low
1651.62,24,Plastic,Blue,Large,Custom Fit,1774.74,Low
1551.28,32,Plastic,Red,Large,Universal Fit,1613.2,Low
1552.1,258,Rubber,Blue,Large,Custom Fit,1658.0,Low
1495.5,326,Steel,Black,Medium,Custom Fit,1648.47,Low
1595.81,204,Plastic,Black,Small,Universal Fit,1686.35,Low
1471.04,354,Steel,Blue,Small,Universal Fit,1633.51,Low
1568.66,241,Rubber,Red,XL,Custom Fit,1643.8,Low
319.79,401,Aluminum,Silver,XL,Universal Fit,409.75,Low
308.51,500,Steel,Gray,Large,Universal Fit,366.26,Low
285.63,415,Aluminum,Black,Large,Custom Fit,377.72,Low
6491.51,244,Aluminum,Silver,XL,Custom Fit,6552.23,Low
6456.64,313,Plastic,Silver,Small,Custom Fit,6487.27,Low
6507.93,314,Rubber,Gray,Large,Universal Fit,6556.1,Low
6420.31,494,Steel,Silver,Small,Universal Fit,6546.5,Low
6402.61,236,Aluminum,Red,XL,Custom Fit,6586.43,Low
13934.95,467,Aluminum,Silver,XL,Custom Fit,14037.65,Low
13916.33,161,Rubber,Gray,XL,Universal Fit,14070.42,Low
13912.26,398,Steel,Gray,XL,Custom Fit,14055.27,Low
13949.49,45,Rubber,Gray,Small,Custom Fit,14013.87,Low
13933.72,419,Plastic,Silver,Medium,Universal Fit,13990.62,Low
13981.57,228,Steel,Gray,XL,Custom Fit,14061.6,Low
13953.78,476,Aluminum,Black,Large,Custom Fit,14010.98,Low
13929.52,78,Rubber,Blue,Large,Universal Fit,14091.98,Low
13965.52,438,Aluminum,Blue,XL,Universal Fit,14054.96,Low
9943.92,299,Plastic,Red,Large,Custom Fit,9978.95,Low
9976.69,446,Aluminum,Red,Large,Universal Fit,10111.71,Low
9906.3,67,Steel,Silver,Medium,Universal Fit,10034.44,Low
9951.55,426,Carbon Fiber,Red,Small,Custom Fit,10093.54,Low
9940.0,406,Carbon Fiber,Red,XL,Universal Fit,10035.54,Low
9980.0,360,Steel,Red,Small,Universal Fit,10062.97,Low
54995.33,441,Aluminum,Red,Small,Custom Fit,55140.01,Mid
54934.15,321,Carbon Fiber,Blue,Medium,Custom Fit,55109.45,Mid
54963.44,26,Steel,Red,Small,Universal Fit,55070.69,Mid
55005.89,71,Carbon Fiber,Blue,Medium,Custom Fit,55072.62,Mid
54933.72,243,Plastic,Blue,Small,Custom Fit,54981.16,Mid
54877.88,226,Carbon Fiber,Gray,XL,Universal Fit,55065.32,Mid
24964.45,471,Plastic,Blue,Large,Custom Fit,25084.82,Mid
24953.59,45,Aluminum,Silver,Small,Custom Fit,25028.66,Mid
24942.01,156,Carbon Fiber,Gray,XL,Custom Fit,25074.34,Mid
24920.75,492,Aluminum,Silver,XL,Universal Fit,25047.2,Mid
24912.88,391,Aluminum,Red,Medium,Custom Fit,25111.01,Mid
25999.01,80,Carbon Fiber,Black,XL,Custom Fit,26052.58,Mid
25927.14,389,Rubber,Silver,XL,Universal Fit,26089.27,Mid
25965.1,408,Carbon Fiber,Gray,Medium,Custom Fit,26095.88,Mid
25941.31,340,Rubber,Black,Large,Custom Fit,26001.91,Mid
25991.39,29,Aluminum,Gray,Medium,Universal Fit,26044.83,Mid
25932.07,141,Carbon Fiber,Blue,Large,Universal Fit,26064.69,Mid
38016.34,472,Plastic,Blue,XL,Custom Fit,38089.75,Mid
37992.8,436,Carbon Fiber,Red,Medium,Universal Fit,38107.57,Mid
37956.95,3,Carbon Fiber,Black,Large,Custom Fit,38033.97,Mid
37895.83,1,Carbon Fiber,Black,Large,Custom Fit,38015.22,Mid
38000.63,378,Rubber,Black,Large,Universal Fit,38037.61,Mid
38010.4,391,Steel,Silver,Small,Custom Fit,38066.65,Mid
37936.13,249,Carbon Fiber,Black,Small,Universal Fit,38045.76,Mid
37960.85,37,Plastic,Black,Large,Custom Fit,38066.68,Mid
23929.79,336,Rubber,Black,XL,Universal Fit,24064.88,Mid
23992.0,66,Rubber,Silver,Large,Universal Fit,24127.37,Mid
23924.66,241,Plastic,Black,Large,Universal Fit,24062.38,Mid
23931.04,347,Plastic,Blue,Large,Universal Fit,24025.74,Mid
23898.04,156,Rubber,Silver,Medium,Custom Fit,23992.7,Mid
7946.44,165,Carbon Fiber,Gray,Medium,Universal Fit,8047.82,Low
7976.88,468,Plastic,Blue,Large,Universal Fit,8105.83,Low
8008.1,487,Plastic,Black,Large,Universal Fit,8117.07,Low
7952.01,427,Steel,Red,Medium,Universal Fit,8037.44,Low
7930.4,21,Rubber,Black,Large,Custom Fit,8051.98,Low
1248.9,322,Aluminum,Silver,Small,Universal Fit,1341.94,Low
1218.07,331,Steel,Red,Large,Universal Fit,1355.13,Low
1266.76,214,Steel,Red,XL,Custom Fit,1380.58,Low
1262.5,388,Plastic,Blue,XL,Universal Fit,1392.43,Low
1301.54,68,Carbon Fiber,Red,Medium,Universal Fit,1408.5,Low
1327.36,162,Rubber,Blue,Small,Custom Fit,1471.35,Low
1410.52,361,Rubber,Gray,Medium,Universal Fit,1546.09,Low
807.91,6,Carbon Fiber,Gray,Medium,Universal Fit,894.81,Low
752.04,245,Plastic,Black,Large,Custom Fit,944.23,Low
1163.52,84,Plastic,Red,Medium,Custom Fit,1322.78,Low
1201.9,109,Carbon Fiber,Silver,Large,Universal Fit,1302.4,Low
1130.1,348,Steel,Gray,Large,Universal Fit,1256.22,Low
1180.61,315,Rubber,Gray,Medium,Custom Fit,1250.23,Low
891.92,109,Steel,Red,Medium,Custom Fit,996.07,Low
798.77,451,Aluminum,Black,Medium,Universal Fit,938.17,Low
1132.97,395,Plastic,Silver,Small,Custom Fit,1275.92,Low
1154.43,365,Aluminum,Silver,XL,Custom Fit,1244.11,Low
34985.71,170,Aluminum,Black,Medium,Universal Fit,35076.08,Mid
34922.62,381,Carbon Fiber,Blue,XL,Universal Fit,35006.1,Mid
34975.59,108,Plastic,Black,Large,Custom Fit,35129.56,Mid
34871.24,281,Plastic,Blue,Large,Universal Fit,35062.77,Mid
18950.52,167,Steel,Gray,Large,Universal Fit,19049.39,Mid
18884.0,29,Carbon Fiber,Red,Large,Custom Fit,19011.16,Mid
18899.77,459,Steel,Black,XL,Custom Fit,19048.48,Mid
18957.8,490,Rubber,Black,Medium,Universal Fit,19010.05,Mid
18995.82,373,Plastic,Silver,Small,Universal Fit,19065.14,Mid
62.65,268,Carbon Fiber,Gray,XL,Universal Fit,150.45,Low
38.25,164,Steel,Silver,Medium,Universal Fit,120.81,Low
56.89,87,Carbon Fiber,Black,Medium,Universal Fit,107.31,Low
84.79,83,Rubber,Blue,XL,Universal Fit,125.34,Low
28963.06,35,Plastic,Silver,XL,Universal Fit,29018.17,Mid
28894.8,244,Aluminum,Gray,Large,Universal Fit,28992.84,Mid
28983.53,91,Carbon Fiber,Black,Small,Universal Fit,29096.15,Mid
28949.73,62,Aluminum,Black,Small,Custom Fit,29041.25,Mid
28961.72,91,Plastic,Gray,Large,Universal Fit,29039.15,Mid
28899.71,278,Aluminum,Blue,Medium,Custom Fit,29010.06,Mid
18903.88,135,Carbon Fiber,Silver,Small,Custom Fit,19004.42,Mid
18903.14,221,Aluminum,Red,Small,Custom Fit,19003.92,Mid
18881.11,458,Plastic,Silver,XL,Universal Fit,19002.83,Mid
18917.25,239,Plastic,Gray,Large,Universal Fit,19003.72,Mid
181.41,137,Rubber,Blue,XL,Universal Fit,317.87,Low
1932.11,24,Steel,Red,Small,Universal Fit,1992.96,Low
1877.34,179,Rubber,Blue,Small,Universal Fit,2039.07,Low
1871.09,484,Aluminum,Red,XL,Universal Fit,2044.97,Low
1887.79,358,Steel,Black,Medium,Universal Fit,2010.03,Low
1900.78,320,Plastic,Silver,Large,Universal Fit,2027.66,Low
1993.43,164,Rubber,Blue,Medium,Custom Fit,2030.81,Low
1938.0,79,Steel,Silver,Medium,Custom Fit,2090.04,Low
1927.24,129,Steel,Blue,XL,Universal Fit,1998.65,Low
1892.12,219,Steel,Silver,Medium,Universal Fit,2036.41,Low
722.93,329,Aluminum,Red,XL,Custom Fit,754.64,Low
656.61,105,Aluminum,Silver,XL,Custom Fit,766.88,Low
690.99,14,Aluminum,Red,Small,Custom Fit,817.59,Low
23009.06,339,Plastic,Silver,Small,Universal Fit,23061.14,Mid
23004.03,364,Rubber,Blue,Medium,Universal Fit,23122.51,Mid
22985.45,396,Rubber,Gray,Medium,Universal Fit,23026.36,Mid
22918.7,435,Carbon Fiber,Black,Small,Custom Fit,23059.11,Mid
23003.8,54,Steel,Red,Large,Universal Fit,23058.57,Mid
293.2,174,Aluminum,Red,Large,Universal Fit,441.24,Low
387.81,115,Aluminum,Silver,Small,Custom Fit,492.54,Low
308.38,303,Carbon Fiber,Blue,Medium,Universal Fit,455.63,Low
293.96,367,Rubber,Black,Small,Custom Fit,401.91,Low
354.59,283,Steel,Red,XL,Universal Fit,424.7,Low
327.11,214,Steel,Blue,Small,Universal Fit,405.68,Low
373.99,498,Steel,Blue,Medium,Universal Fit,538.14,Low
420.6,124,Rubber,Red,Small,Custom Fit,546.88,Low
288.96,307,Aluminum,Gray,Large,Custom Fit,456.64,Low
365.36,188,Steel,Black,XL,Universal Fit,452.2,Low
370.08,310,Carbon Fiber,Silver,Medium,Universal Fit,475.01,Low
392.66,90,Steel,Gray,Small,Custom Fit,496.53,Low
371.24,76,Rubber,Blue,Small,Universal Fit,408.89,Low
323.63,283,Rubber,Gray,Large,Universal Fit,433.91,Low
442.03,451,Plastic,Gray,Medium,Custom Fit,542.73,Low
290.75,442,Rubber,Gray,Small,Universal Fit,406.15,Low
407.65,12,Rubber,Silver,Medium,Universal Fit,500.05,Low
372.98,190,Steel,Gray,XL,Custom Fit,484.56,Low
335.08,75,Plastic,Gray,Medium,Universal Fit,466.04,Low
360.69,276,Aluminum,Black,Medium,Custom Fit,451.59,Low
302.35,278,Rubber,Silver,Large,Universal Fit,467.85,Low
310.79,205,Carbon Fiber,Gray,Large,Universal Fit,503.16,Low
393.77,9,Plastic,Blue,Small,Universal Fit,517.51,Low
329.04,431,Rubber,Silver,Small,Universal Fit,451.53,Low
430.31,389,Carbon Fiber,Blue,Large,Custom Fit,493.78,Low
337.86,219,Aluminum,Black,Large,Universal Fit,430.84,Low
376.86,118,Aluminum,Red,Medium,Custom Fit,427.37,Low
436.72,269,Aluminum,Gray,Small,Universal Fit,472.31,Low
355.85,121,Plastic,Red,Medium,Universal Fit,507.07,Low
357.15,9,Carbon Fiber,Blue,Medium,Universal Fit,427.58,Low
302.54,275,Carbon Fiber,Black,XL,Universal Fit,470.73,Low
359.06,198,Carbon Fiber,Red,Large,Custom Fit,438.72,Low
408.24,88,Aluminum,Silver,Small,Custom Fit,548.22,Low
385.28,342,Steel,Black,Small,Universal Fit,506.28,Low
306.23,103,Carbon Fiber,Black,Small,Universal Fit,458.21,Low
385.12,109,Steel,Silver,XL,Custom Fit,518.74,Low
331.19,33,Carbon Fiber,Black,Large,Custom Fit,446.88,Low
865.6,349,Aluminum,Black,XL,Custom Fit,977.17,Low
952.17,207,Rubber,Black,Medium,Custom Fit,1035.09,Low
917.25,40,Steel,Blue,Medium,Universal Fit,993.79,Low
911.67,120,Plastic,Gray,XL,Custom Fit,943.55,Low
822.8,168,Plastic,Silver,XL,Universal Fit,931.77,Low
898.76,292,Steel,Silver,Large,Custom Fit,954.19,Low
848.12,363,Aluminum,Blue,Medium,Universal Fit,1012.78,Low
415.2,169,Rubber,Black,Medium,Custom Fit,523.38,Low
348.19,289,Aluminum,Blue,Small,Universal Fit,459.49,Low
304.97,389,Rubber,Blue,Small,Universal Fit,427.49,Low
442.8,487,Aluminum,Black,Medium,Custom Fit,524.5,Low
336.44,152,Rubber,Blue,Medium,Universal Fit,504.74,Low
383.73,136,Aluminum,Silver,XL,Universal Fit,512.71,Low
349.66,459,Aluminum,Silver,Large,Universal Fit,491.02,Low
414.08,348,Carbon Fiber,Black,XL,Custom Fit,468.69,Low
313.46,255,Carbon Fiber,Gray,XL,Custom Fit,418.69,Low
345.97,138,Rubber,Gray,XL,Custom Fit,473.26,Low
312.1,52,Steel,Black,Small,Universal Fit,466.08,Low
326.72,117,Steel,Red,Large,Custom Fit,487.37,Low
286.84,3,Carbon Fiber,Black,XL,Universal Fit,392.09,Low
321.72,304,Carbon Fiber,Gray,Medium,Universal Fit,453.52,Low
373.64,407,Rubber,Silver,Medium,Universal Fit,478.64,Low
321.13,422,Aluminum,Black,Medium,Universal Fit,404.35,Low
332.92,499,Rubber,Silver,Small,Custom Fit,430.83,Low
356.43,162,Rubber,Gray,Small,Custom Fit,457.85,Low
413.65,239,Rubber,Silver,Small,Custom Fit,512.03,Low
418.56,65,Plastic,Blue,XL,Universal Fit,498.08,Low
370.05,300,Rubber,Black,Medium,Universal Fit,463.74,Low
372.2,99,Aluminum,Gray,Large,Universal Fit,498.63,Low
327.33,88,Rubber,Blue,Small,Universal Fit,469.87,Low
399.05,482,Rubber,Blue,Medium,Custom Fit,457.29,Low
309.63,15,Plastic,Red,XL,Custom Fit,500.88,Low
367.89,382,Steel,Black,Small,Universal Fit,404.61,Low
318.73,341,Plastic,Red,Large,Universal Fit,420.05,Low
420.8,111,Aluminum,Gray,XL,Custom Fit,537.85,Low
395.31,97,Carbon Fiber,Red,Medium,Custom Fit,501.88,Low
434.46,141,Plastic,Black,XL,Universal Fit,520.9,Low
384.7,494,Aluminum,Gray,Medium,Custom Fit,519.39,Low
379.74,490,Aluminum,Blue,Large,Universal Fit,534.84,Low
330.72,54,Steel,Red,XL,Custom Fit,439.67,Low
427.8,260,Rubber,Red,Small,Custom Fit,466.55,Low
299.99,487,Carbon Fiber,Gray,Medium,Universal Fit,469.51,Low
400.17,86,Aluminum,Black,XL,Universal Fit,462.68,Low
330.25,170,Rubber,Red,Small,Custom Fit,383.56,Low
205.31,296,Plastic,Blue,XL,Custom Fit,320.79,Low
178.82,238,Carbon Fiber,Gray,Large,Custom Fit,277.88,Low
281.25,435,Aluminum,Red,Large,Universal Fit,362.65,Low
273.8,71,Plastic,Blue,Small,Universal Fit,374.62,Low
333.08,467,Plastic,Silver,XL,Custom Fit,366.95,Low
527.92,197,Steel,Silver,Small,Universal Fit,654.65,Low
235.57,272,Carbon Fiber,Silver,XL,Universal Fit,362.78,Low
330.2,45,Aluminum,Blue,Medium,Custom Fit,412.07,Low
151.03,277,Rubber,Gray,Large,Universal Fit,273.86,Low
242.79,23,Steel,Silver,Large,Universal Fit,382.57,Low
159.46,264,Carbon Fiber,Blue,Medium,Custom Fit,318.1,Low
42.06,215,Aluminum,Silver,Large,Custom Fit,81.4,Low
837.24,315,Aluminum,Black,XL,Custom Fit,913.88,Low
330.06,352,Rubber,Red,Medium,Custom Fit,452.07,Low
227.16,19,Steel,Blue,XL,Custom Fit,387.92,Low
297.8,47,Rubber,Black,Large,Custom Fit,424.96,Low
289.19,180,Rubber,Black,XL,Universal Fit,361.97,Low
300.28,160,Aluminum,Silver,Large,Universal Fit,408.63,Low
165.03,437,Plastic,Red,Medium,Universal Fit,339.45,Low
256.67,101,Steel,Blue,Small,Custom Fit,295.38,Low
227.98,212,Steel,Black,XL,Custom Fit,360.75,Low
244.25,335,Aluminum,Black,Large,Universal Fit,359.14,Low
771.03,486,Steel,Red,Large,Custom Fit,867.8,Low
733.2,356,Plastic,Blue,Medium,Custom Fit,765.52,Low
250.26,162,Rubber,Gray,Large,Custom Fit,340.8,Low
94.1,246,Rubber,Red,Small,Custom Fit,211.98,Low
140.47,3,Rubber,Red,Small,Custom Fit,248.04,Low
139.5,495,Steel,Blue,Medium,Universal Fit,288.61,Low
198.86,17,Carbon Fiber,Red,Medium,Custom Fit,323.39,Low
2339.17,346,Carbon Fiber,Red,Large,Custom Fit,2432.64,Low
2295.78,320,Plastic,Black,XL,Universal Fit,2438.85,Low
2357.34,75,Steel,Gray,Small,Universal Fit,2492.38,Low
2360.15,80,Steel,Blue,Large,Custom Fit,2495.37,Low
2366.6,451,Plastic,Red,XL,Universal Fit,2483.8,Low
2324.33,52,Plastic,Red,Large,Custom Fit,2473.6,Low
2370.0,250,Rubber,Gray,Small,Custom Fit,2476.41,Low
2317.1,402,Plastic,Red,Small,Custom Fit,2508.45,Low
2356.24,14,Steel,Black,Small,Universal Fit,2458.74,Low
2283.12,49,Carbon Fiber,Red,Large,Universal Fit,2394.1,Low
1747.15,290,Aluminum,Red,Medium,Custom Fit,1894.27,Low
1809.58,133,Steel,Black,Small,Universal Fit,1928.42,Low
1801.34,217,Plastic,Black,XL,Custom Fit,1977.42,Low
1719.2,117,Plastic,Blue,Large,Custom Fit,1886.31,Low
1826.08,416,Aluminum,Silver,XL,Custom Fit,1867.95,Low
1753.18,323,Plastic,Red,Small,Custom Fit,1875.45,Low
1736.12,414,Steel,Red,Large,Universal Fit,1840.65,Low
1756.59,363,Aluminum,Gray,Large,Universal Fit,1872.87,Low
1797.18,272,Carbon Fiber,Black,Medium,Custom Fit,1859.45,Low
1772.02,311,Plastic,Red,Large,Custom Fit,1857.19,Low
1800.95,256,Carbon Fiber,Gray,Medium,Custom Fit,1920.84,Low
1752.77,363,Carbon Fiber,Gray,Medium,Custom Fit,1873.92,Low
1797.29,321,Aluminum,Red,Small,Custom Fit,1882.65,Low
1852.45,12,Steel,Red,Medium,Universal Fit,1897.76,Low
1815.35,230,Rubber,Gray,Medium,Custom Fit,1932.14,Low
1832.02,135,Rubber,Red,Small,Custom Fit,1884.05,Low
1711.76,106,Carbon Fiber,Silver,XL,Universal Fit,1833.07,Low
1804.2,321,Carbon Fiber,Red,XL,Universal Fit,1900.76,Low
902.18,5,Rubber,Gray,Large,Universal Fit,982.37,Low
841.12,309,Rubber,Blue,Small,Universal Fit,921.65,Low
796.78,124,Steel,Red,XL,Custom Fit,935.06,Low
806.31,258,Steel,Silver,XL,Universal Fit,958.87,Low
45862.27,36,Rubber,Gray,Small,Custom Fit,45979.46,Mid
45907.98,392,Plastic,Gray,Medium,Universal Fit,46036.55,Mid
45995.83,292,Aluminum,Gray,Large,Universal Fit,46052.98,Mid
45976.63,252,Rubber,Black,XL,Custom Fit,46065.11,Mid
45913.79,429,Plastic,Red,Medium,Custom Fit,46016.46,Mid
31947.67,342,Steel,Gray,Large,Custom Fit,32090.34,Mid
31949.41,175,Plastic,Black,Medium,Custom Fit,31993.79,Mid
31872.73,153,Steel,Silver,Large,Universal Fit,31984.17,Mid
31906.31,208,Steel,Silver,XL,Custom Fit,31981.51,Mid
31957.39,486,Carbon Fiber,Red,Medium,Custom Fit,32070.78,Mid
31958.18,234,Steel,Red,Large,Universal Fit,32082.17,Mid
31919.43,155,Steel,Red,XL,Custom Fit,32018.1,Mid
484.18,177,Steel,Silver,XL,Universal Fit,618.42,Low
412.29,112,Steel,Silver,Small,Universal Fit,529.41,Low
399.21,332,Carbon Fiber,Blue,Large,Custom Fit,477.81,Low
450.97,71,Carbon Fiber,Blue,Large,Custom Fit,587.82,Low
444.85,17,Carbon Fiber,Black,XL,Universal Fit,525.43,Low
25976.46,215,Rubber,Gray,Small,Custom Fit,26124.35,Mid
25959.2,74,Aluminum,Gray,Medium,Custom Fit,26132.8,Mid
25943.66,321,Aluminum,Blue,Small,Universal Fit,26059.69,Mid
25970.12,102,Aluminum,Red,XL,Custom Fit,26012.02,Mid
25998.07,291,Carbon Fiber,Gray,Medium,Universal Fit,26049.06,Mid
25999.29,223,Steel,Blue,Large,Universal Fit,26051.24,Mid
25938.89,177,Aluminum,Silver,XL,Universal Fit,26019.03,Mid
31935.56,428,Carbon Fiber,Silver,Small,Universal Fit,32118.91,Mid
31939.67,376,Carbon Fiber,Gray,XL,Universal Fit,32033.65,Mid
31961.99,305,Aluminum,Silver,Medium,Custom Fit,32080.22,Mid
31918.05,214,Rubber,Gray,Small,Universal Fit,32081.07,Mid
31953.73,399,Steel,Black,Small,Universal Fit,32047.8,Mid
19881.66,307,Plastic,Red,Small,Custom Fit,20060.6,Mid
19982.2,167,Rubber,Gray,XL,Universal Fit,20078.52,Mid
19942.53,310,Steel,Silver,Medium,Universal Fit,20003.18,Mid
19955.83,482,Carbon Fiber,Black,Small,Universal Fit,20064.73,Mid
20017.72,347,Plastic,Red,Medium,Custom Fit,20088.29,Mid
19952.12,10,Carbon Fiber,Blue,Small,Custom Fit,20058.52,Mid
19965.9,14,Carbon Fiber,Red,Large,Custom Fit,20040.49,Mid
19987.12,155,Aluminum,Silver,Medium,Universal Fit,20083.28,Mid
33885.86,48,Aluminum,Black,Large,Universal Fit,34004.76,Mid
33897.11,27,Carbon Fiber,Silver,Medium,Universal Fit,34058.22,Mid
33895.19,454,Rubber,Silver,Small,Custom Fit,33995.24,Mid
33928.01,459,Steel,Gray,Large,Universal Fit,34012.04,Mid
48925.38,72,Carbon Fiber,Silver,Small,Custom Fit,49033.32,Mid
49012.16,314,Rubber,Blue,Large,Universal Fit,49093.52,Mid
48940.13,482,Rubber,Blue,Medium,Custom Fit,49069.35,Mid
48969.98,96,Rubber,Gray,Small,Custom Fit,49081.42,Mid
48963.04,187,Carbon Fiber,Black,XL,Universal Fit,49079.22,Mid
48961.31,131,Steel,Gray,Medium,Custom Fit,49037.47,Mid
36924.39,253,Steel,Silver,Medium,Universal Fit,37047.41,Mid
36886.43,478,Carbon Fiber,Gray,Medium,Universal Fit,37067.6,Mid
36912.99,476,Aluminum,Red,Large,Universal Fit,37047.43,Mid
36934.51,376,Rubber,Blue,XL,Universal Fit,36995.65,Mid
36886.84,129,Rubber,Black,Large,Universal Fit,37007.35,Mid
3103.76,102,Aluminum,Gray,XL,Universal Fit,3185.59,Low
3102.77,441,Steel,Red,Small,Custom Fit,3199.9,Low
2989.49,477,Aluminum,Black,XL,Universal Fit,3135.94,Low
425.02,118,Rubber,Red,Large,Custom Fit,468.09,Low
411.87,468,Plastic,Blue,XL,Universal Fit,464.27,Low
458.32,404,Plastic,Red,Large,Custom Fit,531.13,Low
378.18,91,Steel,Silver,Small,Custom Fit,489.23,Low
344.1,239,Aluminum,Black,Large,Custom Fit,505.8,Low
368.51,66,Plastic,Silver,Medium,Universal Fit,449.89,Low
353.27,260,Carbon Fiber,Black,Large,Custom Fit,493.19,Low
317.25,359,Rubber,Black,Large,Custom Fit,362.58,Low
341.73,466,Plastic,Gray,XL,Universal Fit,473.85,Low
342.47,260,Carbon Fiber,Gray,XL,Universal Fit,466.69,Low
377.07,295,Aluminum,Red,Small,Custom Fit,522.71,Low
429.67,175,Carbon Fiber,Gray,XL,Custom Fit,545.72,Low
483.08,124,Steel,Red,Small,Universal Fit,549.12,Low
481.24,410,Steel,Gray,Large,Custom Fit,623.25,Low
436.35,81,Carbon Fiber,Red,Medium,Universal Fit,518.95,Low
483.93,225,Plastic,Silver,XL,Universal Fit,651.61,Low
407.3,102,Carbon Fiber,Black,Medium,Universal Fit,539.45,Low
548.61,410,Steel,Black,Small,Universal Fit,603.42,Low
429.69,55,Rubber,Silver,XL,Custom Fit,582.32,Low
560.21,378,Carbon Fiber,Red,Medium,Custom Fit,601.25,Low
272.75,144,Plastic,Silver,Large,Custom Fit,452.86,Low
330.14,260,Aluminum,Black,Small,Custom Fit,447.54,Low
338.43,185,Rubber,Blue,Large,Custom Fit,466.97,Low
236.31,406,Steel,Black,XL,Custom Fit,356.79,Low
387.34,156,Steel,Blue,Medium,Custom Fit,454.32,Low
381.7,273,Rubber,Gray,Large,Universal Fit,487.47,Low
389.05,167,Plastic,Blue,Medium,Universal Fit,488.79,Low
363.82,393,Aluminum,Silver,Medium,Custom Fit,514.97,Low
433.37,183,Plastic,Silver,Medium,Universal Fit,567.94,Low
477.14,498,Steel,Silver,Small,Custom Fit,588.47,Low
37944.88,305,Plastic,Black,Small,Universal Fit,38066.27,Mid
37911.4,169,Carbon Fiber,Blue,XL,Universal Fit,38049.71,Mid
37960.16,98,Steel,Silver,XL,Custom Fit,38108.51,Mid
37937.87,31,Plastic,Red,Large,Universal Fit,37992.17,Mid
37930.94,490,Plastic,Black,Small,Universal Fit,38053.98,Mid
31936.8,94,Rubber,Gray,XL,Custom Fit,32047.17,Mid
31957.93,436,Aluminum,Gray,Large,Custom Fit,32117.67,Mid
31936.9,373,Rubber,Black,Small,Universal Fit,32068.96,Mid
31942.53,175,Rubber,Blue,Medium,Custom Fit,32094.62,Mid
31934.91,10,Plastic,Red,Small,Universal Fit,32016.95,Mid
29943.51,265,Carbon Fiber,Blue,Small,Universal Fit,30099.33,Mid
29929.11,282,Steel,Blue,Small,Universal Fit,30012.62,Mid
29960.15,470,Steel,Blue,Large,Universal Fit,30020.0,Mid
29929.94,497,Plastic,Black,Large,Custom Fit,30042.72,Mid
29916.1,57,Rubber,Red,Medium,Custom Fit,30052.09,Mid
18907.1,318,Steel,Red,XL,Universal Fit,19026.02,Mid
18950.42,376,Rubber,Black,Small,Universal Fit,19066.45,Mid
18958.19,466,Aluminum,Silver,Medium,Universal Fit,19079.89,Mid
18948.34,277,Aluminum,Black,Small,Universal Fit,19112.33,Mid
36924.1,193,Plastic,Silver,XL,Universal Fit,37048.8,Mid
36936.44,86,Rubber,Black,Large,Universal Fit,37027.12,Mid
36981.67,166,Steel,Blue,XL,Universal Fit,37047.43,Mid
36909.33,29,Steel,Silver,Large,Custom Fit,37024.61,Mid
11.33,436,Steel,Blue,XL,Universal Fit,140.32,Low
0.09,402,Rubber,Blue,Small,Custom Fit,160.04,Low
32.45,185,Plastic,Black,Small,Universal Fit,97.02,Low
24.08,306,Plastic,Silver,XL,Custom Fit,86.24,Low
28005.65,29,Steel,Red,XL,Custom Fit,28137.84,Mid
27947.54,493,Rubber,Black,Large,Universal Fit,28122.9,Mid
27962.27,478,Plastic,Silver,XL,Custom Fit,28035.82,Mid
28008.03,475,Carbon Fiber,Gray,Medium,Custom Fit,28097.49,Mid
27931.09,389,Rubber,Gray,Large,Universal Fit,28040.72,Mid
27883.55,294,Carbon Fiber,Black,XL,Universal Fit,28036.83,Mid
25922.04,357,Plastic,Gray,XL,Universal Fit,26104.0,Mid
25944.66,112,Carbon Fiber,Black,Small,Universal Fit,26043.37,Mid
25968.99,284,Carbon Fiber,Gray,Small,Custom Fit,26063.16,Mid
25926.69,363,Rubber,Red,Medium,Custom Fit,26044.81,Mid
26003.74,135,Aluminum,Black,Medium,Universal Fit,26029.11,Mid
25920.34,391,Rubber,Blue,XL,Universal Fit,26025.38,Mid
25883.9,494,Plastic,Silver,Large,Universal Fit,26027.2,Mid
926.99,293,Aluminum,Gray,Medium,Universal Fit,1014.0,Low
943.2,167,Aluminum,Red,Large,Custom Fit,1039.45,Low
922.26,345,Plastic,Gray,XL,Custom Fit,1054.29,Low
904.65,488,Aluminum,Black,Large,Custom Fit,1003.48,Low
1848.41,491,Plastic,Red,Medium,Custom Fit,1972.29,Low
1760.01,413,Steel,Red,XL,Universal Fit,1886.82,Low
1806.41,382,Carbon Fiber,Blue,Medium,Custom Fit,1933.95,Low
1727.44,154,Steel,Blue,Medium,Universal Fit,1840.31,Low
1793.72,175,Rubber,Black,XL,Custom Fit,1944.9,Low
1565.62,139,Aluminum,Blue,XL,Universal Fit,1630.32,Low
1576.53,72,Aluminum,Silver,Large,Universal Fit,1706.97,Low
1649.88,304,Rubber,Red,XL,Custom Fit,1750.02,Low
1636.38,164,Plastic,Blue,Small,Universal Fit,1763.44,Low
1383.15,365,Rubber,Black,Medium,Universal Fit,1462.54,Low
1320.67,489,Plastic,Gray,Medium,Custom Fit,1440.46,Low
1445.56,155,Rubber,Red,Large,Custom Fit,1487.67,Low
1390.14,95,Rubber,Blue,Medium,Custom Fit,1501.83,Low
1334.64,285,Rubber,Blue,Medium,Universal Fit,1410.4,Low
1909.59,403,Plastic,Red,Large,Custom Fit,2065.73,Low
1926.33,283,Aluminum,Red,Large,Universal Fit,1990.07,Low
1888.39,482,Aluminum,Blue,Large,Custom Fit,2014.46,Low
2006.72,42,Rubber,Silver,Medium,Universal Fit,2120.08,Low
1966.77,475,Rubber,Blue,Large,Universal Fit,2094.34,Low
1906.33,344,Plastic,Silver,Medium,Universal Fit,1997.35,Low
2010.83,442,Plastic,Silver,Large,Custom Fit,2050.94,Low
1330.88,172,Plastic,Red,Small,Universal Fit,1427.69,Low
1283.41,193,Rubber,Silver,Medium,Custom Fit,1400.42,Low
1311.85,227,Plastic,Silver,Medium,Universal Fit,1343.59,Low
1293.89,376,Steel,Red,Medium,Custom Fit,1446.74,Low
1294.81,205,Rubber,Gray,Small,Custom Fit,1448.28,Low
32898.9,379,Plastic,Silver,Small,Universal Fit,33003.36,Mid
32955.72,207,Carbon Fiber,Blue,Small,Custom Fit,33046.77,Mid
20971.3,6,Rubber,Red,Small,Universal Fit,21101.07,Mid
20956.39,400,Steel,Red,Medium,Custom Fit,21038.21,Mid
20972.3,480,Steel,Blue,Medium,Universal Fit,21062.92,Mid
20898.75,471,Steel,Blue,Large,Universal Fit,21067.31,Mid
20948.07,15,Rubber,Blue,Large,Universal Fit,21082.6,Mid
20916.4,124,Aluminum,Blue,Large,Custom Fit,21085.01,Mid
20963.69,3,Plastic,Blue,XL,Custom Fit,21085.08,Mid
79.05,94,Rubber,Black,Medium,Universal Fit,186.03,Low
85.59,404,Carbon Fiber,Silver,Medium,Custom Fit,183.43,Low
114.78,317,Plastic,Black,Medium,Universal Fit,249.66,Low
84.68,208,Rubber,Red,Small,Custom Fit,200.08,Low
159.49,118,Steel,Red,Small,Custom Fit,210.25,Low
22935.0,18,Rubber,Silver,Medium,Custom Fit,23032.78,Mid
22919.49,239,Steel,Gray,XL,Custom Fit,23041.42,Mid
22900.66,488,Plastic,Gray,Large,Custom Fit,23013.8,Mid
22993.96,411,Plastic,Silver,XL,Custom Fit,23120.75,Mid
22854.19,447,Steel,Red,XL,Custom Fit,23007.36,Mid
28931.74,146,Steel,Gray,Small,Universal Fit,29054.13,Mid
34935.63,110,Carbon Fiber,Black,Large,Custom Fit,35017.14,Mid
34939.52,125,Rubber,Blue,XL,Universal Fit,35030.32,Mid
34905.44,377,Rubber,Silver,Large,Custom Fit,34980.42,Mid
34953.59,482,Rubber,Blue,Medium,Custom Fit,35021.04,Mid
34912.4,356,Rubber,Black,Large,Custom Fit,35106.94,Mid
34957.79,403,Carbon Fiber,Black,XL,Universal Fit,35103.24,Mid
54925.87,397,Rubber,Red,XL,Universal Fit,55120.75,Mid
54960.86,69,Steel,Red,XL,Custom Fit,55092.88,Mid
54961.84,15,Plastic,Gray,Small,Custom Fit,55027.44,Mid
54901.92,76,Plastic,Red,Small,Universal Fit,55045.07,Mid
54978.25,98,Steel,Gray,XL,Universal Fit,55073.78,Mid
54942.5,153,Rubber,Black,Small,Custom Fit,55014.37,Mid
54941.66,297,Steel,Blue,Large,Custom Fit,55012.54,Mid
54921.68,289,Plastic,Black,Large,Universal Fit,54986.92,Mid
54971.52,150,Rubber,Blue,Small,Universal Fit,55031.9,Mid
597.2,109,Carbon Fiber,Black,Large,Universal Fit,686.33,Low
515.88,82,Carbon Fiber,Red,Large,Custom Fit,596.04,Low
556.66,240,Steel,Silver,Small,Universal Fit,594.58,Low
592.24,398,Aluminum,Gray,Large,Custom Fit,647.84,Low
392.77,149,Rubber,Gray,Small,Universal Fit,476.08,Low
446.12,0,Plastic,Blue,XL,Universal Fit,489.45,Low
809.36,296,Steel,Gray,Medium,Custom Fit,896.92,Low
1182.72,26,Aluminum,Gray,Small,Universal Fit,1300.79,Low
1095.81,363,Plastic,Blue,Small,Universal Fit,1224.88,Low
865.22,377,Aluminum,Silver,Medium,Custom Fit,939.71,Low
806.52,295,Plastic,Black,Medium,Custom Fit,954.36,Low
737.92,98,Aluminum,Silver,Large,Custom Fit,861.97,Low
711.76,193,Rubber,Black,Large,Custom Fit,870.18,Low
1014.24,126,Rubber,Blue,Large,Universal Fit,1128.83,Low
945.7,153,Rubber,Silver,Large,Custom Fit,1066.9,Low
910.99,134,Steel,Silver,Large,Custom Fit,1019.53,Low
31896.95,301,Steel,Blue,Large,Custom Fit,32022.88,Mid
31959.02,270,Rubber,Blue,Large,Custom Fit,32125.74,Mid
31883.79,455,Rubber,Gray,Medium,Custom Fit,31975.01,Mid
31960.33,290,Aluminum,Silver,Medium,Universal Fit,32059.41,Mid
31975.57,405,Carbon Fiber,Black,XL,Custom Fit,32070.12,Mid
23.38,469,Rubber,Black,XL,Custom Fit,112.42,Low
48.43,489,Rubber,Blue,Medium,Custom Fit,158.09,Low
45.6,303,Aluminum,Gray,Large,Universal Fit,180.72,Low
29032.32,171,Carbon Fiber,Silver,Large,Universal Fit,29118.1,Mid
28861.26,379,Steel,Gray,Small,Custom Fit,28972.71,Mid
28958.12,206,Rubber,Gray,Medium,Universal Fit,29095.82,Mid
28972.54,302,Plastic,Red,Small,Custom Fit,29086.28,Mid
28941.42,192,Aluminum,Red,Small,Universal Fit,29060.19,Mid
28941.03,173,Aluminum,Blue,XL,Universal Fit,29078.28,Mid
344.17,18,Steel,Gray,Large,Custom Fit,471.36,Low
326.36,428,Plastic,Black,XL,Custom Fit,416.3,Low
180.21,487,Rubber,Gray,Medium,Custom Fit,304.01,Low
230.45,383,Plastic,Red,XL,Universal Fit,300.81,Low
246.02,93,Carbon Fiber,Red,XL,Universal Fit,419.51,Low
246.34,396,Rubber,Gray,Small,Custom Fit,355.89,Low
912.06,456,Aluminum,Red,Medium,Custom Fit,1057.95,Low
972.88,203,Rubber,Blue,Small,Universal Fit,1114.97,Low
897.56,389,Rubber,Gray,XL,Custom Fit,1044.0,Low
924.58,154,Steel,Red,Small,Universal Fit,1032.43,Low
1004.92,433,Plastic,Black,Small,Custom Fit,1069.43,Low
946.29,177,Rubber,Gray,Small,Custom Fit,1012.62,Low
969.15,105,Steel,Black,Small,Universal Fit,1087.29,Low
944.96,396,Carbon Fiber,Red,Small,Custom Fit,1003.75,Low
867.42,267,Rubber,Silver,Small,Universal Fit,1038.24,Low
957.7,102,Plastic,Silver,Medium,Universal Fit,1105.13,Low
1007.83,2,Aluminum,Gray,XL,Universal Fit,1096.98,Low
210.83,48,Steel,Silver,XL,Custom Fit,322.35,Low
97.0,109,Carbon Fiber,Black,XL,Custom Fit,240.96,Low
155.08,459,Plastic,Black,Small,Universal Fit,220.42,Low
162.56,447,Carbon Fiber,Black,Small,Universal Fit,241.31,Low
93.76,489,Carbon Fiber,Blue,XL,Custom Fit,216.79,Low
171.13,487,Steel,Blue,Small,Custom Fit,222.99,Low
145.91,446,Steel,Black,Small,Universal Fit,286.05,Low
97.9,389,Plastic,Red,Medium,Universal Fit,207.48,Low
139.46,473,Plastic,Silver,Medium,Universal Fit,245.23,Low
64.3,445,Plastic,Silver,Large,Custom Fit,188.93,Low
87.32,353,Rubber,Red,XL,Custom Fit,202.57,Low
27.27,496,Aluminum,Gray,XL,Custom Fit,148.19,Low
62.81,460,Steel,Black,Small,Custom Fit,153.97,Low
164.82,446,Steel,Gray,Large,Universal Fit,208.04,Low
72.08,209,Steel,Black,XL,Universal Fit,127.66,Low
46.51,410,Steel,Gray,Medium,Custom Fit,165.75,Low
74.51,428,Rubber,Gray,Small,Universal Fit,170.79,Low
66.39,4,Steel,Silver,Large,Custom Fit,166.58,Low
136.67,225,Steel,Black,Small,Universal Fit,220.73,Low
111.65,244,Aluminum,Blue,Medium,Universal Fit,174.41,Low
87.55,492,Carbon Fiber,Silver,Large,Universal Fit,138.25,Low
131.08,308,Carbon Fiber,Blue,XL,Universal Fit,239.14,Low
57.03,15,Plastic,Red,Large,Custom Fit,214.87,Low
174.84,98,Plastic,Silver,Medium,Universal Fit,277.85,Low
159.57,362,Steel,Blue,Small,Universal Fit,278.4,Low
190.66,426,Steel,Gray,Medium,Universal Fit,287.36,Low
132.92,21,Rubber,Black,Medium,Universal Fit,278.55,Low
126.76,248,Rubber,Silver,Large,Universal Fit,297.01,Low
156.14,484,Rubber,Black,Medium,Custom Fit,264.49,Low
212.5,177,Carbon Fiber,Blue,Medium,Universal Fit,278.55,Low
138.43,355,Plastic,Black,Medium,Universal Fit,311.86,Low
179.55,156,Aluminum,Blue,XL,Universal Fit,336.51,Low
148.17,318,Aluminum,Red,Large,Universal Fit,290.3,Low
143.62,443,Steel,Black,Small,Custom Fit,236.32,Low
98.96,177,Carbon Fiber,Blue,Large,Custom Fit,264.0,Low
188.54,291,Steel,Gray,Medium,Custom Fit,341.98,Low
215.26,299,Plastic,Blue,Large,Custom Fit,322.05,Low
174.79,477,Carbon Fiber,Blue,Large,Custom Fit,274.74,Low
164.73,481,Plastic,Black,Large,Custom Fit,252.03,Low
183.14,84,Rubber,Gray,Medium,Custom Fit,277.05,Low
225.89,379,Steel,Red,Large,Universal Fit,334.37,Low
150.91,278,Aluminum,Blue,Medium,Custom Fit,239.88,Low
139.04,182,Steel,Red,XL,Universal Fit,260.78,Low
88.46,497,Plastic,Red,Large,Custom Fit,253.42,Low
81.92,334,Carbon Fiber,Gray,Large,Universal Fit,162.11,Low
83.47,354,Aluminum,Blue,Medium,Universal Fit,202.65,Low
157.68,250,Rubber,Blue,Medium,Custom Fit,211.14,Low
127.83,338,Aluminum,Black,Medium,Universal Fit,221.56,Low
161.88,364,Plastic,Red,Medium,Universal Fit,225.02,Low
156.79,484,Steel,Silver,Small,Universal Fit,213.24,Low
144.11,273,Plastic,Black,Small,Universal Fit,320.23,Low
170.38,363,Carbon Fiber,Black,Small,Universal Fit,263.77,Low
185.32,290,Plastic,Gray,Large,Custom Fit,280.48,Low
138.23,272,Plastic,Black,XL,Custom Fit,292.13,Low
107.4,160,Carbon Fiber,Black,Small,Universal Fit,265.59,Low
146.71,157,Carbon Fiber,Silver,Small,Universal Fit,206.5,Low
151.69,297,Carbon Fiber,Gray,XL,Custom Fit,256.39,Low
146.42,319,Carbon Fiber,Blue,Small,Custom Fit,244.09,Low
102.82,376,Aluminum,Black,XL,Custom Fit,166.95,Low
147.23,132,Aluminum,Red,Large,Universal Fit,196.88,Low
168.09,59,Steel,Black,Large,Universal Fit,215.2,Low
153.63,342,Steel,Gray,Medium,Custom Fit,223.56,Low
77.31,25,Rubber,Red,Large,Universal Fit,220.21,Low
118.91,169,Plastic,Gray,XL,Custom Fit,216.38,Low
108.39,299,Steel,Gray,Medium,Universal Fit,173.95,Low
201.82,329,Aluminum,Silver,Medium,Custom Fit,336.04,Low
152.04,336,Aluminum,Silver,Medium,Universal Fit,311.41,Low
236.2,406,Rubber,Black,Large,Custom Fit,278.02,Low
293.36,226,Plastic,Blue,Small,Universal Fit,359.41,Low
197.59,250,Plastic,Gray,Large,Universal Fit,339.41,Low
255.73,185,Steel,Red,XL,Universal Fit,384.42,Low
135.45,201,Plastic,Gray,Large,Universal Fit,209.79,Low
194.62,495,Aluminum,Silver,Large,Custom Fit,225.7,Low
191.68,117,Carbon Fiber,Red,Medium,Custom Fit,245.06,Low
13.11,66,Plastic,Silver,Large,Custom Fit,134.15,Low
8.4,237,Steel,Red,Large,Universal Fit,69.92,Low
62.96,383,Carbon Fiber,Red,XL,Custom Fit,107.44,Low
43.91,113,Plastic,Gray,XL,Custom Fit,125.94,Low
34941.65,470,Plastic,Gray,Medium,Custom Fit,35041.36,Mid
34996.92,189,Plastic,Red,Large,Custom Fit,35101.82,Mid
34927.74,63,Rubber,Blue,Large,Custom Fit,35051.5,Mid
34936.12,40,Rubber,Blue,XL,Custom Fit,35069.89,Mid
26008.92,494,Aluminum,Silver,Small,Universal Fit,26047.36,Mid
25953.32,218,Plastic,Gray,Large,Universal Fit,26130.06,Mid
26008.34,52,Rubber,Black,Large,Custom Fit,26057.06,Mid
25900.7,91,Aluminum,Red,Large,Universal Fit,26077.86,Mid
25896.19,436,Carbon Fiber,Silver,Small,Custom Fit,26005.6,Mid
21988.42,65,Rubber,Blue,XL,Custom Fit,22115.27,Mid
21961.35,380,Plastic,Black,Small,Universal Fit,22056.6,Mid
21933.81,34,Steel,Red,Small,Universal Fit,22071.67,Mid
21972.59,486,Aluminum,Red,Large,Universal Fit,22058.79,Mid
21941.02,179,Carbon Fiber,Silver,Large,Universal Fit,22052.15,Mid
615.86,335,Carbon Fiber,Gray,Large,Universal Fit,682.71,Low
531.61,431,Rubber,Blue,XL,Universal Fit,705.43,Low
627.54,47,Plastic,Silver,Small,Universal Fit,747.57,Low
509.7,50,Carbon Fiber,Blue,Small,Universal Fit,609.04,Low
608.33,45,Rubber,Black,XL,Universal Fit,676.4,Low
553.29,121,Plastic,Gray,Large,Custom Fit,641.18,Low
630.46,187,Carbon Fiber,Gray,Large,Universal Fit,749.7,Low
572.7,45,Plastic,Black,XL,Universal Fit,616.49,Low
618.4,155,Rubber,Gray,Small,Universal Fit,766.51,Low
505.9,452,Carbon Fiber,Red,Large,Custom Fit,666.31,Low
533.44,148,Aluminum,Silver,Large,Custom Fit,652.77,Low
570.78,200,Aluminum,Silver,Large,Universal Fit,729.55,Low
572.62,480,Steel,Black,XL,Universal Fit,649.66,Low
85.38,344,Plastic,Gray,Large,Universal Fit,158.22,Low
11.93,155,Steel,Blue,Large,Custom Fit,97.62,Low
16.3,432,Carbon Fiber,Black,Large,Universal Fit,162.72,Low
30.64,67,Steel,Silver,XL,Universal Fit,93.44,Low
89.62,390,Carbon Fiber,Gray,Small,Universal Fit,137.13,Low
29.27,191,Plastic,Gray,Medium,Universal Fit,160.1,Low
255.9,105,Rubber,Gray,Small,Universal Fit,279.95,Low
257.54,106,Carbon Fiber,Gray,Large,Custom Fit,344.11,Low
198.62,295,Plastic,Gray,XL,Custom Fit,307.97,Low
431.16,43,Plastic,Red,XL,Universal Fit,608.94,Low
413.63,341,Steel,Red,Small,Universal Fit,505.26,Low
434.97,21,Rubber,Silver,XL,Custom Fit,582.02,Low
462.96,327,Aluminum,Red,Medium,Custom Fit,576.69,Low
420.32,90,Aluminum,Red,Small,Universal Fit,546.89,Low
489.18,394,Plastic,Blue,Small,Custom Fit,585.72,Low
415.98,287,Plastic,Gray,Large,Universal Fit,534.14,Low
329.01,231,Steel,Red,XL,Universal Fit,424.33,Low
290.97,445,Rubber,Silver,Medium,Universal Fit,407.16,Low
271.14,401,Plastic,Silver,Small,Universal Fit,358.2,Low
289.95,129,Steel,Gray,Large,Custom Fit,355.48,Low
255.26,27,Steel,Blue,Medium,Universal Fit,391.88,Low
310.91,443,Steel,Black,XL,Universal Fit,394.53,Low
359.8,475,Carbon Fiber,Black,Medium,Custom Fit,399.34,Low
327.08,225,Plastic,Silver,Medium,Custom Fit,417.09,Low
34905.98,16,Carbon Fiber,Red,Large,Custom Fit,34977.38,Mid
34988.1,13,Steel,Black,XL,Universal Fit,35132.81,Mid
34984.01,382,Aluminum,Gray,Medium,Custom Fit,35103.37,Mid
34866.57,80,Carbon Fiber,Gray,XL,Universal Fit,34996.68,Mid
34957.65,327,Rubber,Blue,Large,Custom Fit,35056.93,Mid
34961.35,62,Plastic,Gray,Medium,Custom Fit,35064.4,Mid
34967.72,261,Carbon Fiber,Gray,Small,Universal Fit,35072.69,Mid
34943.03,415,Plastic,Black,Large,Custom Fit,35107.04,Mid
32865.81,299,Steel,Red,XL,Custom Fit,32997.08,Mid
32966.41,409,Steel,Red,Medium,Custom Fit,33066.82,Mid
32906.31,463,Plastic,Silver,Large,Custom Fit,33042.47,Mid
32917.83,268,Plastic,Gray,XL,Custom Fit,33061.02,Mid
32963.1,246,Aluminum,Gray,Large,Custom Fit,33046.46,Mid
32897.47,226,Aluminum,Silver,Small,Universal Fit,33051.34,Mid
32869.61,287,Carbon Fiber,Black,XL,Universal Fit,33013.98,Mid
32931.71,275,Plastic,Gray,XL,Universal Fit,33064.13,Mid
33878.96,461,Steel,Red,XL,Universal Fit,33989.48,Mid
33927.28,426,Carbon Fiber,Blue,XL,Universal Fit,34096.97,Mid
33999.84,370,Plastic,Black,XL,Universal Fit,34124.77,Mid
33947.22,297,Aluminum,Gray,XL,Universal Fit,34058.07,Mid
33928.32,311,Steel,Black,XL,Universal Fit,34031.68,Mid
33930.44,214,Plastic,Red,Small,Universal Fit,34043.78,Mid
135.31,271,Plastic,Silver,Large,Universal Fit,252.09,Low
157.53,352,Rubber,Silver,Medium,Universal Fit,272.7,Low
170.29,129,Plastic,Black,Large,Universal Fit,301.16,Low
172.18,25,Carbon Fiber,Silver,Small,Custom Fit,250.68,Low
177.34,156,Aluminum,Blue,Medium,Universal Fit,314.54,Low
123.05,358,Aluminum,Black,Small,Universal Fit,234.86,Low
36975.27,146,Steel,Black,Small,Custom Fit,37086.7,Mid
36942.52,263,Carbon Fiber,Black,Small,Custom Fit,37016.56,Mid
36967.63,461,Rubber,Blue,Large,Universal Fit,37124.44,Mid
36987.15,204,Rubber,Blue,Large,Custom Fit,37073.87,Mid
25432.39,243,Carbon Fiber,Silver,Large,Custom Fit,25540.12,Mid
25403.91,138,Plastic,Black,Large,Universal Fit,25551.06,Mid
25411.62,244,Steel,Gray,Medium,Universal Fit,25530.66,Mid
25376.69,404,Carbon Fiber,Red,XL,Custom Fit,25546.83,Mid
25464.34,142,Aluminum,Red,XL,Universal Fit,25576.65,Mid
28911.99,91,Carbon Fiber,Black,Large,Custom Fit,29051.45,Mid
28940.12,293,Aluminum,Gray,Medium,Custom Fit,29098.11,Mid
28992.86,296,Steel,Gray,XL,Custom Fit,29068.58,Mid
28900.48,418,Aluminum,Black,Small,Custom Fit,29040.72,Mid
28998.9,146,Rubber,Blue,Large,Universal Fit,29076.05,Mid
27897.25,343,Rubber,Gray,Medium,Universal Fit,28060.03,Mid
27955.14,142,Carbon Fiber,Silver,Large,Universal Fit,28080.27,Mid
27982.2,359,Rubber,Silver,Small,Universal Fit,28050.06,Mid
27916.84,442,Plastic,Black,XL,Custom Fit,28041.21,Mid
27974.69,266,Aluminum,Red,Large,Custom Fit,28053.42,Mid
27989.07,457,Rubber,Red,Medium,Custom Fit,28107.4,Mid
46941.93,201,Plastic,Blue,Small,Custom Fit,47006.39,Mid
46873.41,353,Rubber,Black,Large,Universal Fit,46989.33,Mid
46905.59,285,Aluminum,Gray,Small,Universal Fit,47061.97,Mid
46901.15,493,Plastic,Blue,XL,Custom Fit,46991.49,Mid
46948.16,460,Carbon Fiber,Black,Large,Custom Fit,46996.12,Mid
67020.56,137,Steel,Silver,XL,Universal Fit,67096.06,Mid
67008.11,269,Plastic,Black,Small,Custom Fit,67057.1,Mid
66897.38,362,Plastic,Black,Small,Universal Fit,67033.36,Mid
67016.86,79,Aluminum,Red,Large,Custom Fit,67053.59,Mid
102.59,398,Plastic,Blue,Small,Custom Fit,277.36,Low
164.36,127,Aluminum,Red,XL,Custom Fit,342.79,Low
214.38,94,Rubber,Black,XL,Custom Fit,347.92,Low
380.61,20,Carbon Fiber,Black,Medium,Custom Fit,427.78,Low
491.78,193,Plastic,Red,Large,Custom Fit,596.7,Low
477.86,286,Steel,Red,Medium,Universal Fit,642.79,Low
432.19,379,Rubber,Blue,Medium,Custom Fit,539.05,Low
500.1,321,Carbon Fiber,Blue,XL,Universal Fit,596.9,Low
480.77,258,Carbon Fiber,Black,Large,Custom Fit,507.19,Low
369.73,245,Rubber,Red,XL,Custom Fit,518.16,Low
419.34,310,Carbon Fiber,Gray,XL,Universal Fit,551.4,Low
24.77,182,Rubber,Black,Large,Custom Fit,141.12,Low
32.84,171,Carbon Fiber,Blue,XL,Universal Fit,200.48,Low
7.89,368,Plastic,Black,Large,Universal Fit,99.38,Low
23.87,16,Aluminum,Red,Medium,Custom Fit,136.26,Low
12.62,415,Carbon Fiber,Silver,Large,Custom Fit,73.92,Low
37.13,147,Carbon Fiber,Silver,Small,Universal Fit,71.53,Low
331.04,230,Plastic,Gray,Small,Universal Fit,504.46,Low
368.96,159,Steel,Silver,Large,Universal Fit,462.65,Low
321.56,141,Rubber,Blue,Large,Universal Fit,407.53,Low
345.78,414,Aluminum,Gray,XL,Universal Fit,439.7,Low
421.41,59,Carbon Fiber,Red,Small,Universal Fit,505.92,Low
579.33,13,Carbon Fiber,Red,Medium,Universal Fit,751.36,Low
643.77,496,Rubber,Gray,Medium,Custom Fit,767.98,Low
625.67,490,Aluminum,Red,Medium,Custom Fit,678.86,Low
620.7,408,Rubber,Gray,XL,Custom Fit,678.07,Low
599.75,453,Plastic,Black,Large,Universal Fit,670.19,Low
577.97,479,Plastic,Black,Medium,Custom Fit,767.47,Low
621.32,384,Steel,Blue,Small,Custom Fit,724.45,Low
655.14,107,Steel,Red,Large,Custom Fit,764.9,Low
686.25,354,Rubber,Gray,Medium,Custom Fit,736.77,Low
679.38,195,Aluminum,Red,Medium,Universal Fit,799.51,Low
687.6,387,Carbon Fiber,Silver,XL,Custom Fit,739.61,Low
642.36,253,Plastic,Blue,Large,Custom Fit,762.87,Low
697.9,275,Aluminum,Gray,XL,Custom Fit,832.39,Low
612.58,291,Steel,Blue,Medium,Custom Fit,745.06,Low
632.26,76,Aluminum,Blue,Large,Universal Fit,786.8,Low
664.05,319,Steel,Blue,Medium,Custom Fit,791.12,Low
670.83,331,Aluminum,Silver,Large,Universal Fit,771.2,Low
660.3,94,Plastic,Gray,Large,Custom Fit,827.25,Low
626.87,32,Aluminum,Gray,XL,Custom Fit,757.92,Low
652.28,9,Steel,Blue,XL,Universal Fit,781.1,Low
641.15,87,Steel,Black,XL,Custom Fit,753.81,Low
641.57,172,Steel,Gray,Large,Universal Fit,760.8,Low
675.68,197,Aluminum,Blue,Medium,Custom Fit,754.03,Low
709.56,182,Aluminum,Red,Large,Custom Fit,840.36,Low
627.72,15,Plastic,Silver,Small,Custom Fit,804.16,Low
662.85,137,Carbon Fiber,Gray,Large,Custom Fit,748.26,Low
703.42,26,Aluminum,Blue,XL,Custom Fit,796.13,Low
661.71,271,Aluminum,Gray,Medium,Custom Fit,839.21,Low
740.49,414,Carbon Fiber,Black,Large,Universal Fit,865.26,Low
717.76,77,Rubber,Silver,Large,Custom Fit,813.51,Low
690.94,221,Steel,Silver,Medium,Universal Fit,843.13,Low
692.98,328,Aluminum,Black,Small,Universal Fit,754.55,Low
683.87,481,Steel,Black,Medium,Custom Fit,732.26,Low
674.83,472,Carbon Fiber,Red,Large,Universal Fit,845.98,Low
679.0,437,Plastic,Silver,Medium,Universal Fit,833.55,Low
765.79,209,Rubber,Silver,Small,Universal Fit,856.38,Low
647.73,341,Rubber,Silver,XL,Custom Fit,719.49,Low
674.25,449,Aluminum,Red,Large,Universal Fit,826.35,Low
698.58,106,Plastic,Black,Large,Custom Fit,743.83,Low
692.62,153,Plastic,Blue,Large,Custom Fit,772.89,Low
668.56,56,Carbon Fiber,Red,Small,Custom Fit,852.53,Low
663.41,252,Plastic,Red,Small,Universal Fit,745.62,Low
719.99,5,Carbon Fiber,Blue,Medium,Universal Fit,857.45,Low
665.44,136,Plastic,Blue,Large,Custom Fit,804.17,Low
625.7,464,Aluminum,Gray,Large,Custom Fit,760.5,Low
89.26,386,Steel,Gray,Medium,Custom Fit,191.05,Low
58.38,209,Aluminum,Black,Small,Custom Fit,223.49,Low
13008.68,373,Carbon Fiber,Black,Medium,Universal Fit,13121.17,Low
12968.93,116,Rubber,Blue,Medium,Custom Fit,13035.05,Low
13009.49,97,Plastic,Silver,Small,Custom Fit,13070.49,Low
12979.7,231,Carbon Fiber,Black,Small,Universal Fit,13032.82,Low
12902.28,374,Plastic,Silver,Small,Universal Fit,13041.75,Low
52953.49,310,Rubber,Gray,XL,Custom Fit,53081.07,Mid
52890.81,476,Aluminum,Gray,Medium,Universal Fit,53035.37,Mid
52948.48,420,Steel,Black,Small,Custom Fit,53093.88,Mid
52949.85,112,Carbon Fiber,Black,Large,Universal Fit,53012.45,Mid
52957.06,458,Aluminum,Silver,Small,Universal Fit,53135.06,Mid
41917.7,51,Carbon Fiber,Blue,XL,Universal Fit,42006.19,Mid
41899.0,427,Aluminum,Black,Medium,Universal Fit,42031.38,Mid
41970.71,270,Carbon Fiber,Black,Medium,Universal Fit,42021.33,Mid
29981.76,289,Carbon Fiber,Black,Small,Custom Fit,30111.53,Mid
29956.31,230,Carbon Fiber,Blue,Medium,Universal Fit,30049.18,Mid
29884.56,203,Rubber,Gray,Medium,Universal Fit,30018.37,Mid
29944.09,125,Rubber,Silver,Large,Universal Fit,30071.83,Mid
29994.0,352,Aluminum,Red,Medium,Universal Fit,30058.29,Mid
28917.95,118,Rubber,Red,Small,Custom Fit,29023.03,Mid
28971.62,9,Rubber,Black,Large,Universal Fit,29002.35,Mid
28991.66,374,Plastic,Black,Small,Universal Fit,29060.35,Mid
28903.71,246,Carbon Fiber,Red,Large,Universal Fit,29035.54,Mid
26892.07,67,Plastic,Black,Large,Universal Fit,27061.67,Mid
26933.68,398,Plastic,Red,XL,Universal Fit,27051.22,Mid
26984.1,89,Steel,Blue,Small,Custom Fit,27056.67,Mid
26943.81,496,Aluminum,Silver,XL,Universal Fit,27076.95,Mid
53021.15,216,Steel,Blue,Medium,Custom Fit,53058.43,Mid
52893.63,220,Steel,Black,XL,Universal Fit,53056.23,Mid
52968.46,423,Plastic,Black,Small,Universal Fit,53097.43,Mid
52919.43,115,Rubber,Red,Small,Custom Fit,52998.7,Mid
52921.92,215,Carbon Fiber,Blue,Medium,Universal Fit,53070.2,Mid
52935.39,255,Aluminum,Blue,Medium,Universal Fit,53049.6,Mid
52954.9,27,Steel,Blue,XL,Custom Fit,53096.65,Mid
129002.74,305,Steel,Silver,Large,Custom Fit,129082.19,High
128916.2,119,Steel,Silver,Medium,Custom Fit,129017.96,High
128929.21,411,Steel,Blue,Large,Custom Fit,129034.33,High
128970.78,451,Aluminum,Red,XL,Universal Fit,129116.2,High
129010.47,92,Steel,Silver,XL,Universal Fit,129110.05,High
119919.36,425,Rubber,Gray,Large,Custom Fit,120013.54,High
119883.78,179,Steel,Silver,Large,Universal Fit,119971.72,High
119976.77,141,Plastic,Silver,Small,Custom Fit,120110.28,High
119872.96,165,Plastic,Silver,XL,Universal Fit,119994.46,High
119944.26,389,Plastic,Gray,Large,Custom Fit,120129.37,High
120003.41,191,Steel,Gray,XL,Custom Fit,120081.41,High
119882.28,342,Steel,Silver,Large,Custom Fit,120010.87,High
119981.98,62,Steel,Black,XL,Universal Fit,120103.14,High
120003.5,231,Aluminum,Gray,Large,Universal Fit,120074.37,High
29939.69,289,Steel,Silver,Large,Universal Fit,30131.83,Mid
29941.53,216,Carbon Fiber,Silver,Small,Universal Fit,30066.53,Mid
29942.79,193,Rubber,Silver,Small,Custom Fit,30087.41,Mid
30984.12,99,Steel,Black,Small,Custom Fit,31064.87,Mid
30953.57,318,Carbon Fiber,Red,Large,Universal Fit,31057.7,Mid
30906.39,173,Steel,Black,Large,Universal Fit,31064.61,Mid
30959.17,287,Rubber,Blue,XL,Universal Fit,31042.18,Mid
30959.82,429,Aluminum,Gray,Medium,Custom Fit,31062.68,Mid
30895.62,164,Plastic,Blue,XL,Universal Fit,31028.99,Mid
30950.65,240,Aluminum,Silver,Large,Custom Fit,31071.04,Mid
30946.83,164,Aluminum,Black,XL,Universal Fit,31085.57,Mid
30988.24,447,Carbon Fiber,Red,Large,Custom Fit,31112.84,Mid
26952.08,293,Steel,Blue,Small,Custom Fit,27051.95,Mid
26978.08,391,Carbon Fiber,Red,Small,Universal Fit,27052.42,Mid
26988.22,45,Plastic,Black,Small,Universal Fit,27096.64,Mid
26917.66,490,Carbon Fiber,Red,Small,Universal Fit,26967.69,Mid
34900.42,111,Aluminum,Black,XL,Universal Fit,35038.58,Mid
34935.08,322,Aluminum,Silver,Medium,Custom Fit,35116.69,Mid
34896.39,459,Rubber,Red,XL,Universal Fit,35034.23,Mid
34896.13,319,Aluminum,Gray,Medium,Custom Fit,35003.24,Mid
158.36,332,Carbon Fiber,Blue,Small,Universal Fit,283.04,Low
135.78,401,Steel,Blue,Small,Universal Fit,300.78,Low
62.86,240,Steel,Gray,Medium,Custom Fit,225.56,Low
113.32,190,Carbon Fiber,Black,Large,Universal Fit,255.93,Low
103.99,489,Aluminum,Black,XL,Custom Fit,253.52,Low
73.74,264,Carbon Fiber,Gray,Small,Universal Fit,233.27,Low
99.87,170,Carbon Fiber,Black,Large,Custom Fit,261.68,Low
124.34,221,Rubber,Silver,XL,Custom Fit,191.27,Low
195.6,314,Plastic,Silver,Medium,Custom Fit,315.14,Low
140.41,455,Aluminum,Gray,Large,Custom Fit,311.98,Low
189.9,76,Rubber,Silver,Medium,Custom Fit,301.38,Low
171.72,25,Steel,Gray,Large,Universal Fit,344.96,Low
224.78,179,Steel,Blue,Large,Custom Fit,335.41,Low
178.05,243,Rubber,Black,XL,Custom Fit,293.3,Low
156.31,317,Plastic,Black,Large,Universal Fit,283.5,Low
133.88,151,Carbon Fiber,Black,Large,Universal Fit,236.85,Low
239.27,167,Rubber,Silver,Medium,Universal Fit,304.0,Low
121.41,67,Plastic,Black,Small,Universal Fit,305.22,Low
295.05,415,Rubber,Red,Small,Universal Fit,343.74,Low
268.1,99,Aluminum,Black,XL,Custom Fit,349.17,Low
255.31,130,Plastic,Blue,Small,Universal Fit,375.98,Low
276.67,328,Steel,Silver,XL,Universal Fit,389.21,Low
207.94,128,Aluminum,Gray,Large,Custom Fit,342.52,Low
240.15,353,Plastic,Blue,Small,Custom Fit,395.81,Low
236.35,120,Aluminum,Gray,Medium,Custom Fit,348.72,Low
253.01,136,Steel,Blue,Small,Universal Fit,356.35,Low
192.52,457,Steel,Red,Medium,Universal Fit,288.17,Low
230.77,211,Aluminum,Blue,Small,Custom Fit,317.71,Low
429.45,115,Plastic,Blue,Large,Universal Fit,548.89,Low
430.14,129,Plastic,Silver,XL,Custom Fit,608.14,Low
556.79,2,Plastic,Red,XL,Universal Fit,648.36,Low
545.36,326,Steel,Gray,XL,Custom Fit,646.13,Low
502.03,135,Rubber,Black,Large,Custom Fit,596.38,Low
497.55,4,Steel,Silver,Medium,Universal Fit,615.71,Low
289.23,119,Rubber,Gray,XL,Custom Fit,384.06,Low
323.78,171,Aluminum,Black,Medium,Custom Fit,460.73,Low
300.63,274,Aluminum,Blue,XL,Custom Fit,424.0,Low
306.42,382,Aluminum,Gray,Large,Custom Fit,447.28,Low
372.45,284,Steel,Red,Medium,Custom Fit,436.09,Low
400.45,265,Rubber,Red,XL,Custom Fit,522.75,Low
435.26,14,Steel,Black,Medium,Universal Fit,572.16,Low
484.16,164,Steel,Blue,XL,Custom Fit,595.7,Low
545.45,101,Aluminum,Gray,Large,Custom Fit,599.99,Low
446.08,366,Carbon Fiber,Gray,Medium,Custom Fit,553.69,Low
152.32,189,Aluminum,Red,Small,Universal Fit,271.41,Low
175.71,208,Aluminum,Blue,Small,Custom Fit,348.5,Low
182.69,444,Plastic,Red,Medium,Custom Fit,312.98,Low
169.96,84,Rubber,Silver,Medium,Universal Fit,263.61,Low
208.2,372,Rubber,Gray,XL,Custom Fit,290.84,Low
184.47,60,Carbon Fiber,Silver,Large,Custom Fit,292.21,Low
195.9,142,Steel,Blue,XL,Universal Fit,268.02,Low
230.76,482,Carbon Fiber,Silver,Medium,Universal Fit,368.2,Low
186.86,141,Rubber,Blue,Medium,Universal Fit,297.47,Low
172.34,364,Plastic,Blue,Small,Universal Fit,330.72,Low
177.27,407,Carbon Fiber,Gray,Large,Universal Fit,315.07,Low
124.26,359,Rubber,Red,Small,Universal Fit,243.86,Low
9.12,357,Aluminum,Black,Large,Universal Fit,171.78,Low
53.03,345,Carbon Fiber,Silver,XL,Universal Fit,224.17,Low
110.35,194,Carbon Fiber,Red,Medium,Custom Fit,180.93,Low
215.65,145,Carbon Fiber,Gray,XL,Custom Fit,343.57,Low
216.3,433,Steel,Silver,XL,Custom Fit,305.28,Low
223.92,394,Rubber,Blue,Small,Universal Fit,366.25,Low
281.97,113,Steel,Red,XL,Universal Fit,360.46,Low
492.11,254,Plastic,Red,XL,Universal Fit,589.23,Low
519.08,347,Rubber,Blue,XL,Custom Fit,631.53,Low
511.15,487,Steel,Black,Large,Universal Fit,591.91,Low
419.23,297,Rubber,Silver,Small,Custom Fit,593.63,Low
536.16,455,Rubber,Silver,Medium,Universal Fit,598.77,Low
450.89,385,Plastic,Blue,Small,Custom Fit,559.4,Low
429.87,106,Carbon Fiber,Black,Large,Universal Fit,571.79,Low
512.36,252,Carbon Fiber,Gray,Small,Universal Fit,601.1,Low
527.39,71,Carbon Fiber,Gray,Medium,Custom Fit,605.19,Low
468.82,43,Plastic,Black,Medium,Custom Fit,637.08,Low
681.11,278,Aluminum,Red,Small,Custom Fit,806.99,Low
696.34,314,Plastic,Silver,Medium,Custom Fit,822.4,Low
786.96,480,Rubber,Blue,Large,Universal Fit,866.19,Low
741.7,451,Aluminum,Silver,Small,Universal Fit,826.35,Low
786.97,346,Rubber,Red,Small,Universal Fit,820.93,Low
701.48,385,Carbon Fiber,Gray,Medium,Universal Fit,826.51,Low
723.1,232,Aluminum,Red,Medium,Custom Fit,807.83,Low
741.37,193,Steel,Gray,Large,Custom Fit,853.89,Low
750.67,261,Steel,Silver,Medium,Universal Fit,863.41,Low
720.76,421,Plastic,Black,Small,Custom Fit,827.58,Low
681.59,233,Rubber,Black,XL,Universal Fit,794.07,Low
676.53,161,Steel,Red,XL,Universal Fit,791.61,Low
747.54,130,Rubber,Silver,Medium,Universal Fit,817.58,Low
708.83,6,Steel,Blue,XL,Custom Fit,848.46,Low
792.79,237,Plastic,Red,Small,Universal Fit,844.52,Low
647.0,114,Aluminum,Silver,Medium,Custom Fit,832.1,Low
746.31,258,Rubber,Silver,Large,Universal Fit,872.36,Low
746.03,203,Steel,Silver,Small,Universal Fit,815.97,Low
730.78,349,Rubber,Blue,XL,Universal Fit,798.95,Low
518.69,487,Plastic,Silver,Large,Universal Fit,694.23,Low
552.54,403,Steel,Black,Large,Universal Fit,634.88,Low
574.64,142,Carbon Fiber,Blue,Large,Custom Fit,678.92,Low
466.69,30,Aluminum,Red,Medium,Universal Fit,644.29,Low
528.22,470,Carbon Fiber,Gray,Medium,Universal Fit,591.42,Low
500.26,492,Aluminum,Red,Small,Universal Fit,634.15,Low
540.89,122,Carbon Fiber,Gray,Large,Custom Fit,656.18,Low
523.52,451,Plastic,Blue,Medium,Universal Fit,648.15,Low
306.29,275,Aluminum,Black,Small,Custom Fit,447.79,Low
235.3,55,Rubber,Blue,Large,Custom Fit,368.05,Low
334.49,87,Carbon Fiber,Gray,Small,Custom Fit,422.25,Low
228.35,197,Steel,Silver,XL,Universal Fit,406.84,Low
303.46,69,Carbon Fiber,Blue,XL,Custom Fit,423.49,Low
275.26,450,Steel,Red,Small,Custom Fit,397.13,Low
293.44,374,Steel,Silver,Medium,Custom Fit,444.95,Low
28920.09,250,Steel,Red,Small,Universal Fit,29078.59,Mid
28945.74,278,Rubber,Gray,Small,Custom Fit,29019.81,Mid
28896.77,54,Plastic,Red,Medium,Custom Fit,29066.83,Mid
28915.81,61,Aluminum,Black,Small,Custom Fit,29030.76,Mid
19929.63,278,Carbon Fiber,Silver,Small,Universal Fit,20039.18,Mid
19990.44,2,Plastic,Gray,Medium,Universal Fit,20059.27,Mid
19963.58,202,Aluminum,Blue,Large,Universal Fit,20057.48,Mid
19991.19,346,Carbon Fiber,Gray,Large,Universal Fit,20122.15,Mid
22019.5,246,Plastic,Black,Large,Universal Fit,22078.37,Mid
22013.98,375,Aluminum,Red,Small,Universal Fit,22079.4,Mid
21923.25,42,Carbon Fiber,Gray,Medium,Universal Fit,22031.17,Mid
21968.03,414,Aluminum,Black,Small,Custom Fit,22072.66,Mid
23917.71,285,Carbon Fiber,Gray,Large,Custom Fit,24042.82,Mid
23904.83,120,Plastic,Black,Small,Custom Fit,24035.92,Mid
23881.77,412,Rubber,Black,Large,Universal Fit,24011.04,Mid
23932.84,499,Carbon Fiber,Blue,XL,Universal Fit,24072.67,Mid
23933.66,374,Aluminum,Blue,Large,Universal Fit,24109.49,Mid
21896.84,85,Rubber,Black,Medium,Universal Fit,22077.54,Mid
21906.87,166,Aluminum,Silver,Large,Universal Fit,22019.22,Mid
21928.32,88,Plastic,Red,XL,Universal Fit,21999.89,Mid
26959.76,372,Rubber,Gray,Large,Custom Fit,27051.84,Mid
26900.26,339,Aluminum,Red,XL,Universal Fit,26977.57,Mid
26958.69,49,Carbon Fiber,Gray,Small,Custom Fit,27041.11,Mid
29986.48,128,Aluminum,Red,Medium,Universal Fit,30145.37,Mid
29972.09,319,Steel,Black,XL,Custom Fit,30042.7,Mid
29926.93,138,Carbon Fiber,Silver,Large,Custom Fit,30080.19,Mid
443.01,153,Steel,Blue,Small,Custom Fit,559.6,Low
381.76,107,Carbon Fiber,Blue,XL,Universal Fit,479.03,Low
685.8,183,Aluminum,Silver,XL,Universal Fit,787.3,Low
623.33,126,Steel,Black,Small,Custom Fit,742.12,Low
665.37,207,Rubber,Black,Large,Universal Fit,833.22,Low
585.66,200,Rubber,Blue,Medium,Custom Fit,733.46,Low
712.57,71,Aluminum,Blue,XL,Universal Fit,833.0,Low
625.98,219,Plastic,Red,Large,Custom Fit,707.57,Low
637.71,438,Carbon Fiber,Gray,XL,Universal Fit,720.49,Low
649.16,290,Plastic,Silver,Medium,Custom Fit,685.68,Low
627.9,27,Carbon Fiber,Red,Medium,Universal Fit,649.11,Low
561.2,333,Steel,Silver,Medium,Custom Fit,622.31,Low
573.04,213,Carbon Fiber,Gray,Medium,Universal Fit,692.86,Low
583.48,161,Carbon Fiber,Red,Small,Universal Fit,686.17,Low
586.5,216,Carbon Fiber,Silver,Large,Universal Fit,649.63,Low
590.77,198,Carbon Fiber,Gray,XL,Universal Fit,707.25,Low
509.79,38,Carbon Fiber,Blue,Small,Universal Fit,655.18,Low
717.59,42,Aluminum,Gray,Small,Universal Fit,771.92,Low
706.15,310,Steel,Silver,Small,Universal Fit,838.48,Low
806.9,172,Rubber,Blue,Medium,Universal Fit,841.37,Low
737.15,20,Carbon Fiber,Gray,XL,Universal Fit,844.48,Low
766.15,107,Aluminum,Gray,Medium,Universal Fit,819.19,Low
661.8,235,Steel,Red,Medium,Custom Fit,786.11,Low
782.52,31,Carbon Fiber,Gray,Small,Custom Fit,932.28,Low
739.01,242,Rubber,Blue,Medium,Custom Fit,842.91,Low
618.81,385,Aluminum,Silver,Large,Custom Fit,729.08,Low
675.17,85,Steel,Red,Medium,Universal Fit,797.96,Low
723.09,304,Aluminum,Blue,XL,Universal Fit,779.91,Low
674.8,415,Aluminum,Red,XL,Universal Fit,771.17,Low
3533.73,188,Rubber,Black,Large,Custom Fit,3657.8,Low
3576.26,205,Carbon Fiber,Blue,XL,Custom Fit,3754.82,Low
3654.17,316,Carbon Fiber,Blue,XL,Custom Fit,3683.71,Low
3686.48,333,Steel,Gray,Medium,Universal Fit,3715.55,Low
573.46,402,Rubber,Red,Large,Custom Fit,638.21,Low
570.51,435,Plastic,Blue,Medium,Custom Fit,614.1,Low
621.79,491,Plastic,Blue,Large,Custom Fit,671.65,Low
642.53,260,Steel,Black,Medium,Universal Fit,747.47,Low
601.8,446,Aluminum,Red,XL,Custom Fit,718.75,Low
560.23,6,Steel,Silver,Medium,Custom Fit,710.44,Low
486.6,319,Carbon Fiber,Silver,Large,Universal Fit,620.82,Low
551.23,145,Carbon Fiber,Black,Medium,Universal Fit,642.33,Low
559.09,233,Carbon Fiber,Blue,XL,Universal Fit,631.2,Low
532.76,326,Aluminum,Black,Medium,Universal Fit,659.24,Low
564.28,446,Plastic,Red,Medium,Universal Fit,694.19,Low
502.98,144,Steel,Silver,Large,Custom Fit,693.07,Low
555.3,194,Carbon Fiber,Silver,Small,Universal Fit,622.26,Low
595.74,311,Steel,Blue,XL,Universal Fit,648.36,Low
609.53,398,Rubber,Gray,Small,Custom Fit,658.64,Low
550.23,370,Aluminum,Black,Large,Universal Fit,676.47,Low
574.32,19,Steel,Red,Small,Universal Fit,679.84,Low
532.39,121,Carbon Fiber,Silver,Medium,Custom Fit,654.65,Low
543.13,264,Steel,Silver,Large,Universal Fit,682.31,Low
504.43,319,Steel,Gray,Small,Custom Fit,684.19,Low
609.26,42,Carbon Fiber,Red,Medium,Universal Fit,721.19,Low
509.67,409,Carbon Fiber,Red,XL,Custom Fit,625.54,Low
577.49,3,Carbon Fiber,Blue,Small,Custom Fit,693.13,Low
535.58,38,Plastic,Red,Large,Universal Fit,640.84,Low
548.99,178,Plastic,Red,Large,Universal Fit,607.82,Low
623.67,326,Carbon Fiber,Silver,XL,Universal Fit,686.47,Low
550.64,293,Aluminum,Blue,Large,Custom Fit,627.22,Low
564.97,14,Rubber,Red,Large,Universal Fit,721.32,Low
494.43,411,Rubber,Red,XL,Custom Fit,614.46,Low
711.28,47,Rubber,Blue,Medium,Universal Fit,794.72,Low
694.08,149,Rubber,Black,Large,Universal Fit,876.57,Low
671.01,220,Carbon Fiber,Gray,Large,Custom Fit,811.75,Low
658.8,482,Plastic,Blue,XL,Custom Fit,709.92,Low
616.23,232,Plastic,Silver,Large,Universal Fit,772.23,Low
712.35,106,Plastic,Blue,Large,Custom Fit,852.37,Low
648.45,265,Aluminum,Red,Large,Custom Fit,778.58,Low
676.6,197,Steel,Gray,Large,Custom Fit,743.45,Low
663.73,401,Aluminum,Black,Small,Custom Fit,861.1,Low
650.63,285,Aluminum,Red,Medium,Custom Fit,760.07,Low
693.11,29,Plastic,Silver,Medium,Universal Fit,810.48,Low
572.78,232,Carbon Fiber,Blue,XL,Custom Fit,737.62,Low
501.98,373,Aluminum,Blue,Large,Custom Fit,639.06,Low
591.77,124,Rubber,Gray,Medium,Universal Fit,729.3,Low
549.6,260,Aluminum,Silver,Small,Custom Fit,631.93,Low
544.73,52,Carbon Fiber,Blue,XL,Custom Fit,687.48,Low
556.41,447,Rubber,Silver,Small,Custom Fit,657.0,Low
644.2,93,Carbon Fiber,Black,Medium,Custom Fit,752.9,Low
562.3,374,Carbon Fiber,Silver,XL,Custom Fit,647.8,Low
581.9,248,Aluminum,Red,Large,Universal Fit,680.71,Low
575.87,2,Aluminum,Red,Small,Universal Fit,652.71,Low
552.12,356,Aluminum,Black,Medium,Universal Fit,680.94,Low
80.27,268,Rubber,Gray,Small,Custom Fit,180.98,Low
80.35,181,Plastic,Blue,Small,Custom Fit,181.6,Low
64.84,456,Plastic,Black,Large,Universal Fit,179.2,Low
69.75,80,Rubber,Gray,XL,Custom Fit,177.32,Low
119.87,272,Rubber,Blue,Small,Universal Fit,211.03,Low
36.9,331,Aluminum,Silver,Small,Universal Fit,185.95,Low
124.7,325,Rubber,Gray,XL,Universal Fit,224.72,Low
698.8,377,Rubber,Red,Large,Universal Fit,803.15,Low
597.57,204,Rubber,Red,Small,Custom Fit,713.23,Low
614.17,395,Carbon Fiber,Black,Small,Custom Fit,727.77,Low
619.91,458,Rubber,Gray,Large,Universal Fit,787.62,Low
189.25,15,Carbon Fiber,Red,Medium,Custom Fit,334.88,Low
179.45,321,Rubber,Gray,Medium,Custom Fit,343.0,Low
19.14,144,Carbon Fiber,Silver,Small,Universal Fit,151.62,Low
22.11,487,Rubber,Blue,Large,Universal Fit,141.62,Low
29.49,476,Rubber,Blue,Medium,Universal Fit,191.48,Low
13.52,125,Plastic,Black,Large,Custom Fit,158.19,Low
23.76,77,Steel,Gray,Small,Custom Fit,177.83,Low
126.89,0,Aluminum,Silver,Large,Custom Fit,170.67,Low
14.21,104,Rubber,Silver,XL,Universal Fit,138.25,Low
93.32,143,Carbon Fiber,Red,Medium,Custom Fit,157.25,Low
660.19,99,Plastic,Blue,Medium,Custom Fit,732.48,Low
620.28,51,Carbon Fiber,Black,Medium,Universal Fit,773.71,Low
654.03,206,Carbon Fiber,Black,XL,Custom Fit,774.82,Low
556.09,36,Aluminum,Black,Large,Universal Fit,725.11,Low
373.37,452,Carbon Fiber,Black,Small,Universal Fit,506.58,Low
331.52,125,Steel,Silver,Medium,Universal Fit,509.7,Low
336.89,25,Steel,Red,XL,Universal Fit,440.16,Low
304.5,279,Rubber,Red,XL,Custom Fit,492.23,Low
285.57,282,Aluminum,Black,Small,Universal Fit,402.9,Low
316.65,497,Rubber,Red,Medium,Universal Fit,406.21,Low
336.44,377,Carbon Fiber,Black,Medium,Custom Fit,425.46,Low
361.24,155,Steel,Blue,Medium,Custom Fit,454.77,Low
491.48,437,Plastic,Blue,Small,Custom Fit,662.61,Low
515.16,251,Carbon Fiber,Black,Medium,Custom Fit,553.63,Low
485.97,43,Carbon Fiber,Red,Small,Universal Fit,633.45,Low
421.39,354,Plastic,Red,XL,Universal Fit,598.67,Low
485.51,428,Rubber,Black,Large,Custom Fit,648.27,Low
485.41,42,Plastic,Black,XL,Universal Fit,576.35,Low
606.4,146,Rubber,Blue,Large,Custom Fit,743.07,Low
698.05,374,Plastic,Silver,Large,Custom Fit,855.88,Low
623.65,334,Aluminum,Blue,Medium,Universal Fit,715.37,Low
704.0,212,Rubber,Silver,Large,Custom Fit,780.57,Low
667.55,22,Steel,Gray,Small,Custom Fit,852.33,Low
667.36,369,Steel,Blue,Large,Universal Fit,714.28,Low
176.38,256,Rubber,Blue,Large,Custom Fit,346.4,Low
178.16,69,Aluminum,Gray,Large,Universal Fit,310.24,Low
29931.21,402,Plastic,Blue,Medium,Custom Fit,30013.54,Mid
30005.14,496,Plastic,Red,Medium,Universal Fit,30065.13,Mid
29919.61,407,Carbon Fiber,Gray,Small,Custom Fit,29995.11,Mid
29944.0,250,Rubber,Black,Small,Universal Fit,30052.21,Mid
28974.37,457,Aluminum,Black,Large,Custom Fit,29109.84,Mid
28893.03,176,Plastic,Silver,Small,Custom Fit,28992.77,Mid
28968.92,302,Carbon Fiber,Black,Large,Custom Fit,29056.21,Mid
34933.11,143,Aluminum,Blue,Large,Custom Fit,34969.39,Mid
34957.18,317,Rubber,Red,Large,Universal Fit,35059.19,Mid
34885.29,435,Aluminum,Black,Medium,Custom Fit,34990.16,Mid
28995.49,311,Steel,Silver,XL,Universal Fit,29112.98,Mid
28907.75,60,Carbon Fiber,Red,Medium,Custom Fit,29029.53,Mid
28956.11,479,Rubber,Blue,Large,Universal Fit,29060.66,Mid
29014.46,304,Plastic,Silver,XL,Custom Fit,29085.65,Mid
22935.33,200,Steel,Black,Large,Custom Fit,23124.53,Mid
22930.78,228,Aluminum,Black,XL,Custom Fit,23068.12,Mid
22958.64,70,Plastic,Gray,Medium,Universal Fit,23059.37,Mid
22905.33,92,Steel,Gray,Medium,Custom Fit,23012.86,Mid
29940.69,194,Aluminum,Gray,Large,Universal Fit,30005.64,Mid
29897.66,132,Steel,Black,Medium,Universal Fit,30031.81,Mid
29935.11,20,Carbon Fiber,Gray,XL,Universal Fit,30017.22,Mid
29978.12,291,Aluminum,Red,Large,Universal Fit,30053.74,Mid
27974.88,333,Steel,Silver,Medium,Custom Fit,28034.27,Mid
27939.75,222,Carbon Fiber,Blue,XL,Universal Fit,27989.6,Mid
27943.47,218,Aluminum,Black,Small,Custom Fit,28001.18,Mid
27947.77,321,Rubber,Blue,Medium,Custom Fit,28079.39,Mid
96.02,213,Carbon Fiber,Gray,Small,Custom Fit,142.39,Low
91.77,139,Carbon Fiber,Blue,Medium,Custom Fit,189.47,Low
29.61,309,Aluminum,Gray,Small,Custom Fit,223.44,Low
74.6,237,Steel,Red,Medium,Universal Fit,177.55,Low
1.62,266,Aluminum,Silver,Small,Custom Fit,120.41,Low
38.54,500,Steel,Red,Small,Custom Fit,107.33,Low
85.44,441,Steel,Black,Small,Custom Fit,196.05,Low
58.19,342,Plastic,Black,Medium,Custom Fit,162.71,Low
65.15,368,Aluminum,Black,Large,Universal Fit,156.79,Low
100.67,280,Aluminum,Silver,Medium,Universal Fit,212.62,Low
106.46,110,Plastic,Silver,XL,Universal Fit,197.2,Low
11.8,71,Rubber,Gray,XL,Universal Fit,138.39,Low
40.03,179,Aluminum,Silver,XL,Custom Fit,125.92,Low
49.89,213,Carbon Fiber,Gray,Large,Universal Fit,139.96,Low
7.22,497,Steel,Silver,Small,Universal Fit,148.8,Low
95.94,363,Aluminum,Silver,XL,Universal Fit,199.87,Low
18.46,412,Rubber,Silver,Small,Universal Fit,163.4,Low
35.38,145,Steel,Blue,Large,Universal Fit,110.32,Low
114.47,448,Aluminum,Silver,Large,Custom Fit,172.79,Low
17.73,460,Steel,Red,Medium,Universal Fit,196.26,Low
93.51,93,Plastic,Red,Medium,Universal Fit,218.47,Low
59.07,256,Carbon Fiber,Red,Medium,Universal Fit,192.34,Low
58.39,245,Carbon Fiber,Silver,XL,Universal Fit,137.0,Low
6.72,455,Carbon Fiber,Silver,Small,Universal Fit,123.62,Low
49.74,96,Plastic,Silver,Medium,Custom Fit,169.01,Low
86.87,106,Steel,Silver,Medium,Custom Fit,202.11,Low
39.13,298,Aluminum,Black,Small,Universal Fit,97.1,Low
36.01,406,Aluminum,Silver,Medium,Universal Fit,63.06,Low
65.62,133,Carbon Fiber,Blue,Medium,Custom Fit,175.64,Low
38.83,232,Carbon Fiber,Blue,XL,Universal Fit,161.99,Low
17.33,203,Plastic,Black,Medium,Universal Fit,126.9,Low
17.86,187,Steel,Black,XL,Custom Fit,192.25,Low
95.34,32,Rubber,Black,Small,Universal Fit,200.0,Low
46.73,313,Steel,Silver,Large,Custom Fit,190.06,Low
4.76,131,Steel,Red,Small,Custom Fit,65.14,Low
29.36,229,Aluminum,Red,Medium,Custom Fit,202.21,Low
32.11,487,Steel,Red,Large,Universal Fit,97.95,Low
34.42,246,Steel,Black,Small,Custom Fit,129.15,Low
76.41,145,Steel,Black,Small,Universal Fit,200.53,Low
95.5,277,Aluminum,Red,Medium,Custom Fit,167.38,Low
40.55,186,Carbon Fiber,Gray,Large,Universal Fit,123.5,Low
53.09,392,Aluminum,Black,Small,Universal Fit,186.27,Low
62.04,106,Carbon Fiber,Blue,Medium,Custom Fit,122.91,Low
24.59,176,Rubber,Blue,Large,Universal Fit,183.37,Low
45.79,7,Rubber,Black,XL,Custom Fit,153.76,Low
128.72,367,Steel,Gray,Medium,Custom Fit,163.75,Low
100.47,238,Carbon Fiber,Red,Medium,Universal Fit,175.99,Low
37.07,445,Steel,Black,Large,Custom Fit,102.4,Low
17.0,106,Rubber,Red,Medium,Custom Fit,113.09,Low
52.05,82,Rubber,Silver,Medium,Custom Fit,191.03,Low
55.88,48,Carbon Fiber,Silver,Large,Universal Fit,200.41,Low
31.03,200,Plastic,Gray,Medium,Custom Fit,127.65,Low
93.39,227,Plastic,Silver,Medium,Universal Fit,181.99,Low
60.2,64,Plastic,Gray,XL,Custom Fit,133.77,Low
32.02,201,Rubber,Silver,Medium,Universal Fit,78.86,Low
45.23,134,Plastic,Blue,XL,Universal Fit,151.33,Low
115.6,431,Carbon Fiber,Gray,Medium,Custom Fit,239.21,Low
115.38,11,Rubber,Gray,Large,Custom Fit,151.77,Low
76.45,124,Plastic,Blue,Large,Custom Fit,190.24,Low
130.11,57,Aluminum,Gray,XL,Custom Fit,303.96,Low
155.26,143,Aluminum,Blue,Medium,Custom Fit,253.84,Low
143.15,252,Carbon Fiber,Gray,Large,Custom Fit,265.34,Low
537.37,311,Steel,Black,Medium,Custom Fit,650.38,Low
395.14,65,Steel,Red,XL,Universal Fit,509.3,Low
426.46,445,Aluminum,Red,Medium,Universal Fit,500.37,Low
501.33,47,Steel,Blue,XL,Custom Fit,659.87,Low
724.22,188,Plastic,Black,XL,Custom Fit,844.19,Low
783.78,96,Aluminum,Blue,Medium,Custom Fit,907.2,Low
116.3,198,Plastic,Silver,Large,Universal Fit,230.91,Low
159.11,159,Plastic,Blue,Small,Custom Fit,284.28,Low
157.36,420,Carbon Fiber,Gray,Large,Universal Fit,275.07,Low
1324.47,311,Rubber,Red,Medium,Custom Fit,1428.03,Low
1243.43,475,Rubber,Black,Medium,Universal Fit,1357.32,Low
1262.58,51,Rubber,Silver,XL,Universal Fit,1342.93,Low
1324.04,239,Steel,Blue,XL,Custom Fit,1458.67,Low
1247.71,373,Carbon Fiber,Gray,Large,Universal Fit,1386.35,Low
1345.36,4,Carbon Fiber,Gray,Small,Universal Fit,1490.95,Low
1332.61,284,Plastic,Red,Large,Custom Fit,1509.25,Low
1342.99,70,Rubber,Gray,Large,Universal Fit,1464.12,Low
321.31,182,Carbon Fiber,Black,Large,Universal Fit,454.73,Low
342.69,11,Aluminum,Black,Large,Custom Fit,443.46,Low
299.42,286,Steel,Silver,Medium,Universal Fit,431.86,Low
347.94,460,Aluminum,Blue,Medium,Universal Fit,398.16,Low
316.68,329,Plastic,Gray,Small,Custom Fit,399.7,Low
377.46,162,Carbon Fiber,Gray,Large,Custom Fit,452.64,Low
334.71,90,Carbon Fiber,Gray,XL,Custom Fit,402.54,Low
397.17,152,Carbon Fiber,Black,Small,Custom Fit,441.23,Low
416.11,39,Steel,Silver,Large,Universal Fit,542.35,Low
344.87,497,Rubber,Gray,XL,Custom Fit,496.52,Low
392.44,183,Aluminum,Red,Medium,Custom Fit,507.36,Low
367.23,49,Steel,Black,Small,Universal Fit,526.59,Low
810.11,228,Plastic,Blue,Medium,Custom Fit,905.06,Low
815.07,75,Plastic,Silver,Small,Custom Fit,898.8,Low
803.28,12,Steel,Gray,Small,Universal Fit,883.62,Low
801.87,123,Plastic,Red,Small,Universal Fit,917.6,Low
825.55,417,Carbon Fiber,Black,Large,Universal Fit,961.54,Low
1004.49,239,Rubber,Silver,Small,Universal Fit,1152.04,Low
1007.03,20,Aluminum,Gray,XL,Custom Fit,1103.73,Low
998.52,23,Aluminum,Blue,Medium,Custom Fit,1096.48,Low
1021.03,422,Steel,Silver,Large,Custom Fit,1083.97,Low
981.12,298,Aluminum,Black,Medium,Universal Fit,1092.16,Low
975.13,90,Plastic,Gray,Medium,Custom Fit,1149.77,Low
772.36,498,Steel,Gray,Large,Universal Fit,915.43,Low
864.04,329,Plastic,Blue,Medium,Universal Fit,925.87,Low
27918.38,74,Carbon Fiber,Silver,Large,Universal Fit,28046.35,Mid
27960.44,229,Plastic,Black,XL,Universal Fit,28126.72,Mid
27872.68,107,Plastic,Blue,Medium,Custom Fit,28066.05,Mid
27929.93,33,Plastic,Red,XL,Custom Fit,28078.22,Mid
7902.0,147,Steel,Black,Medium,Custom Fit,7947.84,Low
7909.27,27,Aluminum,Gray,Small,Universal Fit,8023.65,Low
7845.87,199,Aluminum,Blue,Small,Custom Fit,7920.51,Low
7871.45,320,Aluminum,Blue,Large,Custom Fit,7987.48,Low
5933.99,441,Plastic,Silver,XL,Universal Fit,6084.0,Low
5967.59,277,Rubber,Black,Medium,Universal Fit,6051.97,Low
6009.35,488,Aluminum,Silver,Large,Custom Fit,6069.13,Low
5922.46,205,Steel,Gray,Medium,Universal Fit,6022.9,Low
27984.86,358,Aluminum,Silver,Small,Custom Fit,28067.58,Mid
27921.79,31,Carbon Fiber,Red,XL,Universal Fit,28007.84,Mid
27931.42,254,Aluminum,Silver,Large,Custom Fit,28105.92,Mid
30888.04,23,Carbon Fiber,Red,XL,Custom Fit,31029.41,Mid
30929.44,327,Carbon Fiber,Red,XL,Universal Fit,30986.95,Mid
30863.91,286,Steel,Blue,Large,Universal Fit,31001.34,Mid
30985.2,96,Carbon Fiber,Black,Large,Universal Fit,31079.76,Mid
25920.68,168,Aluminum,Silver,Large,Custom Fit,26031.19,Mid
25977.16,216,Plastic,Gray,Medium,Custom Fit,26072.81,Mid
25936.32,109,Carbon Fiber,Black,XL,Custom Fit,26021.05,Mid
25935.34,228,Aluminum,Silver,Medium,Universal Fit,26075.51,Mid
311.42,372,Rubber,Black,XL,Custom Fit,417.5,Low
407.27,467,Aluminum,Silver,Small,Universal Fit,463.11,Low
452.12,41,Steel,Silver,Small,Universal Fit,526.77,Low
431.83,77,Steel,Gray,XL,Universal Fit,506.88,Low
386.56,472,Plastic,Gray,XL,Universal Fit,491.28,Low
283.66,364,Rubber,Black,Large,Universal Fit,350.64,Low
340.96,32,Carbon Fiber,Silver,Medium,Custom Fit,433.18,Low
277.28,459,Plastic,Gray,Small,Universal Fit,447.07,Low
102.28,110,Carbon Fiber,Silver,Large,Universal Fit,196.25,Low
89.57,498,Aluminum,Blue,XL,Custom Fit,198.95,Low
61.0,43,Aluminum,Blue,Small,Universal Fit,126.53,Low
85.93,131,Carbon Fiber,Silver,Medium,Universal Fit,220.41,Low
149.72,26,Aluminum,Red,Medium,Universal Fit,237.38,Low
113.14,308,Plastic,Gray,Large,Universal Fit,200.05,Low
61.44,356,Aluminum,Black,Medium,Custom Fit,206.26,Low
23.65,266,Aluminum,Gray,Medium,Universal Fit,148.53,Low
127.15,20,Plastic,Blue,Medium,Custom Fit,253.21,Low
118.42,215,Rubber,Silver,Medium,Custom Fit,240.97,Low
111.27,318,Aluminum,Gray,Small,Universal Fit,188.41,Low
164.82,429,Steel,Red,XL,Custom Fit,238.01,Low
165.19,172,Plastic,Blue,XL,Universal Fit,191.05,Low
132.45,495,Rubber,Black,XL,Universal Fit,263.72,Low
109.03,263,Plastic,Blue,Medium,Custom Fit,276.53,Low
66.38,12,Steel,Blue,Large,Universal Fit,186.74,Low
128.22,111,Plastic,Gray,Large,Universal Fit,236.94,Low
92.26,166,Carbon Fiber,Blue,Large,Custom Fit,191.86,Low
84.01,214,Carbon Fiber,Black,Medium,Universal Fit,260.02,Low
174.29,160,Plastic,Silver,Large,Universal Fit,275.66,Low
57.88,436,Rubber,Black,Large,Universal Fit,246.98,Low
83.42,304,Plastic,Red,Small,Custom Fit,205.53,Low
128.28,306,Rubber,Silver,Small,Custom Fit,157.95,Low
146.44,338,Rubber,Gray,XL,Universal Fit,270.59,Low
166.66,305,Aluminum,Silver,Small,Custom Fit,332.78,Low
152.75,261,Carbon Fiber,Blue,Medium,Universal Fit,221.21,Low
141.45,484,Carbon Fiber,Black,Large,Universal Fit,283.07,Low
206.37,236,Rubber,Gray,Medium,Custom Fit,297.39,Low
117.68,43,Plastic,Gray,Medium,Universal Fit,283.58,Low
166.49,75,Plastic,Black,Small,Custom Fit,259.46,Low
454.81,305,Aluminum,Black,XL,Universal Fit,598.39,Low
493.05,405,Plastic,Gray,Medium,Universal Fit,548.11,Low
337.01,457,Rubber,Black,Small,Universal Fit,464.82,Low
434.73,85,Aluminum,Red,XL,Custom Fit,468.78,Low
223.87,445,Steel,Red,Large,Custom Fit,321.04,Low
286.56,364,Rubber,Blue,XL,Custom Fit,374.11,Low
233.93,58,Plastic,Silver,XL,Universal Fit,366.99,Low
319.51,131,Carbon Fiber,Blue,Large,Universal Fit,371.32,Low
235.59,418,Rubber,Silver,Large,Custom Fit,306.31,Low
207.22,310,Carbon Fiber,Gray,XL,Universal Fit,311.47,Low
289.38,184,Aluminum,Silver,Large,Universal Fit,381.31,Low
247.13,397,Carbon Fiber,Red,Small,Universal Fit,358.94,Low
198.41,416,Plastic,Gray,XL,Custom Fit,302.84,Low
26.05,430,Plastic,Gray,Medium,Universal Fit,159.98,Low
89.05,491,Plastic,Silver,XL,Universal Fit,190.92,Low
123.1,364,Aluminum,Silver,Small,Universal Fit,252.61,Low
167.49,295,Aluminum,Red,Small,Universal Fit,220.94,Low
121.4,58,Plastic,Blue,Medium,Custom Fit,288.1,Low
41.57,228,Rubber,Gray,Large,Universal Fit,215.43,Low
62.73,233,Plastic,Black,Medium,Universal Fit,218.84,Low
111.78,26,Rubber,Black,Medium,Custom Fit,178.36,Low
59.27,440,Rubber,Red,Small,Custom Fit,185.68,Low
68.03,311,Aluminum,Blue,Large,Universal Fit,200.73,Low
99.95,463,Carbon Fiber,Silver,Small,Universal Fit,178.54,Low
151.37,273,Plastic,Silver,Small,Universal Fit,224.0,Low
55.36,289,Steel,Red,Large,Universal Fit,223.37,Low
109.29,282,Carbon Fiber,Black,XL,Custom Fit,225.4,Low
123.4,320,Carbon Fiber,Silver,XL,Custom Fit,218.56,Low
53.83,209,Aluminum,Silver,Large,Custom Fit,132.02,Low
114.85,397,Aluminum,Black,Small,Custom Fit,205.1,Low
43.63,481,Steel,Black,Small,Universal Fit,185.53,Low
116.71,201,Plastic,Black,Medium,Universal Fit,203.35,Low
59.91,8,Steel,Blue,Large,Universal Fit,193.13,Low
79.71,45,Rubber,Silver,Small,Universal Fit,142.7,Low
123.37,42,Carbon Fiber,Blue,Medium,Custom Fit,178.86,Low
104.89,162,Rubber,Red,Medium,Custom Fit,211.35,Low
122.55,171,Aluminum,Silver,Large,Custom Fit,197.58,Low
149.58,106,Aluminum,Gray,Small,Custom Fit,267.24,Low
170.66,100,Carbon Fiber,Silver,XL,Custom Fit,211.58,Low
112.76,397,Carbon Fiber,Red,Medium,Universal Fit,211.73,Low
55.9,497,Plastic,Red,Large,Universal Fit,156.7,Low
96.23,158,Aluminum,Red,Medium,Universal Fit,274.65,Low
47.51,386,Carbon Fiber,Gray,Medium,Universal Fit,211.02,Low
97.46,43,Aluminum,Gray,XL,Universal Fit,208.9,Low
89.83,72,Rubber,Blue,Small,Custom Fit,218.59,Low
72.7,107,Aluminum,Gray,Small,Universal Fit,247.91,Low
170.78,124,Rubber,Gray,Large,Universal Fit,238.14,Low
106.48,315,Carbon Fiber,Red,Large,Custom Fit,232.57,Low
134.08,215,Carbon Fiber,Black,Medium,Custom Fit,216.97,Low
179.8,325,Steel,Gray,Medium,Universal Fit,220.99,Low
95.87,342,Rubber,Red,XL,Universal Fit,250.81,Low
87.77,338,Steel,Black,Medium,Universal Fit,191.98,Low
164.3,175,Aluminum,Gray,Large,Custom Fit,218.42,Low
98.85,46,Rubber,Black,XL,Custom Fit,147.99,Low
149.52,484,Aluminum,Black,Small,Universal Fit,254.97,Low
166.74,466,Carbon Fiber,Silver,Medium,Custom Fit,196.35,Low
203.39,434,Aluminum,Silver,Medium,Custom Fit,283.52,Low
167.07,97,Rubber,Red,Large,Custom Fit,293.04,Low
191.83,150,Steel,Red,Small,Universal Fit,281.59,Low
217.17,49,Plastic,Black,Large,Custom Fit,297.64,Low
128.3,499,Rubber,Blue,XL,Universal Fit,311.22,Low
55.32,362,Carbon Fiber,Black,Large,Universal Fit,195.55,Low
79.56,290,Carbon Fiber,Black,XL,Custom Fit,121.78,Low
60.97,201,Aluminum,Silver,Large,Custom Fit,171.52,Low
54.46,399,Aluminum,Black,XL,Universal Fit,233.07,Low
137.47,499,Aluminum,Gray,Medium,Universal Fit,288.81,Low
53.15,216,Rubber,Black,Small,Custom Fit,189.01,Low
81.74,119,Aluminum,Gray,Small,Custom Fit,212.2,Low
142.2,80,Rubber,Black,XL,Universal Fit,320.38,Low
59.55,329,Rubber,Blue,Large,Universal Fit,161.56,Low
27.73,122,Aluminum,Red,Small,Custom Fit,183.51,Low
5.13,500,Plastic,Silver,XL,Custom Fit,118.66,Low
15.28,494,Aluminum,Silver,Small,Custom Fit,145.36,Low
99.32,161,Steel,Black,Large,Universal Fit,216.82,Low
71.28,263,Plastic,Blue,Large,Universal Fit,227.65,Low
81.2,457,Steel,Black,XL,Custom Fit,205.07,Low
140.02,426,Carbon Fiber,Gray,Large,Universal Fit,236.29,Low
95.91,148,Aluminum,Silver,XL,Universal Fit,166.64,Low
162.78,49,Rubber,Blue,Medium,Custom Fit,218.53,Low
88.04,450,Rubber,Silver,Medium,Universal Fit,157.82,Low
684.12,369,Carbon Fiber,Blue,Large,Custom Fit,716.1,Low
656.06,389,Aluminum,Black,Small,Custom Fit,780.94,Low
596.6,313,Plastic,Blue,XL,Universal Fit,678.8,Low
649.44,349,Carbon Fiber,Red,XL,Universal Fit,726.81,Low
669.96,200,Rubber,Gray,Medium,Custom Fit,777.38,Low
646.6,251,Carbon Fiber,Gray,XL,Custom Fit,770.5,Low
667.55,71,Carbon Fiber,Gray,Small,Universal Fit,778.91,Low
674.61,176,Aluminum,Black,XL,Universal Fit,758.75,Low
670.33,162,Carbon Fiber,Blue,Small,Universal Fit,767.09,Low
522.33,395,Carbon Fiber,Black,Medium,Custom Fit,661.57,Low
368.38,285,Steel,Blue,Small,Universal Fit,561.15,Low
580.99,243,Steel,Red,Small,Universal Fit,651.06,Low
418.43,272,Steel,Black,XL,Custom Fit,556.29,Low
451.49,161,Aluminum,Gray,Small,Universal Fit,525.91,Low
367.74,488,Steel,Gray,Medium,Custom Fit,542.84,Low
471.74,437,Aluminum,Blue,XL,Custom Fit,517.02,Low
368.83,28,Aluminum,Blue,Medium,Universal Fit,486.32,Low
374.3,148,Steel,Gray,Medium,Custom Fit,438.38,Low
422.66,495,Carbon Fiber,Silver,Small,Universal Fit,488.29,Low
1013.4,330,Rubber,Silver,XL,Custom Fit,1131.95,Low
888.0,365,Aluminum,Red,XL,Universal Fit,986.57,Low
678.35,165,Aluminum,Blue,Medium,Universal Fit,794.01,Low
709.71,243,Steel,Black,Large,Universal Fit,875.2,Low
751.83,138,Rubber,Blue,XL,Universal Fit,878.55,Low
738.34,470,Steel,Black,Large,Universal Fit,872.08,Low
824.86,244,Rubber,Blue,Medium,Universal Fit,868.64,Low
704.52,395,Rubber,Red,Large,Universal Fit,765.43,Low
624.96,148,Carbon Fiber,Blue,Large,Universal Fit,697.51,Low
504.8,445,Carbon Fiber,Silver,Medium,Custom Fit,568.87,Low
958.53,184,Carbon Fiber,Silver,Large,Custom Fit,1062.2,Low
753.54,179,Steel,Black,XL,Universal Fit,829.07,Low
1015.34,248,Carbon Fiber,Silver,Medium,Custom Fit,1154.98,Low
1013.24,455,Steel,Black,XL,Custom Fit,1124.93,Low
932.04,489,Aluminum,Silver,Small,Universal Fit,1061.36,Low
900.84,13,Carbon Fiber,Gray,XL,Custom Fit,976.81,Low
831.95,0,Rubber,Silver,Medium,Universal Fit,924.49,Low
650.63,217,Aluminum,Black,Small,Universal Fit,763.26,Low
676.3,376,Rubber,Gray,Medium,Custom Fit,745.52,Low
769.52,311,Carbon Fiber,Blue,XL,Custom Fit,846.64,Low
742.6,35,Rubber,Black,Medium,Custom Fit,849.6,Low
576.04,269,Carbon Fiber,Gray,Small,Universal Fit,675.26,Low
527.73,436,Aluminum,Blue,Large,Universal Fit,624.64,Low
420.71,120,Plastic,Gray,Large,Universal Fit,539.66,Low
732.98,235,Aluminum,Blue,Large,Custom Fit,903.9,Low
681.72,285,Plastic,Silver,XL,Custom Fit,862.34,Low
9.19,325,Aluminum,Gray,Medium,Custom Fit,49.73,Low
32990.45,162,Plastic,Gray,Large,Custom Fit,33083.13,Mid
32921.27,350,Carbon Fiber,Gray,Medium,Universal Fit,33056.87,Mid
32870.56,101,Plastic,Black,Medium,Universal Fit,33029.69,Mid
32930.48,425,Rubber,Red,Small,Universal Fit,33070.48,Mid
31898.2,328,Rubber,Red,Small,Universal Fit,32027.03,Mid
31870.93,47,Plastic,Gray,Large,Universal Fit,32050.06,Mid
31925.38,414,Plastic,Blue,XL,Custom Fit,32093.02,Mid
21979.29,176,Rubber,Blue,Large,Custom Fit,22097.75,Mid
21956.41,276,Rubber,Gray,Large,Universal Fit,22062.44,Mid
21913.0,318,Rubber,Red,Medium,Custom Fit,22071.54,Mid
50936.87,109,Plastic,Black,Large,Universal Fit,51028.52,Mid
51027.99,96,Plastic,Gray,Small,Universal Fit,51105.86,Mid
50890.55,441,Rubber,Black,XL,Custom Fit,51054.09,Mid
27962.19,472,Steel,Blue,Small,Custom Fit,28069.66,Mid
27931.41,242,Steel,Black,Small,Custom Fit,28023.89,Mid
27970.52,356,Aluminum,Black,XL,Custom Fit,28048.94,Mid
27939.72,108,Rubber,Blue,Small,Universal Fit,28128.59,Mid
27917.34,98,Steel,Blue,Large,Universal Fit,28089.61,Mid
36032.38,131,Steel,Red,Large,Universal Fit,36069.62,Mid
35962.37,99,Carbon Fiber,Blue,Small,Universal Fit,36054.94,Mid
20945.75,115,Rubber,Gray,Large,Universal Fit,21057.44,Mid
20969.63,95,Steel,Silver,Large,Custom Fit,21054.42,Mid
20864.41,415,Rubber,Silver,Small,Universal Fit,21007.75,Mid
35951.46,156,Rubber,Blue,Medium,Universal Fit,36016.3,Mid
20935.47,55,Aluminum,Red,Medium,Universal Fit,21083.84,Mid
20965.38,33,Rubber,Silver,Large,Universal Fit,21096.89,Mid
20888.24,434,Rubber,Silver,Large,Universal Fit,21051.18,Mid
21002.16,170,Rubber,Gray,XL,Universal Fit,21108.94,Mid
114894.03,306,Steel,Silver,XL,Universal Fit,114977.86,High
114905.08,355,Rubber,Silver,Medium,Universal Fit,115026.62,High
114950.65,350,Steel,Silver,Large,Custom Fit,115016.88,High
114897.98,253,Rubber,Red,Medium,Custom Fit,115057.71,High
134.33,380,Aluminum,Gray,Small,Custom Fit,229.79,Low
29888.11,482,Rubber,Red,Medium,Custom Fit,30009.44,Mid
29950.34,100,Aluminum,Gray,Medium,Universal Fit,30104.47,Mid
29981.87,256,Rubber,Silver,Large,Universal Fit,30044.43,Mid
29944.04,282,Plastic,Silver,Small,Custom Fit,30071.0,Mid
29951.38,42,Rubber,Red,Large,Custom Fit,30090.22,Mid
30935.12,433,Plastic,Red,Large,Custom Fit,31015.67,Mid
30973.63,320,Aluminum,Silver,Medium,Custom Fit,31083.1,Mid
30928.74,348,Carbon Fiber,Silver,Large,Custom Fit,31051.14,Mid
30909.79,323,Carbon Fiber,Silver,XL,Universal Fit,31036.97,Mid
30949.22,254,Aluminum,Black,Small,Universal Fit,31059.22,Mid
30974.54,3,Rubber,Red,Medium,Custom Fit,31082.96,Mid
31911.32,338,Rubber,Blue,Small,Custom Fit,31996.59,Mid
31942.79,5,Aluminum,Red,Large,Universal Fit,32096.9,Mid
31942.26,117,Carbon Fiber,Black,Medium,Custom Fit,32002.33,Mid
31978.6,226,Steel,Red,XL,Universal Fit,32075.93,Mid
31939.9,101,Carbon Fiber,Silver,Large,Universal Fit,32103.46,Mid
31949.3,387,Plastic,Black,Small,Universal Fit,32028.28,Mid
8.87,436,Rubber,Black,Small,Universal Fit,143.91,Low
35.51,137,Steel,Gray,Large,Custom Fit,119.86,Low
109.9,441,Plastic,Red,Large,Universal Fit,165.37,Low
91.37,445,Steel,Gray,XL,Custom Fit,173.42,Low
66.43,175,Carbon Fiber,Blue,XL,Custom Fit,105.04,Low
42.45,333,Carbon Fiber,Gray,XL,Universal Fit,96.7,Low
37.03,175,Plastic,Blue,Small,Universal Fit,101.08,Low
34.64,425,Aluminum,Red,Medium,Custom Fit,74.79,Low
847.3,286,Plastic,Gray,XL,Universal Fit,947.07,Low
857.13,11,Aluminum,Red,XL,Universal Fit,967.94,Low
923.64,367,Carbon Fiber,Black,Small,Universal Fit,1007.92,Low
963.71,268,Rubber,Red,Medium,Universal Fit,1040.97,Low
581.31,462,Steel,Blue,XL,Universal Fit,678.18,Low
566.78,298,Aluminum,Red,Medium,Universal Fit,665.99,Low
547.14,495,Carbon Fiber,Black,XL,Custom Fit,672.41,Low
481.69,428,Aluminum,Blue,Large,Custom Fit,646.79,Low
501.42,232,Plastic,Red,Small,Universal Fit,559.68,Low
404.23,360,Carbon Fiber,Red,Small,Universal Fit,542.37,Low
402.97,76,Steel,Black,Small,Custom Fit,545.66,Low
448.16,400,Aluminum,Black,XL,Custom Fit,549.74,Low
381.24,432,Aluminum,Gray,Medium,Universal Fit,534.08,Low
491.66,314,Rubber,Black,Medium,Universal Fit,657.41,Low
537.75,452,Aluminum,Black,XL,Custom Fit,605.4,Low
601.55,3,Aluminum,Black,Small,Universal Fit,640.83,Low
482.36,148,Plastic,Red,Medium,Universal Fit,659.53,Low
76.17,267,Rubber,Red,Large,Universal Fit,196.25,Low
91.27,298,Steel,Gray,Small,Custom Fit,223.9,Low
138.58,294,Rubber,Gray,Medium,Custom Fit,265.34,Low
99.73,2,Rubber,Red,Medium,Custom Fit,176.5,Low
77.04,188,Plastic,Black,XL,Custom Fit,165.24,Low
121.7,113,Plastic,Black,Medium,Universal Fit,175.11,Low
26.48,496,Aluminum,Gray,Small,Custom Fit,188.44,Low
76.05,209,Aluminum,Blue,XL,Custom Fit,172.8,Low
118.02,358,Rubber,Red,Large,Custom Fit,163.81,Low
96.49,456,Rubber,Silver,Large,Custom Fit,156.84,Low
27933.29,358,Steel,Red,Medium,Universal Fit,28120.52,Mid
27906.3,60,Rubber,Blue,Medium,Universal Fit,28017.65,Mid
28024.46,444,Aluminum,Silver,Small,Custom Fit,28127.65,Mid
27887.43,167,Rubber,Blue,XL,Universal Fit,28043.08,Mid
27922.75,421,Carbon Fiber,Gray,XL,Custom Fit,27977.15,Mid
27900.68,26,Plastic,Gray,Large,Universal Fit,28036.91,Mid
186.61,18,Rubber,Silver,Medium,Universal Fit,312.3,Low
176.7,67,Plastic,Red,XL,Universal Fit,354.27,Low
109.95,466,Aluminum,Black,Small,Custom Fit,250.98,Low
156.96,139,Carbon Fiber,Silver,Medium,Custom Fit,299.82,Low
188.8,103,Steel,Silver,XL,Universal Fit,281.94,Low
152.58,186,Aluminum,Black,Large,Custom Fit,336.72,Low
166.06,171,Rubber,Gray,Small,Custom Fit,248.19,Low
22933.23,28,Rubber,Silver,Large,Custom Fit,23052.18,Mid
22966.57,212,Plastic,Blue,Medium,Custom Fit,23087.82,Mid
22908.13,334,Aluminum,Black,Medium,Custom Fit,23008.63,Mid
22981.75,388,Rubber,Silver,XL,Custom Fit,23056.24,Mid
22990.05,181,Steel,Black,XL,Universal Fit,23073.94,Mid
22872.26,53,Rubber,Red,Medium,Custom Fit,22975.8,Mid
24004.45,385,Aluminum,Silver,XL,Custom Fit,24111.91,Mid
23921.45,114,Plastic,Black,Small,Universal Fit,24018.7,Mid
23997.22,108,Rubber,Red,Medium,Universal Fit,24103.51,Mid
23935.08,304,Carbon Fiber,Silver,XL,Universal Fit,24076.22,Mid
23900.45,18,Steel,Black,Large,Universal Fit,24029.9,Mid
16008.21,178,Steel,Silver,XL,Universal Fit,16069.89,Low
15883.27,417,Aluminum,Silver,Large,Custom Fit,16063.91,Low
15957.28,259,Rubber,Black,XL,Custom Fit,16075.85,Low
15886.4,275,Rubber,Red,XL,Custom Fit,16064.82,Low
15872.58,378,Plastic,Red,Small,Custom Fit,15977.87,Low
45897.7,484,Plastic,Blue,Small,Custom Fit,46053.1,Mid
45914.55,26,Rubber,Black,Medium,Custom Fit,46068.24,Mid
45955.84,278,Aluminum,Gray,Small,Universal Fit,46066.31,Mid
45910.2,350,Aluminum,Black,Small,Universal Fit,46043.67,Mid
45941.23,235,Rubber,Gray,Large,Custom Fit,46055.94,Mid
45873.52,179,Carbon Fiber,Blue,Small,Custom Fit,46053.43,Mid
45919.61,352,Plastic,Blue,Medium,Universal Fit,46046.72,Mid
45955.73,75,Steel,Red,Small,Custom Fit,46074.03,Mid
2218.25,481,Aluminum,Silver,Medium,Universal Fit,2307.39,Low
2179.83,398,Plastic,Black,Medium,Universal Fit,2267.31,Low
2057.55,155,Aluminum,Black,Small,Universal Fit,2216.83,Low
2079.81,115,Plastic,Red,Medium,Universal Fit,2192.95,Low
2170.79,491,Carbon Fiber,Blue,Small,Custom Fit,2287.55,Low
2195.05,91,Rubber,Black,Small,Universal Fit,2262.13,Low
2099.71,1,Rubber,Silver,Large,Universal Fit,2239.85,Low
2191.68,306,Rubber,Silver,Medium,Universal Fit,2307.32,Low
2150.31,273,Aluminum,Silver,Medium,Custom Fit,2257.84,Low
2184.47,212,Plastic,Blue,Medium,Custom Fit,2317.13,Low
2167.1,146,Steel,Red,Small,Universal Fit,2241.85,Low
2148.38,438,Plastic,Silver,XL,Universal Fit,2215.97,Low
2184.35,233,Aluminum,Gray,Small,Custom Fit,2296.1,Low
2089.01,484,Carbon Fiber,Red,XL,Custom Fit,2250.55,Low
2068.93,393,Aluminum,Gray,XL,Universal Fit,2243.93,Low
2126.22,286,Plastic,Red,XL,Custom Fit,2246.42,Low
2226.57,77,Carbon Fiber,Blue,XL,Custom Fit,2320.61,Low
2214.38,123,Rubber,Black,Medium,Universal Fit,2283.3,Low
2175.91,11,Aluminum,Blue,XL,Universal Fit,2218.52,Low
2175.36,353,Aluminum,Silver,Small,Universal Fit,2252.79,Low
2099.15,434,Aluminum,Black,Large,Custom Fit,2216.98,Low
2118.54,16,Aluminum,Red,Large,Custom Fit,2199.93,Low
2127.99,98,Aluminum,Blue,XL,Custom Fit,2255.41,Low
2166.3,187,Carbon Fiber,Silver,Small,Custom Fit,2202.04,Low
2074.49,256,Carbon Fiber,Black,Large,Custom Fit,2252.27,Low
2192.46,314,Rubber,Red,Medium,Custom Fit,2311.08,Low
2142.6,186,Steel,Red,XL,Custom Fit,2267.85,Low
2133.94,270,Plastic,Blue,Medium,Universal Fit,2244.54,Low
2112.05,499,Carbon Fiber,Gray,Medium,Universal Fit,2275.84,Low
2178.47,331,Rubber,Black,XL,Universal Fit,2276.48,Low
2088.64,6,Carbon Fiber,Black,Large,Universal Fit,2199.07,Low
2181.34,125,Carbon Fiber,Gray,Medium,Custom Fit,2265.46,Low
2193.61,483,Aluminum,Red,Medium,Universal Fit,2271.66,Low
2098.99,254,Rubber,Blue,Large,Universal Fit,2240.25,Low
2146.09,251,Rubber,Silver,Large,Universal Fit,2237.85,Low
2171.56,146,Plastic,Black,Small,Universal Fit,2275.49,Low
2149.89,350,Rubber,Silver,Large,Universal Fit,2248.2,Low
2071.17,279,Plastic,Silver,XL,Custom Fit,2176.2,Low
2174.64,409,Carbon Fiber,Red,XL,Custom Fit,2226.48,Low
2142.88,199,Steel,Black,Small,Universal Fit,2250.16,Low
2144.17,359,Steel,Red,Medium,Universal Fit,2294.43,Low
2055.42,7,Rubber,Blue,Medium,Universal Fit,2191.43,Low
2178.06,50,Plastic,Black,Large,Universal Fit,2281.57,Low
2175.12,216,Steel,Red,Small,Custom Fit,2267.91,Low
2057.25,187,Steel,Blue,XL,Universal Fit,2194.51,Low
2140.06,294,Aluminum,Black,XL,Custom Fit,2314.65,Low
2124.72,278,Plastic,Silver,XL,Custom Fit,2246.17,Low
2123.41,297,Steel,Blue,XL,Universal Fit,2242.78,Low
2136.12,124,Aluminum,Silver,Large,Custom Fit,2259.03,Low
2165.64,16,Steel,Black,Large,Universal Fit,2274.86,Low
2119.1,314,Carbon Fiber,Silver,XL,Universal Fit,2209.47,Low
2138.72,380,Steel,Red,Large,Custom Fit,2207.44,Low
2173.81,396,Rubber,Gray,Medium,Universal Fit,2249.18,Low
2070.78,487,Aluminum,Black,Large,Custom Fit,2260.4,Low
2084.87,181,Rubber,Gray,XL,Universal Fit,2226.75,Low
2157.03,309,Steel,Red,Medium,Custom Fit,2264.3,Low
2129.21,137,Plastic,Red,XL,Universal Fit,2261.15,Low
2166.52,64,Carbon Fiber,Red,Small,Custom Fit,2290.93,Low
2175.17,105,Steel,Red,Small,Custom Fit,2288.99,Low
2138.3,432,Carbon Fiber,Red,Small,Custom Fit,2258.62,Low
2104.46,391,Aluminum,Red,Small,Custom Fit,2221.21,Low
2099.49,65,Rubber,Red,Large,Custom Fit,2289.58,Low
2147.26,403,Aluminum,Silver,Large,Custom Fit,2321.78,Low
2198.36,297,Rubber,Red,XL,Universal Fit,2287.56,Low
2086.65,401,Aluminum,Black,Small,Universal Fit,2197.51,Low
216.1,117,Aluminum,Red,Medium,Custom Fit,319.68,Low
259.12,456,Plastic,Silver,Large,Custom Fit,423.55,Low
181.4,400,Carbon Fiber,Blue,Medium,Custom Fit,343.89,Low
1632.58,170,Carbon Fiber,Blue,Medium,Custom Fit,1742.15,Low
1563.29,437,Plastic,Gray,Small,Universal Fit,1719.16,Low
1676.62,237,Plastic,Red,Large,Universal Fit,1833.95,Low
1679.94,285,Rubber,Silver,Large,Custom Fit,1782.1,Low
1688.37,115,Rubber,Gray,XL,Universal Fit,1762.88,Low
1705.38,232,Carbon Fiber,Blue,Large,Universal Fit,1803.24,Low
1698.69,279,Carbon Fiber,Blue,Small,Universal Fit,1752.19,Low
1674.67,34,Steel,Blue,Large,Custom Fit,1725.44,Low
1638.77,10,Aluminum,Gray,XL,Custom Fit,1695.49,Low
1674.21,80,Plastic,Blue,Medium,Universal Fit,1759.08,Low
1643.54,229,Rubber,Gray,Small,Custom Fit,1730.77,Low
1605.22,135,Plastic,Blue,Medium,Universal Fit,1713.81,Low
1212.46,363,Plastic,Silver,Large,Universal Fit,1355.59,Low
1317.78,412,Plastic,Gray,Large,Custom Fit,1422.15,Low
1230.76,344,Aluminum,Blue,Small,Universal Fit,1355.9,Low
1247.67,212,Rubber,Gray,Large,Custom Fit,1367.28,Low
1255.58,26,Carbon Fiber,Gray,Medium,Universal Fit,1330.17,Low
1268.38,54,Steel,Gray,XL,Universal Fit,1437.45,Low
1245.94,372,Rubber,Black,Small,Universal Fit,1373.94,Low
1211.47,304,Rubber,Gray,Small,Universal Fit,1380.79,Low
1155.15,255,Plastic,Red,Large,Custom Fit,1325.73,Low
1278.74,217,Aluminum,Blue,Medium,Custom Fit,1346.44,Low
1199.39,90,Steel,Gray,Medium,Custom Fit,1333.68,Low
1238.76,214,Steel,Gray,XL,Custom Fit,1415.55,Low
1286.0,346,Steel,Black,XL,Custom Fit,1366.59,Low
1184.0,421,Carbon Fiber,Gray,XL,Custom Fit,1318.02,Low
1281.84,285,Aluminum,Gray,Small,Custom Fit,1409.94,Low
1227.62,89,Steel,Silver,Large,Universal Fit,1349.71,Low
1234.17,376,Aluminum,Gray,Small,Universal Fit,1400.73,Low
1221.59,83,Plastic,Blue,Large,Universal Fit,1344.09,Low
1275.47,179,Rubber,Blue,Medium,Universal Fit,1357.26,Low
1190.13,204,Aluminum,Red,Medium,Universal Fit,1297.51,Low
1244.29,132,Rubber,Gray,Large,Custom Fit,1344.03,Low
1296.1,97,Steel,Gray,Large,Custom Fit,1399.79,Low
1271.66,354,Plastic,Gray,Large,Universal Fit,1375.68,Low
1241.01,168,Carbon Fiber,Silver,XL,Custom Fit,1391.98,Low
1243.14,164,Rubber,Red,Medium,Custom Fit,1333.92,Low
1265.64,498,Aluminum,Silver,Medium,Custom Fit,1377.4,Low
1242.04,336,Plastic,Silver,Small,Custom Fit,1394.97,Low
1208.76,310,Steel,Blue,XL,Universal Fit,1364.04,Low
1319.95,254,Steel,Red,Small,Custom Fit,1375.57,Low
1241.13,240,Steel,Silver,Large,Universal Fit,1364.94,Low
1287.05,369,Carbon Fiber,Black,Large,Universal Fit,1380.07,Low
1253.62,71,Carbon Fiber,Blue,Small,Universal Fit,1432.96,Low
1286.13,437,Aluminum,Gray,Medium,Custom Fit,1398.87,Low
1247.34,361,Steel,Silver,Small,Universal Fit,1427.24,Low
1208.5,217,Rubber,Gray,XL,Universal Fit,1359.58,Low
1266.56,93,Steel,Silver,Small,Custom Fit,1348.85,Low
1334.45,289,Aluminum,Gray,Medium,Custom Fit,1415.62,Low
1218.38,91,Carbon Fiber,Silver,Small,Universal Fit,1323.16,Low
1264.89,123,Aluminum,Black,Medium,Custom Fit,1374.87,Low
1235.42,100,Carbon Fiber,Silver,Medium,Universal Fit,1352.49,Low
1298.52,183,Rubber,Silver,XL,Universal Fit,1389.61,Low
1225.79,114,Plastic,Blue,XL,Universal Fit,1387.26,Low
1263.77,88,Plastic,Gray,XL,Universal Fit,1402.01,Low
1245.37,336,Aluminum,Blue,Small,Custom Fit,1332.89,Low
1282.07,200,Aluminum,Blue,Small,Universal Fit,1360.37,Low
1214.35,328,Carbon Fiber,Silver,XL,Custom Fit,1299.36,Low
1303.01,159,Steel,Silver,Medium,Universal Fit,1386.9,Low
1225.46,286,Plastic,Black,Large,Custom Fit,1305.54,Low
1328.94,133,Rubber,Silver,Small,Custom Fit,1381.78,Low
1247.81,437,Carbon Fiber,Blue,Medium,Universal Fit,1384.51,Low
23027.78,133,Steel,Black,Medium,Custom Fit,23104.72,Mid
22900.59,134,Plastic,Red,Medium,Universal Fit,23048.06,Mid
22914.4,440,Carbon Fiber,Black,Large,Custom Fit,23091.12,Mid
22904.4,183,Rubber,Blue,Medium,Universal Fit,23055.73,Mid
22938.32,317,Aluminum,Black,Small,Custom Fit,23020.46,Mid
22930.52,309,Steel,Blue,Large,Universal Fit,23020.44,Mid
22900.17,413,Steel,Blue,Medium,Custom Fit,23003.38,Mid
22968.42,261,Carbon Fiber,Gray,Medium,Universal Fit,23093.66,Mid
58981.91,413,Aluminum,Red,Small,Custom Fit,59069.32,Mid
58948.76,442,Rubber,Red,XL,Universal Fit,59099.29,Mid
58894.47,435,Plastic,Blue,Medium,Universal Fit,59010.65,Mid
58930.1,473,Carbon Fiber,Blue,Small,Universal Fit,59018.62,Mid
58918.04,193,Steel,Gray,Medium,Universal Fit,58997.01,Mid
59007.18,169,Carbon Fiber,Black,Small,Universal Fit,59103.65,Mid
29918.23,187,Carbon Fiber,Silver,XL,Universal Fit,30010.22,Mid
29976.3,246,Rubber,Blue,Small,Universal Fit,30054.74,Mid
29904.35,287,Aluminum,Blue,XL,Custom Fit,30070.11,Mid
29873.78,20,Steel,Silver,XL,Custom Fit,30051.58,Mid
29931.43,166,Aluminum,Gray,Small,Custom Fit,30118.38,Mid
29934.59,17,Plastic,Blue,Large,Universal Fit,29988.46,Mid
29948.06,359,Aluminum,Red,Medium,Universal Fit,30053.26,Mid
37958.27,389,Aluminum,Black,XL,Custom Fit,38113.29,Mid
37904.87,400,Rubber,Silver,Large,Universal Fit,38059.05,Mid
38012.95,498,Aluminum,Red,Medium,Universal Fit,38069.92,Mid
37935.9,486,Plastic,Gray,Large,Custom Fit,38091.02,Mid
395.0,332,Steel,Blue,Small,Custom Fit,499.31,Low
486.18,383,Steel,Gray,XL,Custom Fit,590.85,Low
2147.79,464,Aluminum,Gray,Medium,Universal Fit,2317.44,Low
2116.5,290,Steel,Red,Medium,Custom Fit,2262.82,Low
316.17,462,Steel,Silver,Large,Custom Fit,403.64,Low
291.45,321,Steel,Silver,Medium,Universal Fit,412.66,Low
330.26,366,Aluminum,Black,Medium,Custom Fit,374.52,Low
2160.11,371,Rubber,Gray,XL,Custom Fit,2269.59,Low
2192.12,157,Carbon Fiber,Black,Large,Custom Fit,2255.92,Low
2071.9,360,Steel,Black,XL,Custom Fit,2187.46,Low
2152.13,304,Steel,Silver,Large,Universal Fit,2180.68,Low
2203.22,100,Carbon Fiber,Silver,Medium,Universal Fit,2309.17,Low
2164.98,346,Carbon Fiber,Red,Large,Universal Fit,2327.18,Low
2592.49,349,Steel,Silver,XL,Universal Fit,2625.07,Low
2461.13,254,Rubber,Silver,Small,Custom Fit,2571.15,Low
2491.85,498,Plastic,Black,Medium,Universal Fit,2633.65,Low
2507.74,80,Aluminum,Red,Large,Custom Fit,2663.86,Low
2462.35,406,Steel,Black,Small,Custom Fit,2645.16,Low
2565.36,322,Steel,Blue,Large,Universal Fit,2734.15,Low
2540.72,258,Carbon Fiber,Gray,Large,Custom Fit,2568.95,Low
2462.2,262,Rubber,Gray,Small,Universal Fit,2577.08,Low
2467.57,257,Aluminum,Red,Large,Universal Fit,2608.4,Low
2529.41,330,Aluminum,Red,Medium,Universal Fit,2664.37,Low
2544.74,318,Plastic,Gray,Small,Universal Fit,2730.31,Low
2509.06,28,Rubber,Blue,Large,Custom Fit,2605.93,Low
2497.74,227,Plastic,Black,Medium,Universal Fit,2595.65,Low
2571.41,367,Steel,Silver,XL,Universal Fit,2668.74,Low
2565.79,141,Carbon Fiber,Black,Medium,Universal Fit,2716.4,Low
2536.99,97,Plastic,Silver,Small,Custom Fit,2679.82,Low
2544.47,415,Carbon Fiber,Silver,Medium,Universal Fit,2683.95,Low
2487.43,282,Plastic,Black,Medium,Universal Fit,2596.21,Low
2312.91,368,Carbon Fiber,Gray,Small,Custom Fit,2424.17,Low
2291.02,475,Aluminum,Blue,Large,Universal Fit,2433.42,Low
2318.24,474,Aluminum,Gray,XL,Universal Fit,2468.28,Low
2393.54,220,Rubber,Red,Small,Universal Fit,2513.95,Low
2231.09,419,Carbon Fiber,Red,Medium,Custom Fit,2345.71,Low
2297.09,134,Steel,Red,Medium,Universal Fit,2322.65,Low
2183.85,413,Steel,Gray,Large,Universal Fit,2289.18,Low
2252.59,167,Steel,Red,Small,Universal Fit,2346.9,Low
2358.82,71,Plastic,Blue,Medium,Custom Fit,2442.7,Low
2320.63,349,Carbon Fiber,Gray,Medium,Universal Fit,2389.47,Low
2329.39,496,Aluminum,Black,Small,Custom Fit,2461.02,Low
2354.48,238,Steel,Blue,Medium,Custom Fit,2442.09,Low
2328.65,316,Plastic,Silver,Small,Universal Fit,2440.63,Low
2267.43,327,Rubber,Black,Small,Universal Fit,2402.43,Low
2339.95,327,Carbon Fiber,Black,Medium,Universal Fit,2441.54,Low
2352.33,377,Rubber,Black,Medium,Custom Fit,2451.23,Low
2386.84,12,Aluminum,Gray,Large,Universal Fit,2473.54,Low
2347.77,200,Aluminum,Silver,Medium,Custom Fit,2494.66,Low
2503.93,459,Rubber,Silver,XL,Custom Fit,2585.05,Low
2468.23,235,Plastic,Silver,Large,Custom Fit,2543.87,Low
2442.46,326,Plastic,Red,Small,Universal Fit,2521.7,Low
2452.27,176,Steel,Red,XL,Universal Fit,2605.67,Low
2460.33,456,Rubber,Gray,Large,Universal Fit,2544.28,Low
2477.6,479,Rubber,Black,Medium,Custom Fit,2584.89,Low
2378.91,467,Carbon Fiber,Blue,Medium,Universal Fit,2546.15,Low
2390.17,368,Steel,Red,Medium,Universal Fit,2537.26,Low
2462.33,47,Plastic,Silver,Medium,Universal Fit,2537.32,Low
2497.1,376,Plastic,Black,Large,Universal Fit,2569.48,Low
2401.61,56,Carbon Fiber,Red,Medium,Universal Fit,2554.75,Low
2482.82,295,Rubber,Black,Large,Custom Fit,2607.23,Low
2459.99,498,Aluminum,Gray,Small,Universal Fit,2622.32,Low
2413.42,78,Plastic,Gray,XL,Universal Fit,2544.82,Low
2398.6,239,Rubber,Gray,Small,Custom Fit,2565.3,Low
2488.15,240,Steel,Red,XL,Universal Fit,2594.56,Low
2502.26,281,Carbon Fiber,Red,Large,Universal Fit,2644.64,Low
2399.84,427,Aluminum,Silver,Medium,Universal Fit,2552.28,Low
2422.92,163,Steel,Blue,XL,Universal Fit,2505.1,Low
2518.45,244,Steel,Red,XL,Custom Fit,2601.72,Low
2460.89,248,Aluminum,Blue,Small,Universal Fit,2565.86,Low
2434.58,44,Rubber,Black,Large,Custom Fit,2533.36,Low
2387.18,404,Rubber,Silver,Small,Universal Fit,2546.52,Low
2448.38,451,Rubber,Red,Medium,Universal Fit,2504.2,Low
2490.6,15,Rubber,Red,Large,Custom Fit,2619.58,Low
2474.25,261,Rubber,Silver,Large,Universal Fit,2576.39,Low
2464.89,257,Steel,Red,Medium,Universal Fit,2536.3,Low
2403.32,47,Rubber,Silver,Small,Universal Fit,2547.22,Low
2392.73,433,Carbon Fiber,Black,Medium,Universal Fit,2494.89,Low
2472.5,137,Steel,Blue,Medium,Universal Fit,2627.92,Low
2498.4,122,Rubber,Black,Large,Universal Fit,2608.56,Low
2473.6,416,Carbon Fiber,Red,XL,Universal Fit,2639.69,Low
171.47,458,Plastic,Blue,Medium,Universal Fit,270.45,Low
136.53,2,Carbon Fiber,Gray,Large,Universal Fit,300.41,Low
170.5,148,Aluminum,Red,Medium,Universal Fit,240.68,Low
37924.53,80,Steel,Red,XL,Universal Fit,38009.86,Mid
37963.82,63,Steel,Red,XL,Universal Fit,37987.63,Mid
37971.21,103,Rubber,Red,Small,Universal Fit,38120.68,Mid
37970.78,254,Steel,Silver,Large,Universal Fit,38023.18,Mid
37965.67,245,Steel,Gray,Small,Custom Fit,38038.78,Mid
37937.72,4,Steel,Red,Small,Universal Fit,38003.18,Mid
37934.65,104,Steel,Silver,Large,Universal Fit,38004.36,Mid
37979.95,384,Rubber,Red,Large,Custom Fit,38125.91,Mid
36978.25,190,Steel,Silver,XL,Universal Fit,37092.08,Mid
36974.38,113,Rubber,Silver,XL,Custom Fit,37083.36,Mid
36963.12,438,Aluminum,Gray,Large,Universal Fit,37098.69,Mid
36960.92,200,Steel,Silver,Small,Custom Fit,37055.52,Mid
36994.1,121,Plastic,Gray,Small,Custom Fit,37087.02,Mid
21933.08,30,Rubber,Black,XL,Universal Fit,21969.59,Mid
22001.13,132,Rubber,Blue,XL,Custom Fit,22119.01,Mid
21939.13,335,Aluminum,Blue,XL,Universal Fit,22039.69,Mid
21940.19,364,Steel,Red,Large,Universal Fit,22063.93,Mid
22021.73,451,Rubber,Silver,Small,Universal Fit,22093.39,Mid
21904.55,235,Plastic,Gray,Large,Universal Fit,22003.53,Mid
21952.69,199,Steel,Gray,Small,Universal Fit,22051.41,Mid
21920.03,151,Carbon Fiber,Black,Large,Custom Fit,22079.09,Mid
34964.79,358,Carbon Fiber,Red,Small,Custom Fit,35042.74,Mid
34906.18,495,Plastic,Red,Small,Universal Fit,35056.19,Mid
34950.65,278,Steel,Black,Large,Custom Fit,35047.16,Mid
34918.47,384,Aluminum,Black,XL,Custom Fit,35096.23,Mid
34932.67,229,Plastic,Blue,Small,Custom Fit,35021.36,Mid
35019.91,415,Carbon Fiber,Silver,Small,Universal Fit,35120.27,Mid
34949.97,168,Aluminum,Black,XL,Universal Fit,35050.58,Mid
100.71,371,Plastic,Gray,XL,Custom Fit,228.94,Low
108.19,100,Plastic,Red,Large,Custom Fit,191.52,Low
125.93,34,Plastic,Black,Medium,Universal Fit,297.64,Low
256.86,412,Carbon Fiber,Black,XL,Custom Fit,345.44,Low
308.81,135,Rubber,Gray,Large,Universal Fit,449.22,Low
287.81,468,Rubber,Silver,Large,Custom Fit,449.51,Low
48.35,475,Aluminum,Red,Large,Universal Fit,152.86,Low
7802.87,297,Plastic,Silver,Medium,Universal Fit,7842.12,Low
7747.53,108,Steel,Silver,Large,Custom Fit,7838.61,Low
7705.65,62,Rubber,Gray,Medium,Custom Fit,7794.16,Low
7778.17,202,Rubber,Black,Large,Custom Fit,7827.03,Low
7747.82,325,Carbon Fiber,Gray,Large,Custom Fit,7821.51,Low
7708.68,182,Carbon Fiber,Black,Large,Custom Fit,7843.55,Low
26933.64,307,Carbon Fiber,Black,Medium,Custom Fit,27016.28,Mid
26962.02,370,Rubber,Silver,Large,Custom Fit,27098.62,Mid
26905.56,412,Aluminum,Black,Large,Custom Fit,27013.41,Mid
26959.9,28,Steel,Black,Medium,Custom Fit,27095.43,Mid
26950.04,8,Aluminum,Silver,XL,Custom Fit,27073.8,Mid
27005.7,107,Aluminum,Black,Medium,Custom Fit,27130.61,Mid
26940.9,498,Rubber,Red,Small,Universal Fit,27080.26,Mid
26965.8,332,Carbon Fiber,Gray,XL,Custom Fit,27117.66,Mid
11948.76,156,Aluminum,Black,Small,Custom Fit,12119.59,Low
11980.22,487,Plastic,Silver,Large,Universal Fit,12082.52,Low
11986.03,198,Carbon Fiber,Blue,Large,Custom Fit,12104.17,Low
11924.17,207,Rubber,Blue,Small,Custom Fit,12026.51,Low
11946.47,426,Aluminum,Blue,Medium,Custom Fit,12079.29,Low
11911.68,177,Plastic,Black,Small,Custom Fit,11991.86,Low
915.08,136,Aluminum,Blue,Medium,Universal Fit,959.08,Low
839.4,378,Rubber,Red,Medium,Custom Fit,893.72,Low
778.29,143,Rubber,Blue,Small,Custom Fit,922.35,Low
858.86,110,Plastic,Gray,Large,Universal Fit,940.87,Low
834.81,55,Rubber,Red,Large,Universal Fit,913.21,Low
909.31,281,Plastic,Blue,Large,Custom Fit,949.25,Low
839.83,179,Plastic,Gray,XL,Universal Fit,980.19,Low
886.88,207,Aluminum,Blue,Small,Universal Fit,969.07,Low
895.48,294,Rubber,Gray,Medium,Universal Fit,991.07,Low
925.85,26,Rubber,Blue,XL,Universal Fit,974.7,Low
921.22,432,Carbon Fiber,Silver,Medium,Universal Fit,1003.28,Low
901.35,18,Plastic,Black,XL,Universal Fit,1064.3,Low
877.0,67,Rubber,Blue,XL,Custom Fit,1016.77,Low
938.23,455,Carbon Fiber,Gray,Small,Universal Fit,1065.34,Low
811.7,372,Aluminum,Red,XL,Universal Fit,977.54,Low
747.07,91,Aluminum,Gray,XL,Universal Fit,923.13,Low
791.92,428,Aluminum,Red,XL,Custom Fit,923.68,Low
833.57,273,Carbon Fiber,Gray,XL,Custom Fit,899.77,Low
789.68,449,Steel,Silver,XL,Universal Fit,951.58,Low
791.54,129,Steel,Gray,Small,Universal Fit,909.99,Low
920.2,198,Carbon Fiber,Silver,Large,Custom Fit,1081.32,Low
865.2,77,Aluminum,Silver,Large,Custom Fit,979.64,Low
862.6,409,Aluminum,Black,Small,Universal Fit,955.31,Low
953.04,48,Rubber,Black,Medium,Custom Fit,1008.26,Low
939.93,441,Rubber,Blue,XL,Universal Fit,1049.54,Low
936.52,329,Rubber,Black,Medium,Universal Fit,1034.13,Low
966.4,34,Plastic,Black,XL,Universal Fit,1071.03,Low
929.7,23,Carbon Fiber,Red,Medium,Custom Fit,1096.65,Low
942.88,385,Carbon Fiber,Silver,XL,Universal Fit,1034.24,Low
924.33,328,Aluminum,Black,Small,Universal Fit,1062.91,Low
445.77,59,Plastic,Gray,Large,Universal Fit,545.28,Low
422.94,244,Rubber,Red,XL,Custom Fit,555.44,Low
397.21,317,Rubber,Gray,Small,Universal Fit,477.01,Low
450.09,145,Carbon Fiber,Blue,XL,Custom Fit,559.26,Low
395.64,86,Carbon Fiber,Red,Large,Custom Fit,542.11,Low
415.63,322,Plastic,Red,XL,Custom Fit,480.52,Low
399.54,351,Aluminum,Gray,Small,Universal Fit,541.95,Low
75.51,136,Steel,Red,Large,Universal Fit,157.98,Low
37.49,476,Aluminum,Gray,Medium,Custom Fit,172.72,Low
94.61,123,Rubber,Blue,Large,Custom Fit,127.31,Low
78.74,83,Carbon Fiber,Gray,XL,Custom Fit,200.78,Low
44.81,486,Rubber,Black,Medium,Custom Fit,201.02,Low
58001.7,7,Plastic,Gray,Small,Universal Fit,58092.03,Mid
57934.31,299,Carbon Fiber,Silver,Medium,Custom Fit,58104.14,Mid
57954.92,45,Plastic,Red,Small,Custom Fit,58044.25,Mid
57939.75,236,Rubber,Gray,XL,Universal Fit,58007.96,Mid
57938.99,348,Aluminum,Silver,XL,Custom Fit,58107.41,Mid
57953.01,458,Carbon Fiber,Blue,Large,Custom Fit,58038.27,Mid
27971.22,214,Steel,Red,XL,Custom Fit,28081.48,Mid
27919.32,323,Rubber,Gray,Small,Universal Fit,28082.73,Mid
27932.46,91,Carbon Fiber,Silver,Large,Universal Fit,28038.19,Mid
27895.47,300,Aluminum,Silver,Large,Universal Fit,28035.64,Mid
27857.73,340,Rubber,Blue,Medium,Universal Fit,28032.93,Mid
27928.74,205,Steel,Red,XL,Universal Fit,28098.81,Mid
268.03,258,Plastic,Silver,XL,Custom Fit,335.19,Low
331.61,129,Rubber,Black,Small,Universal Fit,383.98,Low
261.26,55,Aluminum,Blue,Large,Universal Fit,387.19,Low
226.06,317,Steel,Gray,XL,Universal Fit,377.53,Low
262.23,321,Aluminum,Silver,Medium,Universal Fit,329.66,Low
208.68,47,Plastic,Black,Medium,Universal Fit,385.19,Low
265.25,48,Rubber,Blue,Small,Custom Fit,375.03,Low
304.54,143,Carbon Fiber,Red,Large,Custom Fit,333.35,Low
449.5,171,Steel,Red,Small,Universal Fit,552.62,Low
554.98,462,Plastic,Gray,Small,Custom Fit,612.3,Low
465.07,147,Steel,Gray,Small,Custom Fit,652.46,Low
548.7,4,Steel,Silver,Small,Universal Fit,618.97,Low
544.23,72,Steel,Red,Small,Custom Fit,611.5,Low
485.5,128,Plastic,Blue,Medium,Custom Fit,611.34,Low
118.27,478,Rubber,Gray,Medium,Universal Fit,151.22,Low
103.14,281,Plastic,Black,XL,Custom Fit,160.85,Low
31.98,258,Plastic,Blue,XL,Custom Fit,158.39,Low
156.97,368,Carbon Fiber,Gray,Large,Universal Fit,193.41,Low
55.03,287,Steel,Blue,Large,Universal Fit,127.83,Low
82.78,253,Carbon Fiber,Blue,Large,Custom Fit,127.38,Low
30012.95,453,Rubber,Silver,Large,Custom Fit,30086.71,Mid
29981.02,95,Steel,Gray,Large,Universal Fit,30095.05,Mid
29938.75,326,Aluminum,Black,Medium,Universal Fit,30089.92,Mid
29995.98,272,Carbon Fiber,Blue,Large,Universal Fit,30020.64,Mid
29972.89,443,Plastic,Gray,XL,Universal Fit,30119.05,Mid
29945.4,483,Carbon Fiber,Black,Small,Universal Fit,30018.07,Mid
33876.23,464,Rubber,Black,Large,Custom Fit,34029.32,Mid
33900.21,81,Aluminum,Red,Medium,Custom Fit,34009.62,Mid
33893.42,10,Carbon Fiber,Blue,XL,Universal Fit,34027.3,Mid
33992.27,290,Rubber,Blue,XL,Custom Fit,34095.38,Mid
33911.94,354,Plastic,Blue,Large,Universal Fit,34085.46,Mid
30951.41,76,Aluminum,Blue,XL,Universal Fit,31106.3,Mid
30942.16,260,Plastic,Black,Large,Custom Fit,31070.13,Mid
30914.29,82,Carbon Fiber,Gray,Small,Custom Fit,30974.86,Mid
30947.13,443,Carbon Fiber,Gray,Medium,Custom Fit,30982.5,Mid
30994.47,108,Rubber,Blue,XL,Universal Fit,31111.34,Mid
30912.76,119,Aluminum,Blue,Large,Universal Fit,31055.4,Mid
20927.23,29,Steel,Gray,Medium,Custom Fit,21065.67,Mid
21005.81,3,Plastic,Silver,Medium,Custom Fit,21091.73,Mid
20908.95,47,Carbon Fiber,Silver,Medium,Custom Fit,21033.02,Mid
21012.03,198,Rubber,Blue,Small,Custom Fit,21104.21,Mid
20909.74,493,Steel,Red,Medium,Custom Fit,20980.03,Mid
41880.43,269,Plastic,Silver,XL,Universal Fit,41984.55,Mid
41952.43,178,Plastic,Silver,Medium,Custom Fit,42015.75,Mid
41992.56,53,Rubber,Red,Large,Universal Fit,42102.81,Mid
41883.28,332,Aluminum,Blue,Large,Custom Fit,42052.77,Mid
41909.95,269,Carbon Fiber,Black,Large,Custom Fit,41983.08,Mid
41905.76,132,Steel,Gray,XL,Universal Fit,42015.27,Mid
17943.97,384,Steel,Gray,Medium,Custom Fit,18070.32,Mid
17914.93,132,Carbon Fiber,Blue,Medium,Custom Fit,17969.43,Mid
17881.51,79,Steel,Black,Large,Universal Fit,17975.76,Mid
17878.46,120,Rubber,Red,Medium,Custom Fit,18038.2,Mid
79.53,146,Steel,Blue,XL,Universal Fit,264.05,Low
56.05,478,Steel,Gray,Medium,Universal Fit,181.25,Low
97.43,69,Aluminum,Silver,Medium,Universal Fit,226.17,Low
70.27,2,Carbon Fiber,Blue,Medium,Universal Fit,198.66,Low
113.07,155,Rubber,Gray,Medium,Universal Fit,190.79,Low
150.32,267,Carbon Fiber,Silver,Large,Universal Fit,264.1,Low
25.78,362,Steel,Red,XL,Universal Fit,150.68,Low
219.86,496,Aluminum,Black,XL,Custom Fit,311.91,Low
132.67,13,Carbon Fiber,Black,Medium,Custom Fit,284.19,Low
146.66,313,Rubber,Gray,Medium,Universal Fit,226.25,Low
171.68,451,Aluminum,Gray,Medium,Universal Fit,239.22,Low
143.88,173,Aluminum,Gray,Small,Custom Fit,282.0,Low
65.86,366,Rubber,Black,Medium,Universal Fit,174.58,Low
339.68,5,Plastic,Blue,Large,Custom Fit,400.72,Low
276.96,455,Steel,Gray,XL,Universal Fit,444.9,Low
314.89,235,Carbon Fiber,Blue,Medium,Custom Fit,412.23,Low
338.08,379,Plastic,Red,Medium,Universal Fit,434.54,Low
293.18,460,Plastic,Black,Large,Custom Fit,426.46,Low
236.24,167,Aluminum,Blue,XL,Custom Fit,344.22,Low
268.57,438,Aluminum,Gray,Small,Universal Fit,403.95,Low
118.39,243,Steel,Blue,XL,Universal Fit,270.93,Low
96.97,231,Rubber,Black,XL,Universal Fit,181.48,Low
363.37,478,Steel,Gray,XL,Custom Fit,427.96,Low
25.52,134,Carbon Fiber,Blue,Medium,Custom Fit,129.92,Low
116.22,103,Plastic,Red,XL,Custom Fit,222.8,Low
64.91,331,Carbon Fiber,Red,XL,Custom Fit,141.79,Low
69.22,175,Rubber,Black,XL,Custom Fit,144.99,Low
73.54,356,Carbon Fiber,Silver,Medium,Universal Fit,238.97,Low
71.22,275,Rubber,Silver,Small,Universal Fit,201.75,Low
61.74,272,Steel,Black,Large,Custom Fit,204.87,Low
41943.19,43,Steel,Blue,Small,Custom Fit,42068.28,Mid
41936.79,233,Rubber,Blue,XL,Custom Fit,41991.76,Mid
41887.5,55,Aluminum,Red,Large,Custom Fit,42059.92,Mid
41964.82,341,Aluminum,Gray,Small,Universal Fit,42009.99,Mid
41922.79,351,Rubber,Black,Small,Custom Fit,42042.96,Mid
41969.16,9,Plastic,Black,Small,Universal Fit,42099.87,Mid
42024.65,323,Rubber,Red,XL,Universal Fit,42113.67,Mid
94.37,412,Aluminum,Red,Medium,Universal Fit,117.25,Low
86.81,471,Plastic,Red,Large,Universal Fit,267.66,Low
65.93,182,Plastic,Gray,Small,Custom Fit,192.44,Low
52.12,234,Steel,Black,XL,Universal Fit,118.23,Low
78.51,306,Carbon Fiber,Blue,Large,Custom Fit,207.69,Low
4.12,352,Steel,Blue,XL,Universal Fit,141.88,Low
119.3,190,Rubber,Gray,Medium,Universal Fit,204.3,Low
96.03,284,Steel,Silver,Medium,Universal Fit,223.18,Low
125.37,408,Carbon Fiber,Red,Small,Universal Fit,251.25,Low
196.0,374,Aluminum,Black,Large,Custom Fit,286.53,Low
175.27,204,Rubber,Blue,Large,Universal Fit,296.58,Low
186.84,193,Steel,Silver,Large,Universal Fit,280.34,Low
79.79,46,Steel,Red,Medium,Custom Fit,164.47,Low
27.48,31,Carbon Fiber,Gray,Medium,Universal Fit,184.16,Low
80.56,114,Plastic,Silver,Medium,Custom Fit,204.91,Low
15.43,467,Rubber,Silver,Small,Universal Fit,114.6,Low
34.49,34,Plastic,Black,Medium,Custom Fit,201.18,Low
397.79,116,Plastic,Red,XL,Custom Fit,452.84,Low
277.1,478,Plastic,Gray,Small,Universal Fit,402.39,Low
406.24,86,Rubber,Blue,Small,Universal Fit,534.17,Low
320.48,108,Plastic,Red,Small,Universal Fit,419.9,Low
313.04,159,Carbon Fiber,Red,XL,Universal Fit,511.82,Low
380.98,2,Plastic,Silver,Small,Universal Fit,441.52,Low
7.24,325,Steel,Red,Small,Custom Fit,146.92,Low
46.45,109,Carbon Fiber,Silver,XL,Universal Fit,112.76,Low
44.1,83,Steel,Silver,XL,Custom Fit,186.97,Low
88.76,53,Carbon Fiber,Red,Medium,Universal Fit,163.81,Low
3.52,450,Aluminum,Black,Medium,Universal Fit,161.32,Low
35.23,179,Aluminum,Red,Large,Universal Fit,115.9,Low
9.97,144,Aluminum,Red,Small,Custom Fit,102.33,Low
10.26,0,Rubber,Red,XL,Universal Fit,164.85,Low
57.52,190,Plastic,Gray,Small,Custom Fit,187.77,Low
39.43,106,Rubber,Black,XL,Custom Fit,132.76,Low
458.96,223,Carbon Fiber,Gray,Large,Universal Fit,545.69,Low
479.91,77,Carbon Fiber,Black,XL,Universal Fit,614.09,Low
459.94,19,Steel,Blue,Small,Universal Fit,594.63,Low
549.6,101,Carbon Fiber,Blue,Large,Custom Fit,591.97,Low
433.0,293,Steel,Red,XL,Universal Fit,571.79,Low
30.08,426,Rubber,Black,XL,Custom Fit,80.93,Low
27.27,436,Rubber,Blue,XL,Universal Fit,112.72,Low
64.68,398,Steel,Black,Medium,Universal Fit,122.86,Low
14.69,349,Aluminum,Silver,Medium,Universal Fit,122.75,Low
39.66,398,Plastic,Blue,Large,Universal Fit,210.32,Low
74.7,78,Steel,Gray,Small,Custom Fit,167.53,Low
7.74,14,Carbon Fiber,Silver,Large,Custom Fit,156.51,Low
51.38,207,Aluminum,Silver,Small,Universal Fit,157.28,Low
8.33,377,Carbon Fiber,Red,Large,Universal Fit,138.74,Low
91.14,75,Steel,Gray,XL,Universal Fit,173.41,Low
11.88,145,Rubber,Blue,Small,Custom Fit,127.19,Low
90.21,448,Plastic,Blue,Small,Universal Fit,159.24,Low
101.8,417,Plastic,Silver,XL,Universal Fit,171.01,Low
54.97,261,Plastic,Silver,XL,Universal Fit,176.55,Low
107.03,482,Plastic,Black,Medium,Universal Fit,187.32,Low
79.81,312,Aluminum,Silver,XL,Custom Fit,185.77,Low
46.39,420,Plastic,Blue,Small,Universal Fit,187.19,Low
13.13,273,Carbon Fiber,Red,XL,Universal Fit,140.69,Low
44.8,195,Steel,Black,Large,Custom Fit,145.64,Low
43.5,185,Rubber,Black,Large,Custom Fit,72.12,Low
41.21,449,Rubber,Red,XL,Custom Fit,114.88,Low
79.32,121,Rubber,Gray,XL,Universal Fit,174.69,Low
72.82,250,Carbon Fiber,Blue,Large,Universal Fit,164.44,Low
38.0,441,Rubber,Red,XL,Custom Fit,163.58,Low
23.18,178,Rubber,Silver,Small,Universal Fit,157.89,Low
41.73,486,Carbon Fiber,Black,Small,Custom Fit,111.52,Low
6.68,170,Rubber,Black,Medium,Universal Fit,177.97,Low
5.34,304,Carbon Fiber,Gray,Small,Custom Fit,148.31,Low
75.8,75,Steel,Silver,Small,Universal Fit,158.83,Low
42.26,361,Steel,Red,Large,Custom Fit,103.12,Low
62.42,240,Rubber,Blue,Medium,Custom Fit,153.15,Low
49.14,285,Plastic,Blue,XL,Custom Fit,153.53,Low
45.85,98,Plastic,Red,Large,Custom Fit,208.62,Low
22.03,391,Steel,Red,XL,Custom Fit,168.95,Low
17.72,470,Steel,Gray,Small,Universal Fit,119.72,Low
4.92,374,Aluminum,Black,Large,Custom Fit,162.22,Low
10.62,382,Plastic,Blue,Large,Custom Fit,147.09,Low
26.44,262,Aluminum,Silver,Small,Custom Fit,165.48,Low
65.15,98,Plastic,Silver,XL,Universal Fit,178.27,Low
112.87,299,Aluminum,Red,Medium,Custom Fit,228.09,Low
64.37,354,Aluminum,Blue,Medium,Universal Fit,235.39,Low
51.84,269,Carbon Fiber,Red,Large,Universal Fit,205.16,Low
84.61,66,Rubber,Gray,XL,Custom Fit,190.95,Low
47.43,57,Aluminum,Silver,XL,Universal Fit,127.61,Low
6.64,471,Rubber,Red,Medium,Custom Fit,73.85,Low
18.06,383,Plastic,Blue,XL,Universal Fit,121.52,Low
29.96,76,Plastic,Red,Large,Universal Fit,163.33,Low
92.49,282,Plastic,Silver,XL,Universal Fit,185.03,Low
11.43,288,Carbon Fiber,Red,Small,Universal Fit,74.02,Low
68.94,465,Carbon Fiber,Gray,Small,Custom Fit,178.43,Low
66.59,417,Aluminum,Red,Small,Custom Fit,168.6,Low
121.07,429,Aluminum,Black,Medium,Custom Fit,205.04,Low
83.92,188,Plastic,Gray,Large,Custom Fit,220.75,Low
39.79,156,Steel,Gray,Large,Custom Fit,114.92,Low
24.95,357,Carbon Fiber,Gray,XL,Universal Fit,107.93,Low
61.32,2,Carbon Fiber,Red,Large,Custom Fit,144.22,Low
1.99,389,Rubber,Silver,Large,Custom Fit,125.45,Low
30.44,383,Aluminum,Silver,Large,Universal Fit,207.86,Low
29.91,435,Aluminum,Black,XL,Universal Fit,169.71,Low
9.73,45,Rubber,Silver,Large,Universal Fit,157.87,Low
51.18,415,Plastic,Red,XL,Custom Fit,169.52,Low
52.91,171,Aluminum,Red,XL,Universal Fit,119.24,Low
37.69,184,Steel,Silver,Large,Custom Fit,185.55,Low
45.42,404,Carbon Fiber,Red,Medium,Custom Fit,134.64,Low
39.31,166,Carbon Fiber,Red,Medium,Universal Fit,178.67,Low
21.85,255,Steel,Blue,XL,Universal Fit,105.8,Low
31.55,216,Aluminum,Black,Large,Universal Fit,154.06,Low
12.91,428,Carbon Fiber,Red,XL,Universal Fit,132.27,Low
25.88,301,Carbon Fiber,Gray,Large,Universal Fit,165.8,Low
42.69,199,Steel,Blue,XL,Universal Fit,196.26,Low
37.07,278,Carbon Fiber,Black,Small,Universal Fit,125.44,Low
14.31,151,Rubber,Gray,Medium,Custom Fit,124.41,Low
49.11,138,Plastic,Blue,Small,Universal Fit,111.17,Low
41.66,192,Steel,Black,Large,Custom Fit,96.71,Low
48.83,149,Steel,Red,Large,Universal Fit,128.38,Low
10.96,485,Plastic,Red,Large,Custom Fit,160.21,Low
36.03,287,Steel,Red,XL,Universal Fit,148.76,Low
79.42,280,Carbon Fiber,Blue,Small,Universal Fit,119.45,Low
21.25,257,Steel,Black,XL,Universal Fit,77.93,Low
2.6,142,Steel,Black,XL,Universal Fit,122.78,Low
32.24,146,Plastic,Black,XL,Custom Fit,86.74,Low
54.54,427,Plastic,Black,Medium,Custom Fit,166.16,Low
62.36,491,Aluminum,Red,Medium,Universal Fit,202.33,Low
65.68,420,Steel,Black,Medium,Custom Fit,128.22,Low
11.55,83,Carbon Fiber,Red,XL,Custom Fit,105.26,Low
45.49,1,Rubber,Red,Small,Universal Fit,82.94,Low
65.69,242,Plastic,Blue,Large,Universal Fit,108.83,Low
56.63,224,Rubber,Gray,Large,Universal Fit,163.59,Low
58.37,67,Carbon Fiber,Blue,Large,Custom Fit,144.33,Low
13.92,4,Carbon Fiber,Gray,Small,Universal Fit,67.78,Low
10.37,458,Aluminum,Silver,Medium,Custom Fit,89.46,Low
8.92,355,Steel,Blue,Large,Custom Fit,82.37,Low
41.73,11,Carbon Fiber,Red,Small,Universal Fit,141.9,Low
9.32,121,Steel,Blue,Large,Custom Fit,146.82,Low
34.91,347,Steel,Red,Small,Universal Fit,92.78,Low
17.04,126,Aluminum,Silver,Large,Universal Fit,109.84,Low
20.67,433,Aluminum,Gray,XL,Universal Fit,139.19,Low
24.37,281,Rubber,Silver,Small,Universal Fit,90.42,Low
2.7,247,Carbon Fiber,Gray,Medium,Universal Fit,95.69,Low
120.26,446,Steel,Blue,XL,Custom Fit,235.07,Low
117.74,200,Plastic,Gray,Small,Custom Fit,228.34,Low
90.84,263,Rubber,Blue,Large,Universal Fit,222.25,Low
3.4,380,Rubber,Blue,Small,Universal Fit,141.41,Low
91.64,100,Rubber,Blue,Medium,Custom Fit,204.34,Low
17964.88,500,Rubber,Black,Small,Custom Fit,18030.43,Mid
17983.59,92,Plastic,Red,XL,Custom Fit,18113.4,Mid
17906.53,4,Steel,Red,XL,Universal Fit,18027.75,Mid
17957.41,430,Rubber,Blue,Small,Universal Fit,18068.64,Mid
17952.9,88,Carbon Fiber,Blue,Large,Universal Fit,18095.31,Mid
18007.85,263,Plastic,Black,Small,Custom Fit,18129.47,Mid
30937.63,97,Steel,Red,Large,Custom Fit,31055.67,Mid
30994.25,291,Aluminum,Black,Medium,Universal Fit,31124.72,Mid
30938.13,44,Aluminum,Black,Medium,Custom Fit,31053.32,Mid
30933.53,102,Aluminum,Black,Medium,Custom Fit,31007.25,Mid
30938.84,46,Rubber,Black,XL,Custom Fit,31116.44,Mid
30978.68,149,Steel,Red,Medium,Universal Fit,31070.16,Mid
16965.37,297,Aluminum,Black,Medium,Custom Fit,17036.92,Mid
16929.51,189,Carbon Fiber,Silver,Large,Universal Fit,17037.53,Mid
16891.27,50,Steel,Silver,Large,Universal Fit,17037.09,Mid
16955.51,79,Steel,Blue,XL,Custom Fit,17016.33,Mid
16961.29,131,Carbon Fiber,Black,XL,Custom Fit,17081.74,Mid
16968.4,398,Plastic,Red,Large,Universal Fit,17061.35,Mid
4.71,261,Carbon Fiber,Black,XL,Universal Fit,105.39,Low
17.08,404,Aluminum,Red,XL,Custom Fit,86.52,Low
22.93,179,Rubber,Gray,Medium,Custom Fit,125.57,Low
81.36,26,Plastic,Gray,XL,Custom Fit,149.04,Low
104.64,391,Rubber,Silver,Medium,Universal Fit,223.45,Low
34.04,365,Plastic,Gray,Small,Custom Fit,167.57,Low
43.42,276,Aluminum,Gray,XL,Universal Fit,121.34,Low
19.09,478,Carbon Fiber,Red,Large,Custom Fit,122.6,Low
30.13,53,Carbon Fiber,Gray,Large,Custom Fit,168.8,Low
55.52,312,Steel,Red,XL,Universal Fit,202.23,Low
66.28,485,Carbon Fiber,Black,Small,Custom Fit,174.48,Low
24.04,257,Plastic,Silver,Medium,Custom Fit,126.42,Low
105.12,456,Aluminum,Black,Large,Custom Fit,135.05,Low
63.51,105,Plastic,Gray,Small,Custom Fit,233.73,Low
105.09,18,Steel,Black,Small,Custom Fit,211.12,Low
9.14,127,Steel,Black,Large,Custom Fit,108.98,Low
32.86,0,Aluminum,Blue,Large,Custom Fit,149.41,Low
95.26,216,Rubber,Black,Large,Custom Fit,171.9,Low
85.39,202,Plastic,Gray,XL,Custom Fit,173.26,Low
0.5,438,Rubber,Silver,XL,Custom Fit,176.52,Low
91.19,91,Carbon Fiber,Silver,Small,Universal Fit,189.83,Low
28.58,366,Steel,Gray,Small,Universal Fit,153.73,Low
86.82,235,Aluminum,Black,Large,Universal Fit,139.96,Low
3.53,314,Plastic,Gray,Large,Universal Fit,107.61,Low
20.63,324,Rubber,Silver,Medium,Universal Fit,152.78,Low
46.23,404,Aluminum,Blue,Medium,Universal Fit,126.01,Low
37.85,346,Plastic,Silver,Large,Universal Fit,179.65,Low
72.21,416,Aluminum,Gray,XL,Custom Fit,165.89,Low
91.7,218,Aluminum,Red,XL,Custom Fit,201.03,Low
51.08,355,Steel,Gray,Large,Universal Fit,135.59,Low
27.3,378,Steel,Blue,Medium,Universal Fit,132.32,Low
85.31,202,Rubber,Silver,Small,Universal Fit,140.28,Low
49.99,410,Aluminum,Black,XL,Custom Fit,140.34,Low
30.16,246,Rubber,Red,Small,Universal Fit,176.91,Low
5.1,182,Rubber,Red,Small,Custom Fit,121.18,Low
77.57,4,Plastic,Black,Large,Universal Fit,130.79,Low
70.39,351,Plastic,Black,Medium,Custom Fit,186.78,Low
18.08,118,Plastic,Gray,Small,Custom Fit,135.98,Low
67.71,175,Rubber,Red,Medium,Custom Fit,124.26,Low
309.72,89,Plastic,Red,XL,Universal Fit,407.14,Low
272.92,402,Aluminum,Gray,Small,Custom Fit,391.23,Low
304.65,88,Aluminum,Gray,Medium,Universal Fit,450.96,Low
341.09,360,Rubber,Blue,Medium,Universal Fit,377.99,Low
285.98,156,Carbon Fiber,Gray,Small,Custom Fit,475.85,Low
27.63,3,Aluminum,Gray,Medium,Universal Fit,149.87,Low
35.47,500,Aluminum,Black,XL,Universal Fit,149.12,Low
48.35,312,Steel,Silver,Small,Universal Fit,172.41,Low
80.31,118,Rubber,Gray,Large,Custom Fit,177.75,Low
154.19,455,Steel,Gray,Small,Universal Fit,238.92,Low
96.75,1,Aluminum,Black,XL,Universal Fit,212.74,Low
109.31,297,Aluminum,Silver,Medium,Universal Fit,190.48,Low
75.55,121,Steel,Gray,XL,Custom Fit,260.88,Low
156.26,165,Carbon Fiber,Red,Medium,Universal Fit,192.93,Low
84.89,496,Aluminum,Black,Large,Universal Fit,208.22,Low
128.38,39,Steel,Blue,Small,Universal Fit,183.39,Low
99.04,81,Aluminum,Black,Small,Custom Fit,286.44,Low
90.25,196,Carbon Fiber,Black,Large,Custom Fit,196.94,Low
183.77,1,Plastic,Blue,Medium,Universal Fit,213.05,Low
60.1,229,Rubber,Black,Medium,Universal Fit,149.32,Low
202.75,4,Aluminum,Blue,XL,Universal Fit,347.55,Low
197.18,30,Rubber,Blue,Medium,Custom Fit,280.34,Low
261.78,368,Plastic,Red,Small,Custom Fit,328.52,Low
252.34,266,Rubber,Gray,Large,Custom Fit,313.8,Low
294.41,326,Aluminum,Black,Large,Custom Fit,410.46,Low
250.05,47,Plastic,Black,Large,Custom Fit,315.72,Low
262.8,74,Carbon Fiber,Black,Small,Custom Fit,329.32,Low
256.01,42,Carbon Fiber,Black,Medium,Custom Fit,374.7,Low
208.81,67,Carbon Fiber,Black,Small,Custom Fit,342.14,Low
237.79,182,Plastic,Red,Large,Universal Fit,383.0,Low
274.15,33,Plastic,Silver,XL,Custom Fit,357.49,Low
277.49,419,Rubber,Gray,Medium,Universal Fit,360.83,Low
174.47,419,Rubber,Black,Medium,Custom Fit,357.83,Low
169.43,65,Steel,Silver,Large,Custom Fit,270.75,Low
212.33,497,Steel,Blue,Medium,Universal Fit,271.1,Low
1271.76,297,Carbon Fiber,Gray,XL,Custom Fit,1349.14,Low
1214.0,169,Carbon Fiber,Blue,Small,Universal Fit,1318.62,Low
1186.92,384,Rubber,Blue,Large,Universal Fit,1343.84,Low
1240.37,45,Carbon Fiber,Blue,Large,Custom Fit,1372.17,Low
1296.18,446,Plastic,Red,XL,Universal Fit,1449.81,Low
1266.22,192,Carbon Fiber,Blue,Small,Universal Fit,1343.69,Low
1221.81,314,Plastic,Gray,Small,Universal Fit,1345.18,Low
1273.7,194,Carbon Fiber,Gray,Medium,Custom Fit,1394.02,Low
1268.03,385,Aluminum,Blue,Small,Universal Fit,1394.97,Low
1250.47,95,Rubber,Red,Medium,Universal Fit,1378.82,Low
1333.68,52,Carbon Fiber,Black,XL,Custom Fit,1432.58,Low
1220.37,292,Steel,Silver,Small,Universal Fit,1321.99,Low
1197.87,25,Rubber,Blue,Medium,Universal Fit,1329.19,Low
1222.7,461,Carbon Fiber,Gray,Medium,Universal Fit,1350.65,Low
1326.41,253,Carbon Fiber,Gray,Medium,Universal Fit,1412.13,Low
1282.15,297,Rubber,Black,Medium,Custom Fit,1403.83,Low
1267.3,137,Plastic,Silver,Small,Universal Fit,1436.92,Low
1256.95,467,Rubber,Blue,Small,Custom Fit,1392.11,Low
1327.67,64,Plastic,Red,Medium,Custom Fit,1436.86,Low
1328.41,370,Carbon Fiber,Silver,XL,Custom Fit,1448.94,Low
1276.07,66,Plastic,Blue,XL,Custom Fit,1457.75,Low
1255.24,422,Rubber,Blue,Medium,Custom Fit,1404.52,Low
1300.86,323,Aluminum,Black,Large,Universal Fit,1483.92,Low
1301.96,309,Plastic,Gray,Large,Universal Fit,1371.64,Low
1309.68,441,Rubber,Red,Small,Custom Fit,1424.97,Low
1302.97,310,Carbon Fiber,Gray,XL,Custom Fit,1380.36,Low
1247.1,47,Rubber,Black,Small,Custom Fit,1352.43,Low
825.1,431,Carbon Fiber,Gray,Medium,Universal Fit,905.06,Low
873.57,259,Aluminum,Silver,Medium,Universal Fit,970.84,Low
799.66,419,Steel,Gray,Large,Universal Fit,906.95,Low
787.61,264,Plastic,Blue,XL,Custom Fit,929.17,Low
826.71,190,Plastic,Gray,Small,Custom Fit,960.72,Low
769.81,30,Aluminum,Red,Large,Universal Fit,897.73,Low
827.1,235,Plastic,Black,Large,Custom Fit,975.07,Low
835.89,195,Rubber,Gray,Medium,Custom Fit,936.58,Low
875.38,284,Plastic,Silver,Large,Custom Fit,969.31,Low
879.31,14,Aluminum,Red,Medium,Universal Fit,967.15,Low
828.52,295,Steel,Gray,Medium,Custom Fit,889.15,Low
831.04,372,Carbon Fiber,Black,XL,Custom Fit,1001.67,Low
801.4,225,Steel,Blue,Large,Universal Fit,893.42,Low
865.22,183,Carbon Fiber,Silver,XL,Custom Fit,929.29,Low
837.99,189,Aluminum,Gray,Medium,Custom Fit,881.09,Low
924.92,64,Rubber,Black,Small,Custom Fit,949.12,Low
853.34,104,Aluminum,Black,Medium,Custom Fit,905.53,Low
805.65,458,Carbon Fiber,Blue,Small,Custom Fit,890.71,Low
803.2,219,Plastic,Black,Large,Custom Fit,908.95,Low
872.03,34,Steel,Blue,Small,Universal Fit,991.59,Low
335.03,161,Plastic,Red,Large,Universal Fit,409.08,Low
295.32,364,Aluminum,Blue,Large,Custom Fit,380.18,Low
279.04,463,Carbon Fiber,Silver,Medium,Custom Fit,366.89,Low
233.27,111,Plastic,Gray,Small,Universal Fit,306.53,Low
322.48,86,Aluminum,Red,Small,Universal Fit,464.85,Low
287.82,329,Carbon Fiber,Red,XL,Custom Fit,337.04,Low
471.5,291,Steel,Silver,XL,Universal Fit,525.73,Low
349.56,258,Plastic,Blue,Large,Universal Fit,468.3,Low
357.4,263,Rubber,Blue,Large,Custom Fit,543.0,Low
1209.0,248,Rubber,Black,Medium,Universal Fit,1298.2,Low
1154.6,56,Aluminum,Black,Small,Universal Fit,1222.67,Low
1121.28,371,Carbon Fiber,Red,Large,Universal Fit,1271.75,Low
1150.95,481,Aluminum,Red,Large,Universal Fit,1237.96,Low
1109.08,84,Carbon Fiber,Silver,Small,Universal Fit,1214.56,Low
26902.14,100,Rubber,Black,XL,Universal Fit,27048.71,Mid
26937.1,437,Plastic,Red,XL,Universal Fit,27095.31,Mid
26929.97,238,Rubber,Black,XL,Custom Fit,26996.78,Mid
26975.64,445,Carbon Fiber,Gray,XL,Universal Fit,27069.98,Mid
26931.51,372,Aluminum,Blue,XL,Universal Fit,27082.44,Mid
27013.12,390,Aluminum,Gray,Small,Custom Fit,27106.52,Mid
27007.6,169,Rubber,Blue,Medium,Universal Fit,27101.35,Mid
32942.69,440,Rubber,Red,Large,Custom Fit,33049.64,Mid
32932.89,164,Plastic,Gray,XL,Custom Fit,33046.54,Mid
32987.43,211,Carbon Fiber,Gray,XL,Custom Fit,33054.08,Mid
32924.75,392,Rubber,Black,Medium,Custom Fit,33072.83,Mid
28914.33,314,Plastic,Red,Small,Universal Fit,29064.26,Mid
28950.49,130,Rubber,Silver,Small,Custom Fit,29066.04,Mid
28951.4,415,Steel,Silver,Small,Custom Fit,29083.36,Mid
29007.29,214,Steel,Gray,Small,Universal Fit,29064.3,Mid
28926.31,280,Plastic,Gray,Small,Universal Fit,29034.15,Mid
28903.41,47,Aluminum,Black,Medium,Universal Fit,29017.61,Mid
16984.56,296,Aluminum,Blue,Large,Custom Fit,17106.84,Mid
16966.67,449,Aluminum,Black,Large,Universal Fit,17110.3,Mid
16999.93,305,Carbon Fiber,Black,Large,Universal Fit,17032.81,Mid
16949.14,432,Carbon Fiber,Blue,Medium,Custom Fit,17048.7,Mid
16929.38,194,Aluminum,Gray,XL,Universal Fit,17048.75,Mid
16932.03,284,Plastic,Silver,Medium,Custom Fit,16986.39,Mid
20.12,176,Steel,Red,Medium,Universal Fit,143.92,Low
55.12,81,Plastic,Gray,Medium,Universal Fit,145.15,Low
63.93,243,Aluminum,Silver,Large,Universal Fit,161.37,Low
28.57,2,Aluminum,Gray,Medium,Custom Fit,155.83,Low
43.02,407,Plastic,Black,XL,Universal Fit,188.52,Low
48.15,421,Rubber,Gray,Large,Custom Fit,157.91,Low
13.78,220,Aluminum,Red,Large,Universal Fit,158.43,Low
23.97,473,Steel,Red,Small,Universal Fit,96.61,Low
90.76,483,Aluminum,Gray,Large,Custom Fit,185.51,Low
72.43,299,Steel,Red,Small,Universal Fit,184.58,Low
124.3,115,Aluminum,Gray,Small,Custom Fit,162.81,Low
98.07,53,Rubber,Black,XL,Custom Fit,225.71,Low
132.26,55,Aluminum,Black,XL,Universal Fit,187.28,Low
31987.16,82,Aluminum,Blue,Large,Custom Fit,32082.91,Mid
31948.58,162,Carbon Fiber,Red,Small,Universal Fit,32107.09,Mid
31896.09,469,Steel,Black,Small,Universal Fit,32083.39,Mid
31904.64,99,Rubber,Black,XL,Universal Fit,32049.85,Mid
31901.56,110,Steel,Red,XL,Custom Fit,32025.17,Mid
31943.29,335,Aluminum,Silver,XL,Custom Fit,32057.58,Mid
122.72,36,Carbon Fiber,Black,XL,Custom Fit,217.38,Low
124.94,294,Steel,Gray,Large,Custom Fit,169.64,Low
96.77,15,Steel,Red,Medium,Custom Fit,150.24,Low
116.48,450,Plastic,Silver,Medium,Custom Fit,280.75,Low
180.26,233,Carbon Fiber,Black,Large,Universal Fit,316.6,Low
101.12,250,Steel,Blue,Medium,Universal Fit,160.73,Low
172.59,310,Carbon Fiber,Red,XL,Universal Fit,261.07,Low
326.8,20,Rubber,Silver,Large,Custom Fit,387.4,Low
303.96,224,Steel,Silver,Large,Universal Fit,463.58,Low
366.16,133,Aluminum,Red,XL,Custom Fit,467.37,Low
351.04,273,Plastic,Silver,Medium,Custom Fit,452.37,Low
340.63,181,Rubber,Gray,Medium,Universal Fit,472.04,Low
395.57,276,Steel,Black,Large,Custom Fit,478.52,Low
447.73,400,Steel,Gray,Large,Custom Fit,577.0,Low
359.85,351,Steel,Black,XL,Custom Fit,500.12,Low
469.22,37,Steel,Black,XL,Universal Fit,607.82,Low
486.3,45,Aluminum,Gray,Large,Universal Fit,562.23,Low
520.81,50,Rubber,Black,Medium,Universal Fit,566.21,Low
506.08,434,Rubber,Red,Medium,Universal Fit,594.74,Low
364.05,247,Steel,Blue,Large,Custom Fit,524.0,Low
411.22,193,Plastic,Silver,XL,Universal Fit,566.67,Low
430.19,223,Rubber,Blue,Large,Custom Fit,507.73,Low
445.83,351,Carbon Fiber,Gray,Small,Custom Fit,533.12,Low
415.05,122,Aluminum,Gray,Medium,Custom Fit,533.96,Low
454.22,400,Aluminum,Silver,Large,Universal Fit,628.33,Low
494.02,29,Aluminum,Gray,Medium,Custom Fit,549.37,Low
432.88,283,Aluminum,Black,XL,Custom Fit,589.01,Low
475.32,434,Rubber,Gray,Large,Custom Fit,578.14,Low
504.95,400,Aluminum,Gray,Medium,Universal Fit,631.16,Low
455.13,314,Steel,Silver,Medium,Universal Fit,591.13,Low
417.58,121,Steel,Red,Large,Universal Fit,575.63,Low
434.65,429,Plastic,Red,Large,Custom Fit,568.06,Low
999895.33,194,Carbon Fiber,Blue,XL,Custom Fit,1000011.65,High
83.07,88,Steel,Red,Medium,Custom Fit,245.17,Low
63.65,58,Steel,Silver,Medium,Universal Fit,155.1,Low
109.83,5,Steel,Blue,XL,Custom Fit,201.78,Low
161.6,343,Plastic,Gray,Medium,Custom Fit,260.12,Low
62.27,65,Aluminum,Black,XL,Universal Fit,174.86,Low
579.14,168,Aluminum,Blue,Small,Universal Fit,675.91,Low
468.9,448,Plastic,Red,Medium,Universal Fit,575.5,Low
459.4,388,Steel,Black,Large,Custom Fit,516.36,Low
420.87,186,Rubber,Gray,Medium,Universal Fit,582.2,Low
461.51,472,Carbon Fiber,Gray,Small,Universal Fit,564.6,Low
500.86,80,Steel,Silver,Medium,Custom Fit,548.02,Low
485.72,442,Plastic,Blue,Large,Universal Fit,583.58,Low
514.79,337,Plastic,Black,Large,Universal Fit,619.33,Low
550.21,254,Rubber,Gray,XL,Universal Fit,619.62,Low
526.92,269,Steel,Red,Large,Custom Fit,612.0,Low
441.76,476,Carbon Fiber,Blue,Medium,Custom Fit,529.34,Low
448.38,498,Steel,Gray,Small,Custom Fit,588.71,Low
467.83,118,Plastic,Blue,Medium,Custom Fit,606.04,Low
480.86,334,Carbon Fiber,Black,Large,Custom Fit,629.74,Low
494.62,230,Steel,Red,Large,Universal Fit,601.64,Low
417.1,197,Rubber,Red,Small,Universal Fit,530.86,Low
369.75,392,Aluminum,Gray,Medium,Custom Fit,544.35,Low
381.6,443,Carbon Fiber,Black,Large,Custom Fit,478.4,Low
474.27,336,Steel,Silver,XL,Custom Fit,582.14,Low
500.28,465,Plastic,Silver,XL,Custom Fit,540.24,Low
176.62,480,Steel,Black,XL,Custom Fit,271.99,Low
236.18,337,Steel,Black,Medium,Universal Fit,307.16,Low
206.2,1,Plastic,Gray,Small,Custom Fit,346.5,Low
229.18,140,Rubber,Gray,Large,Universal Fit,330.59,Low
196.2,499,Rubber,Gray,XL,Universal Fit,328.9,Low
208.5,321,Rubber,Gray,Large,Custom Fit,311.57,Low
272.27,314,Rubber,Blue,Large,Custom Fit,335.44,Low
188.17,155,Plastic,Red,XL,Universal Fit,293.19,Low
253.74,261,Aluminum,Red,XL,Universal Fit,393.15,Low
271.63,370,Rubber,Silver,Large,Universal Fit,386.49,Low
271.5,364,Aluminum,Blue,Small,Custom Fit,390.34,Low
198.11,123,Rubber,Blue,Medium,Universal Fit,318.96,Low
242.59,500,Carbon Fiber,Blue,Large,Universal Fit,408.22,Low
212.1,157,Plastic,Silver,Small,Universal Fit,322.4,Low
63.2,291,Plastic,Blue,Large,Custom Fit,208.02,Low
37.99,324,Aluminum,Black,XL,Universal Fit,130.24,Low
51.88,441,Carbon Fiber,Blue,Small,Universal Fit,186.47,Low
204.16,485,Aluminum,Red,Small,Universal Fit,379.75,Low
258.24,327,Steel,Silver,Small,Universal Fit,385.39,Low
320.51,11,Carbon Fiber,Gray,XL,Custom Fit,396.45,Low
299.85,229,Carbon Fiber,Black,Large,Custom Fit,461.77,Low
285.56,476,Steel,Black,Medium,Universal Fit,477.08,Low
314.14,164,Carbon Fiber,Silver,Large,Custom Fit,411.89,Low
28984.57,328,Rubber,Black,XL,Custom Fit,29077.8,Mid
28958.42,213,Plastic,Silver,Small,Universal Fit,29079.03,Mid
28986.62,44,Plastic,Silver,Small,Custom Fit,29105.43,Mid
28885.89,298,Plastic,Gray,Medium,Universal Fit,28975.83,Mid
28917.07,443,Plastic,Black,Medium,Universal Fit,28989.49,Mid
28907.16,270,Rubber,Black,Small,Universal Fit,29077.44,Mid
74929.38,105,Aluminum,Silver,Medium,Universal Fit,75104.81,Mid
74945.69,227,Aluminum,Silver,XL,Custom Fit,75079.84,Mid
74930.77,364,Aluminum,Blue,Large,Universal Fit,75085.93,Mid
74909.31,34,Carbon Fiber,Gray,Medium,Universal Fit,75061.1,Mid
74970.43,41,Rubber,Silver,Large,Universal Fit,75037.79,Mid
74938.63,236,Rubber,Blue,Large,Custom Fit,75040.98,Mid
388.33,248,Plastic,Blue,Medium,Custom Fit,481.59,Low
347.33,62,Carbon Fiber,Black,Small,Custom Fit,491.07,Low
340.14,50,Plastic,Red,Large,Universal Fit,440.43,Low
382.55,152,Aluminum,Black,Medium,Universal Fit,518.36,Low
360.95,149,Plastic,Blue,XL,Custom Fit,465.44,Low
370.32,17,Carbon Fiber,Black,XL,Universal Fit,473.11,Low
383.98,6,Carbon Fiber,Blue,Small,Custom Fit,452.18,Low
384.31,184,Aluminum,Red,Medium,Universal Fit,446.85,Low
358.0,208,Rubber,Blue,Medium,Custom Fit,500.88,Low
357.61,57,Aluminum,Gray,Large,Custom Fit,476.34,Low
387.87,414,Plastic,Red,Medium,Custom Fit,455.59,Low
9960.61,465,Carbon Fiber,Gray,XL,Universal Fit,10003.64,Low
9961.1,389,Aluminum,Silver,XL,Universal Fit,10008.03,Low
9997.94,22,Aluminum,Red,Large,Custom Fit,10064.77,Low
9944.64,123,Aluminum,Gray,XL,Universal Fit,10108.94,Low
9893.74,105,Carbon Fiber,Red,Large,Universal Fit,10053.84,Low
10011.44,249,Rubber,Red,XL,Custom Fit,10073.99,Low
32892.53,377,Rubber,Gray,Medium,Custom Fit,33051.9,Mid
32957.55,419,Carbon Fiber,Gray,Small,Universal Fit,33092.15,Mid
32916.2,207,Carbon Fiber,Gray,XL,Universal Fit,32988.4,Mid
32967.94,27,Aluminum,Blue,XL,Custom Fit,33086.62,Mid
32884.75,217,Steel,Silver,XL,Custom Fit,33012.91,Mid
92.85,79,Steel,Silver,XL,Universal Fit,193.35,Low
63.55,495,Plastic,Red,Large,Custom Fit,205.37,Low
93.71,179,Steel,Black,Medium,Universal Fit,180.35,Low
114.92,241,Plastic,Silver,Medium,Universal Fit,223.07,Low
29971.37,403,Plastic,Gray,Large,Universal Fit,30035.77,Mid
29993.81,290,Plastic,Gray,XL,Universal Fit,30040.34,Mid
30009.1,427,Steel,Black,Small,Universal Fit,30116.49,Mid
29870.63,451,Steel,Black,Medium,Custom Fit,29974.86,Mid
17870.29,162,Steel,Black,Small,Custom Fit,18056.67,Mid
18036.42,255,Aluminum,Black,Large,Universal Fit,18134.68,Mid
17991.32,386,Aluminum,Black,Medium,Custom Fit,18070.47,Mid
17868.17,401,Aluminum,Blue,Medium,Universal Fit,18002.07,Mid
17949.83,461,Plastic,Black,Large,Custom Fit,18044.31,Mid
17955.44,245,Rubber,Gray,Small,Universal Fit,18059.64,Mid
17947.29,16,Rubber,Red,Medium,Universal Fit,18016.23,Mid
25917.72,201,Carbon Fiber,Blue,Small,Custom Fit,26044.59,Mid
25976.63,128,Steel,Gray,Large,Universal Fit,26077.53,Mid
25946.99,453,Rubber,Gray,XL,Custom Fit,26058.61,Mid
25977.11,57,Rubber,Black,Large,Universal Fit,26109.09,Mid
25975.7,185,Carbon Fiber,Black,Large,Custom Fit,26072.13,Mid
26026.11,363,Carbon Fiber,Silver,Large,Custom Fit,26074.98,Mid
25908.41,415,Plastic,Red,XL,Custom Fit,25996.6,Mid
21007.46,227,Rubber,Red,XL,Custom Fit,21106.47,Mid
20923.76,309,Carbon Fiber,Gray,XL,Custom Fit,21057.34,Mid
20920.35,84,Aluminum,Gray,XL,Universal Fit,21048.39,Mid
20890.39,430,Rubber,Black,Large,Custom Fit,21059.77,Mid
20889.43,188,Carbon Fiber,Red,XL,Universal Fit,20985.9,Mid
20970.19,47,Carbon Fiber,Black,XL,Universal Fit,21069.96,Mid
20886.15,454,Steel,Gray,Medium,Universal Fit,21037.03,Mid
280.13,214,Aluminum,Blue,Small,Custom Fit,386.64,Low
190.0,61,Carbon Fiber,Black,Medium,Custom Fit,326.77,Low
118.57,68,Aluminum,Black,XL,Custom Fit,194.66,Low
112.38,226,Rubber,Silver,Large,Custom Fit,169.39,Low
52.44,273,Rubber,Silver,Small,Custom Fit,163.16,Low
74.86,331,Rubber,Silver,Small,Universal Fit,144.78,Low
54.01,388,Plastic,Gray,Medium,Custom Fit,156.09,Low
96.35,290,Aluminum,Gray,XL,Universal Fit,144.26,Low
58.92,164,Steel,Red,Small,Universal Fit,220.24,Low
60.67,203,Carbon Fiber,Silver,Small,Custom Fit,138.11,Low
87.4,396,Steel,Red,Large,Universal Fit,186.32,Low
310.32,267,Carbon Fiber,Gray,Large,Custom Fit,404.86,Low
239.49,466,Carbon Fiber,Silver,Small,Universal Fit,377.72,Low
292.29,215,Carbon Fiber,Blue,Small,Custom Fit,401.38,Low
286.97,54,Carbon Fiber,Gray,XL,Custom Fit,379.27,Low
247.45,483,Rubber,Gray,Large,Custom Fit,336.71,Low
72.96,449,Steel,Blue,Large,Custom Fit,119.24,Low
43.49,486,Carbon Fiber,Gray,Large,Universal Fit,150.43,Low
74.0,355,Steel,Black,Small,Universal Fit,176.76,Low
11.99,173,Plastic,Red,Large,Custom Fit,169.87,Low
81.0,261,Rubber,Blue,Large,Custom Fit,180.76,Low
33.82,436,Carbon Fiber,Silver,Medium,Custom Fit,143.33,Low
78.64,248,Plastic,Gray,Medium,Universal Fit,178.41,Low
100.06,180,Carbon Fiber,Black,Small,Universal Fit,165.72,Low
19.59,301,Steel,Silver,Large,Custom Fit,194.93,Low
111.42,190,Rubber,Blue,XL,Universal Fit,168.76,Low
35.73,488,Steel,Red,Medium,Universal Fit,153.56,Low
88.96,18,Aluminum,Gray,XL,Universal Fit,151.0,Low
41.09,94,Rubber,Blue,Small,Universal Fit,121.32,Low
51.3,235,Carbon Fiber,Blue,Large,Universal Fit,147.27,Low
0.07,244,Plastic,Silver,XL,Custom Fit,127.55,Low
71.87,53,Plastic,Red,XL,Universal Fit,160.0,Low
20.59,197,Steel,Blue,Small,Universal Fit,127.97,Low
91.68,46,Aluminum,Gray,Large,Universal Fit,233.34,Low
52.82,335,Steel,Blue,Small,Universal Fit,146.13,Low
50.46,231,Plastic,Silver,Small,Universal Fit,132.4,Low
33.01,104,Aluminum,Silver,Medium,Universal Fit,169.18,Low
48.56,2,Aluminum,Gray,Large,Custom Fit,141.9,Low
15.36,211,Aluminum,Silver,XL,Universal Fit,148.62,Low
34.48,446,Rubber,Silver,Large,Custom Fit,133.96,Low
93.79,222,Carbon Fiber,Red,Medium,Custom Fit,126.49,Low
80.0,66,Aluminum,Red,Small,Universal Fit,157.8,Low
25.6,433,Rubber,Gray,Small,Universal Fit,117.74,Low
63.33,55,Steel,Black,Medium,Universal Fit,158.18,Low
30.64,56,Rubber,Red,Large,Custom Fit,131.71,Low
7.5,407,Plastic,Blue,XL,Custom Fit,169.13,Low
3.14,48,Rubber,Gray,XL,Custom Fit,85.79,Low
5.24,492,Rubber,Red,XL,Universal Fit,79.38,Low
40.84,320,Rubber,Black,Large,Universal Fit,107.22,Low
3.37,70,Rubber,Blue,XL,Custom Fit,115.17,Low
69.63,331,Carbon Fiber,Gray,XL,Custom Fit,168.97,Low
61.0,236,Steel,Silver,Large,Custom Fit,186.31,Low
27.9,489,Rubber,Black,Medium,Universal Fit,132.71,Low
39.93,86,Rubber,Red,Large,Custom Fit,141.12,Low
8.16,178,Aluminum,Black,XL,Universal Fit,69.67,Low
0.31,120,Rubber,Blue,Small,Custom Fit,92.51,Low
20.87,315,Aluminum,Red,Large,Custom Fit,153.41,Low
82.68,389,Carbon Fiber,Blue,XL,Custom Fit,183.51,Low
57.41,13,Aluminum,Blue,Medium,Custom Fit,123.2,Low
26.22,429,Plastic,Blue,Large,Universal Fit,89.35,Low
116.34,192,Plastic,Gray,Large,Universal Fit,187.0,Low
43.33,97,Plastic,Blue,Large,Universal Fit,166.53,Low
86.08,324,Aluminum,Red,Medium,Custom Fit,183.07,Low
64.44,111,Rubber,Silver,Medium,Custom Fit,140.76,Low
53.95,406,Steel,Blue,Medium,Custom Fit,145.71,Low
48.18,305,Aluminum,Silver,Large,Universal Fit,152.81,Low
29.24,142,Carbon Fiber,Black,Small,Custom Fit,130.59,Low
91.92,5,Steel,Silver,Large,Custom Fit,144.18,Low
21.73,276,Aluminum,Red,Large,Universal Fit,132.6,Low
49.11,135,Plastic,Blue,Medium,Custom Fit,139.03,Low
69.43,190,Aluminum,Black,Large,Universal Fit,207.47,Low
83.79,364,Rubber,Black,Medium,Custom Fit,156.52,Low
21.48,463,Plastic,Red,XL,Custom Fit,147.72,Low
69.18,80,Rubber,Blue,Small,Universal Fit,205.96,Low
105.95,83,Steel,Blue,XL,Custom Fit,162.54,Low
8.98,17,Steel,Gray,Medium,Custom Fit,135.6,Low
80.03,449,Aluminum,Black,Large,Custom Fit,210.42,Low
72.2,3,Plastic,Silver,Large,Custom Fit,153.58,Low
68.74,278,Carbon Fiber,Red,Small,Universal Fit,141.36,Low
15.62,414,Aluminum,Red,Small,Universal Fit,153.81,Low
24005.31,238,Steel,Gray,Large,Universal Fit,24120.56,Mid
23916.31,316,Rubber,Gray,XL,Universal Fit,24083.21,Mid
23957.11,343,Rubber,Gray,XL,Custom Fit,24094.67,Mid
23903.6,325,Carbon Fiber,Blue,XL,Custom Fit,23969.72,Mid
26941.25,452,Carbon Fiber,Silver,XL,Custom Fit,27103.79,Mid
26914.53,169,Rubber,Silver,Large,Universal Fit,26994.63,Mid
26875.25,216,Rubber,Red,XL,Universal Fit,27047.06,Mid
26968.76,451,Carbon Fiber,Silver,Large,Universal Fit,27103.06,Mid
26963.64,311,Aluminum,Silver,Medium,Universal Fit,27113.29,Mid
27017.02,359,Plastic,Blue,Large,Custom Fit,27112.85,Mid
18970.44,291,Rubber,Gray,Medium,Universal Fit,19050.71,Mid
18970.08,340,Aluminum,Red,Large,Universal Fit,19033.97,Mid
19014.07,140,Steel,Gray,XL,Custom Fit,19124.24,Mid
18927.97,437,Rubber,Gray,Small,Custom Fit,19002.24,Mid
15930.61,29,Carbon Fiber,Silver,Medium,Custom Fit,16079.89,Low
15929.53,266,Steel,Silver,Large,Universal Fit,16057.11,Low
15959.54,132,Plastic,Silver,Small,Custom Fit,16097.68,Low
15955.86,123,Rubber,Gray,XL,Universal Fit,16078.16,Low
15921.71,433,Rubber,Blue,Medium,Universal Fit,16041.35,Low
329.67,111,Rubber,Black,XL,Universal Fit,427.95,Low
265.23,413,Aluminum,Silver,Medium,Custom Fit,369.12,Low
374.39,490,Aluminum,Silver,Large,Custom Fit,536.77,Low
413.93,373,Aluminum,Black,Small,Universal Fit,549.38,Low
547.99,287,Steel,Gray,XL,Universal Fit,599.61,Low
519.13,314,Aluminum,Black,Small,Universal Fit,622.52,Low
302.54,35,Aluminum,Blue,Medium,Universal Fit,456.35,Low
370.17,138,Plastic,Blue,Small,Universal Fit,451.04,Low
344.56,225,Carbon Fiber,Gray,Small,Custom Fit,408.68,Low
265.02,440,Steel,Blue,XL,Custom Fit,356.22,Low
262.27,279,Aluminum,Blue,Large,Universal Fit,331.63,Low
164.49,129,Aluminum,Blue,Medium,Custom Fit,336.21,Low
223.45,375,Rubber,Silver,Medium,Custom Fit,287.6,Low
332.79,193,Carbon Fiber,Black,Medium,Universal Fit,507.64,Low
371.05,423,Aluminum,Black,Large,Custom Fit,540.93,Low
498.14,10,Rubber,Blue,Small,Universal Fit,563.3,Low
410.43,259,Carbon Fiber,Silver,Medium,Universal Fit,480.59,Low
319.42,53,Plastic,Gray,Medium,Custom Fit,421.65,Low
409.45,122,Rubber,Blue,XL,Custom Fit,491.81,Low
337.22,103,Plastic,Gray,XL,Universal Fit,446.85,Low
349.08,281,Rubber,Gray,Large,Universal Fit,465.73,Low
377.35,438,Rubber,Blue,Large,Universal Fit,466.97,Low
356.86,354,Aluminum,Blue,Large,Universal Fit,422.22,Low
183.22,69,Plastic,Black,Small,Universal Fit,256.79,Low
73.95,224,Steel,Silver,Medium,Universal Fit,219.32,Low
406.14,370,Carbon Fiber,Silver,Medium,Custom Fit,462.27,Low
416.94,208,Plastic,Silver,Small,Custom Fit,459.15,Low
390.72,331,Steel,Red,Small,Universal Fit,477.96,Low
315.26,409,Steel,Blue,Small,Universal Fit,408.32,Low
335.03,177,Rubber,Red,Medium,Custom Fit,408.36,Low
338.44,57,Plastic,Gray,Medium,Custom Fit,434.23,Low
313.11,270,Rubber,Blue,XL,Universal Fit,453.65,Low
306.86,31,Aluminum,Silver,XL,Universal Fit,429.45,Low
204.5,188,Aluminum,Gray,XL,Universal Fit,307.93,Low
220.56,438,Steel,Silver,Medium,Custom Fit,333.21,Low
230.99,218,Carbon Fiber,Gray,XL,Custom Fit,383.34,Low
292.98,462,Aluminum,Silver,Large,Custom Fit,382.92,Low
384.59,460,Plastic,Gray,Large,Universal Fit,520.08,Low
348.09,135,Steel,Gray,Large,Custom Fit,403.07,Low
323.8,443,Aluminum,Black,Small,Universal Fit,418.44,Low
351.51,237,Steel,Blue,XL,Custom Fit,448.78,Low
368.53,218,Steel,Red,Small,Universal Fit,487.87,Low
312.7,1,Steel,Black,XL,Universal Fit,439.02,Low
364.35,496,Rubber,Black,Large,Custom Fit,423.61,Low
21.19,434,Plastic,Silver,Medium,Universal Fit,151.24,Low
58.69,483,Steel,Black,XL,Universal Fit,124.55,Low
127.03,144,Carbon Fiber,Gray,Medium,Universal Fit,178.49,Low
125.04,345,Steel,Blue,XL,Custom Fit,235.26,Low
113.82,5,Aluminum,Red,XL,Custom Fit,200.75,Low
85.71,153,Steel,Silver,Medium,Custom Fit,154.68,Low
80.56,149,Rubber,Blue,Large,Universal Fit,188.58,Low
69.43,225,Rubber,Gray,XL,Custom Fit,191.11,Low
76.05,353,Aluminum,Red,Large,Universal Fit,180.36,Low
0.45,48,Carbon Fiber,Gray,Medium,Custom Fit,107.3,Low
92.64,6,Plastic,Silver,Large,Universal Fit,186.38,Low
9.59,390,Steel,Red,XL,Custom Fit,173.33,Low
104.91,231,Steel,Gray,Small,Custom Fit,214.11,Low
85.43,63,Plastic,Gray,Medium,Universal Fit,172.27,Low
55.8,387,Aluminum,Red,XL,Universal Fit,221.87,Low
76.54,28,Aluminum,Black,Medium,Universal Fit,175.94,Low
8.92,304,Rubber,Silver,Small,Universal Fit,117.02,Low
76.61,387,Aluminum,Gray,XL,Universal Fit,234.46,Low
58.99,76,Steel,Silver,XL,Universal Fit,212.14,Low
92.1,313,Carbon Fiber,Black,Medium,Custom Fit,179.24,Low
54.4,285,Rubber,Black,Medium,Custom Fit,187.57,Low
77.52,248,Carbon Fiber,Gray,XL,Universal Fit,140.61,Low
72.07,155,Plastic,Red,Large,Custom Fit,175.84,Low
26.5,300,Rubber,Silver,Large,Universal Fit,144.23,Low
46.55,80,Carbon Fiber,Silver,Small,Universal Fit,123.23,Low
97.34,69,Aluminum,Silver,Large,Universal Fit,211.48,Low
24.57,426,Rubber,Gray,Large,Custom Fit,170.71,Low
42897.63,363,Carbon Fiber,Gray,Small,Custom Fit,43079.92,Mid
42929.94,41,Plastic,Blue,Small,Universal Fit,43059.75,Mid
42883.98,425,Rubber,Black,XL,Custom Fit,43031.68,Mid
42882.69,148,Steel,Blue,Small,Custom Fit,43030.67,Mid
42990.71,100,Steel,Silver,Medium,Custom Fit,43102.04,Mid
20951.63,363,Steel,Silver,Small,Universal Fit,21059.92,Mid
20935.82,53,Aluminum,Red,XL,Universal Fit,21049.9,Mid
20997.62,492,Rubber,Gray,Small,Custom Fit,21075.47,Mid
21012.75,241,Aluminum,Blue,XL,Custom Fit,21053.87,Mid
20934.0,55,Aluminum,Gray,Small,Universal Fit,21107.47,Mid
20968.85,394,Carbon Fiber,Silver,Large,Universal Fit,21055.34,Mid
31920.65,80,Plastic,Red,Large,Universal Fit,32115.03,Mid
31901.03,67,Rubber,Silver,Medium,Universal Fit,32061.24,Mid
31926.21,382,Steel,Blue,Medium,Universal Fit,32001.81,Mid
31928.55,402,Carbon Fiber,Silver,Large,Universal Fit,32067.93,Mid
37000.77,248,Carbon Fiber,Black,Medium,Custom Fit,37083.97,Mid
36876.19,241,Aluminum,Red,Large,Custom Fit,37012.18,Mid
36976.29,129,Aluminum,Silver,Large,Universal Fit,37035.87,Mid
36997.97,407,Rubber,Red,XL,Universal Fit,37093.5,Mid
37003.02,419,Aluminum,Blue,Medium,Universal Fit,37130.1,Mid
36867.79,230,Rubber,Red,XL,Custom Fit,36995.26,Mid
34985.46,404,Rubber,Blue,Small,Universal Fit,35093.8,Mid
34959.71,443,Carbon Fiber,Black,Large,Custom Fit,35052.26,Mid
34912.56,168,Plastic,Blue,Small,Custom Fit,35055.35,Mid
34973.99,202,Plastic,Black,Medium,Universal Fit,35116.7,Mid
34915.27,73,Carbon Fiber,Blue,Medium,Custom Fit,35052.11,Mid
34901.12,413,Rubber,Black,Small,Universal Fit,35008.73,Mid
34990.48,255,Aluminum,Black,Medium,Custom Fit,35096.01,Mid
18952.48,354,Carbon Fiber,Black,Large,Custom Fit,19054.42,Mid
18905.41,298,Rubber,Gray,Large,Universal Fit,19085.33,Mid
18915.59,132,Steel,Gray,Small,Universal Fit,19059.64,Mid
18916.86,38,Aluminum,Red,Large,Custom Fit,19081.43,Mid
18985.49,306,Plastic,Red,Large,Custom Fit,19036.52,Mid
19027.19,463,Plastic,Gray,Small,Custom Fit,19080.11,Mid
29959.52,62,Carbon Fiber,Silver,Small,Universal Fit,30012.01,Mid
29971.46,454,Rubber,Silver,Small,Custom Fit,30111.93,Mid
29873.26,75,Carbon Fiber,Black,Medium,Universal Fit,30003.28,Mid
29996.88,302,Carbon Fiber,Gray,Medium,Universal Fit,30074.23,Mid
29900.87,275,Aluminum,Gray,Small,Universal Fit,30015.45,Mid
29935.58,154,Plastic,Blue,Large,Custom Fit,29975.69,Mid
29933.98,94,Carbon Fiber,Black,Medium,Custom Fit,30024.51,Mid
28891.43,364,Carbon Fiber,Blue,Small,Custom Fit,28997.05,Mid
28936.29,214,Carbon Fiber,Gray,XL,Custom Fit,29021.6,Mid
28931.02,61,Carbon Fiber,Silver,Large,Universal Fit,29121.25,Mid
28983.02,239,Rubber,Red,XL,Custom Fit,29090.81,Mid
28967.79,10,Steel,Silver,XL,Universal Fit,29067.35,Mid
28871.68,230,Rubber,Red,XL,Custom Fit,29052.57,Mid
28976.55,254,Rubber,Silver,Small,Custom Fit,29050.54,Mid
110.76,440,Aluminum,Gray,Large,Universal Fit,227.47,Low
109.58,498,Rubber,Black,XL,Universal Fit,228.49,Low
103.95,295,Plastic,Silver,Large,Custom Fit,270.96,Low
135.23,297,Rubber,Gray,Small,Universal Fit,202.48,Low
114.01,352,Steel,Blue,XL,Universal Fit,217.53,Low
44.04,455,Carbon Fiber,Gray,Small,Universal Fit,155.48,Low
132.59,169,Aluminum,Black,Small,Universal Fit,209.66,Low
100.21,299,Rubber,Silver,XL,Universal Fit,230.11,Low
68.36,295,Steel,Blue,Large,Custom Fit,191.82,Low
115.58,470,Aluminum,Black,XL,Custom Fit,243.01,Low
13.98,365,Aluminum,Black,Medium,Universal Fit,79.28,Low
96.37,133,Aluminum,Silver,XL,Universal Fit,244.95,Low
120.15,472,Steel,Gray,Medium,Universal Fit,256.64,Low
65.24,495,Plastic,Gray,Small,Custom Fit,222.55,Low
110.51,141,Steel,Gray,Large,Universal Fit,188.87,Low
32946.43,400,Steel,Black,XL,Custom Fit,32999.47,Mid
32905.21,122,Plastic,Gray,XL,Custom Fit,33082.12,Mid
32908.0,466,Rubber,Black,Small,Universal Fit,33008.1,Mid
32856.58,487,Rubber,Blue,XL,Universal Fit,33022.33,Mid
32983.95,43,Carbon Fiber,Silver,XL,Universal Fit,33039.51,Mid
61.71,364,Rubber,Blue,Large,Universal Fit,142.01,Low
86.5,409,Rubber,Blue,XL,Universal Fit,168.14,Low
54.07,121,Steel,Silver,Medium,Custom Fit,155.67,Low
554.6,407,Carbon Fiber,Red,XL,Universal Fit,629.54,Low
574.14,113,Steel,Silver,XL,Custom Fit,639.46,Low
572.64,163,Steel,Red,Large,Custom Fit,664.81,Low
491.23,91,Plastic,Blue,XL,Universal Fit,622.07,Low
558.48,332,Carbon Fiber,Blue,XL,Custom Fit,674.4,Low
591.71,466,Carbon Fiber,Red,Small,Universal Fit,654.15,Low
531.77,48,Steel,Blue,Large,Universal Fit,707.98,Low
578.57,11,Steel,Blue,Medium,Custom Fit,692.55,Low
549.17,363,Steel,Red,XL,Universal Fit,695.17,Low
600.56,44,Aluminum,Black,Large,Custom Fit,661.87,Low
576.74,352,Aluminum,Red,XL,Custom Fit,685.47,Low
611.27,76,Steel,Blue,XL,Custom Fit,696.05,Low
544.92,277,Steel,Black,Small,Custom Fit,720.92,Low
518.99,116,Plastic,Black,Medium,Custom Fit,669.01,Low
593.15,183,Steel,Red,XL,Universal Fit,725.57,Low
539.65,334,Carbon Fiber,Black,Small,Custom Fit,669.8,Low
612.83,139,Carbon Fiber,Black,XL,Universal Fit,703.68,Low
523.11,15,Carbon Fiber,Red,Medium,Universal Fit,641.49,Low
530.4,37,Plastic,Red,Small,Universal Fit,635.07,Low
555.09,38,Steel,Gray,Medium,Universal Fit,635.5,Low
488.02,76,Carbon Fiber,Gray,Large,Universal Fit,612.92,Low
490.58,383,Plastic,Blue,Medium,Custom Fit,576.19,Low
549.91,198,Rubber,Red,XL,Custom Fit,631.42,Low
624.65,232,Aluminum,Red,Large,Custom Fit,698.45,Low
539.96,60,Carbon Fiber,Black,Medium,Custom Fit,580.61,Low
482.14,314,Plastic,Red,Medium,Universal Fit,596.42,Low
619.16,27,Rubber,Silver,Large,Custom Fit,812.0,Low
671.08,339,Plastic,Silver,Medium,Universal Fit,735.31,Low
616.45,219,Aluminum,Silver,Medium,Custom Fit,734.62,Low
688.15,349,Carbon Fiber,Blue,XL,Universal Fit,810.28,Low
603.79,191,Rubber,Black,Small,Custom Fit,699.72,Low
590.82,42,Carbon Fiber,Red,Small,Universal Fit,715.8,Low
516.89,380,Rubber,Gray,Small,Universal Fit,619.45,Low
533.82,479,Rubber,Blue,Medium,Universal Fit,679.5,Low
599.89,487,Plastic,Blue,Large,Universal Fit,664.01,Low
530.08,222,Rubber,Red,Large,Custom Fit,654.95,Low
634.51,51,Steel,Blue,Large,Universal Fit,705.25,Low
567.54,397,Steel,Red,Medium,Universal Fit,672.97,Low
519.65,12,Steel,Silver,XL,Universal Fit,682.73,Low
522.03,171,Steel,Blue,XL,Custom Fit,613.74,Low
544.9,7,Carbon Fiber,Gray,XL,Universal Fit,718.37,Low
531.26,123,Aluminum,Silver,Small,Custom Fit,628.69,Low
526.29,5,Plastic,Gray,Medium,Universal Fit,690.12,Low
507.09,352,Plastic,Silver,Large,Universal Fit,634.99,Low
545.89,283,Rubber,Gray,XL,Custom Fit,623.24,Low
536.91,325,Carbon Fiber,Red,Small,Universal Fit,672.16,Low
523.65,81,Plastic,Red,Medium,Custom Fit,693.32,Low
554.12,280,Rubber,Red,XL,Universal Fit,720.92,Low
541.85,200,Carbon Fiber,Red,Small,Custom Fit,674.26,Low
588.75,347,Aluminum,Blue,Large,Universal Fit,684.18,Low
457.9,344,Steel,Red,XL,Universal Fit,589.84,Low
534.49,411,Rubber,Black,Medium,Custom Fit,690.41,Low
520.85,204,Rubber,Black,Large,Universal Fit,611.02,Low
599.97,230,Rubber,Gray,Small,Custom Fit,687.81,Low
569.07,489,Carbon Fiber,Gray,Large,Custom Fit,669.27,Low
510.14,323,Rubber,Red,Medium,Custom Fit,642.34,Low
475.64,58,Carbon Fiber,Red,XL,Custom Fit,600.64,Low
464.41,196,Steel,Black,Small,Universal Fit,607.22,Low
565.51,107,Rubber,Silver,Medium,Universal Fit,643.68,Low
518.61,311,Rubber,Red,Large,Universal Fit,618.94,Low
520.73,328,Plastic,Red,Small,Custom Fit,708.24,Low
470.41,474,Plastic,Red,Large,Custom Fit,631.63,Low
482.11,167,Carbon Fiber,Black,Medium,Universal Fit,620.86,Low
512.56,267,Steel,Gray,XL,Universal Fit,652.29,Low
540.74,137,Carbon Fiber,Red,Medium,Custom Fit,680.63,Low
534.47,171,Aluminum,Silver,Large,Universal Fit,630.0,Low
480.27,106,Steel,Black,XL,Universal Fit,638.53,Low
545.21,459,Steel,Black,Small,Universal Fit,616.67,Low
502.27,304,Plastic,Silver,Medium,Custom Fit,582.18,Low
632.08,123,Carbon Fiber,Black,Medium,Custom Fit,684.71,Low
563.96,240,Rubber,Blue,XL,Universal Fit,655.35,Low
606.96,253,Steel,Gray,Medium,Custom Fit,675.14,Low
592.94,8,Aluminum,Red,Small,Custom Fit,666.4,Low
567.41,321,Aluminum,Gray,Small,Universal Fit,681.42,Low
522.4,205,Aluminum,Gray,XL,Custom Fit,662.65,Low
614.48,373,Rubber,Black,XL,Universal Fit,673.72,Low
513.71,306,Aluminum,Black,Medium,Universal Fit,688.07,Low
1274.3,3,Plastic,Black,XL,Universal Fit,1407.93,Low
1298.19,255,Carbon Fiber,Black,Large,Custom Fit,1431.36,Low
1229.75,161,Steel,Silver,Small,Universal Fit,1291.61,Low
1225.74,17,Rubber,Red,XL,Universal Fit,1348.25,Low
1255.35,151,Steel,Blue,XL,Universal Fit,1320.99,Low
1473.97,178,Rubber,Silver,XL,Custom Fit,1599.84,Low
1480.64,236,Plastic,Silver,Medium,Custom Fit,1535.96,Low
1494.98,306,Rubber,Red,XL,Custom Fit,1609.7,Low
1487.86,37,Aluminum,Red,Large,Custom Fit,1580.74,Low
1415.01,214,Carbon Fiber,Blue,Large,Universal Fit,1582.95,Low
117.46,366,Rubber,Gray,XL,Universal Fit,258.28,Low
42.7,264,Plastic,Blue,Small,Universal Fit,179.35,Low
63.71,453,Aluminum,Black,XL,Custom Fit,134.28,Low
125.7,400,Aluminum,Black,Medium,Custom Fit,210.3,Low
317.76,333,Steel,Silver,XL,Custom Fit,368.1,Low
358.43,72,Aluminum,Silver,Small,Custom Fit,491.3,Low
293.31,236,Aluminum,Blue,Small,Custom Fit,413.02,Low
367.28,406,Plastic,Silver,XL,Universal Fit,508.28,Low
332.71,275,Carbon Fiber,Black,Medium,Custom Fit,502.93,Low
175.09,25,Aluminum,Blue,Small,Universal Fit,210.45,Low
125.79,377,Steel,Silver,Large,Universal Fit,225.01,Low
94.3,351,Plastic,Silver,XL,Custom Fit,189.97,Low
109.34,185,Rubber,Black,Medium,Universal Fit,292.03,Low
72.85,251,Plastic,Black,Medium,Universal Fit,222.95,Low
45.55,170,Steel,Blue,Small,Custom Fit,179.98,Low
26.52,78,Steel,Gray,XL,Universal Fit,189.53,Low
82.49,267,Steel,Red,Small,Custom Fit,185.62,Low
19.76,156,Carbon Fiber,Black,Large,Custom Fit,144.04,Low
59.17,306,Steel,Blue,Medium,Custom Fit,139.53,Low
29.46,169,Rubber,Gray,XL,Universal Fit,177.83,Low
59.77,403,Steel,Black,Small,Custom Fit,185.47,Low
95.0,3,Plastic,Gray,Small,Custom Fit,246.54,Low
93.17,357,Steel,Blue,Large,Universal Fit,194.7,Low
137.6,130,Steel,Black,XL,Custom Fit,273.87,Low
94.5,343,Rubber,Black,Medium,Universal Fit,195.89,Low
15.81,457,Plastic,Blue,Small,Universal Fit,150.03,Low
16.09,367,Aluminum,Red,XL,Universal Fit,143.82,Low
63.65,399,Steel,Red,Small,Universal Fit,91.14,Low
68.27,320,Carbon Fiber,Silver,Large,Custom Fit,136.53,Low
47.46,343,Plastic,Silver,XL,Custom Fit,134.0,Low
39.96,346,Aluminum,Gray,Medium,Universal Fit,176.73,Low
97.61,347,Rubber,Gray,XL,Custom Fit,174.42,Low
111.08,129,Steel,Red,Large,Universal Fit,169.05,Low
116.84,364,Aluminum,Red,XL,Universal Fit,245.03,Low
50.86,346,Plastic,Black,XL,Custom Fit,156.24,Low
115.06,231,Aluminum,Black,Large,Universal Fit,233.1,Low
140.98,256,Carbon Fiber,Silver,Large,Universal Fit,279.36,Low
33.52,404,Aluminum,Gray,Large,Custom Fit,184.96,Low
172.33,283,Plastic,Black,XL,Universal Fit,314.87,Low
222.1,96,Carbon Fiber,Black,XL,Custom Fit,258.57,Low
112.66,2,Steel,Gray,Small,Universal Fit,248.16,Low
191.32,26,Plastic,Gray,Large,Universal Fit,282.76,Low
106.43,357,Plastic,Gray,Small,Custom Fit,216.89,Low
182.98,488,Steel,Silver,Large,Universal Fit,319.36,Low
99.15,130,Carbon Fiber,Red,Small,Custom Fit,231.83,Low
126.6,218,Carbon Fiber,Gray,Small,Custom Fit,249.12,Low
240.09,288,Carbon Fiber,Blue,Medium,Universal Fit,341.45,Low
122.53,227,Plastic,Red,Medium,Custom Fit,203.53,Low
153.23,331,Carbon Fiber,Silver,Small,Custom Fit,260.73,Low
187.72,216,Carbon Fiber,Blue,Medium,Custom Fit,287.6,Low
116.73,293,Carbon Fiber,Silver,Medium,Custom Fit,208.54,Low
39.49,356,Plastic,Silver,Small,Custom Fit,119.48,Low
10.77,117,Plastic,Gray,XL,Universal Fit,109.26,Low
60.84,271,Aluminum,Gray,Medium,Custom Fit,162.82,Low
495.6,181,Plastic,Silver,Medium,Custom Fit,616.52,Low
507.93,344,Carbon Fiber,Gray,Small,Universal Fit,563.54,Low
564.1,59,Aluminum,Blue,Large,Universal Fit,653.26,Low
513.01,256,Carbon Fiber,Black,Large,Universal Fit,651.17,Low
496.72,200,Aluminum,Blue,XL,Custom Fit,570.74,Low
421.58,48,Steel,Red,Medium,Custom Fit,548.66,Low
472.35,107,Steel,Black,Small,Universal Fit,575.62,Low
396.27,396,Steel,Black,Small,Custom Fit,495.13,Low
484.63,258,Steel,Blue,Medium,Custom Fit,585.54,Low
493.46,122,Plastic,Red,XL,Custom Fit,624.68,Low
378.65,19,Aluminum,Gray,Large,Custom Fit,566.47,Low
444.01,239,Plastic,Silver,XL,Universal Fit,532.52,Low
444.33,21,Aluminum,Silver,Medium,Custom Fit,490.04,Low
474.4,101,Aluminum,Black,Large,Custom Fit,562.42,Low
391.71,36,Carbon Fiber,Red,XL,Custom Fit,491.8,Low
499.97,144,Carbon Fiber,Gray,Medium,Universal Fit,571.86,Low
328.79,119,Aluminum,Gray,Medium,Universal Fit,440.74,Low
418.4,388,Plastic,Gray,Large,Universal Fit,558.06,Low
405.0,432,Plastic,Red,Medium,Universal Fit,514.68,Low
390.72,368,Aluminum,Red,XL,Custom Fit,480.06,Low
475.33,53,Plastic,Silver,XL,Custom Fit,534.01,Low
405.38,401,Rubber,Red,Small,Custom Fit,488.54,Low
160.13,300,Rubber,Silver,Medium,Universal Fit,298.16,Low
111.83,174,Rubber,Blue,Large,Universal Fit,255.8,Low
134.31,247,Carbon Fiber,Blue,XL,Universal Fit,264.18,Low
129.15,228,Plastic,Red,Small,Custom Fit,298.65,Low
172.89,259,Aluminum,Blue,Large,Custom Fit,256.36,Low
138.51,130,Aluminum,Red,XL,Custom Fit,203.99,Low
230.58,330,Aluminum,Black,XL,Custom Fit,293.35,Low
164.14,374,Aluminum,Black,Small,Universal Fit,314.65,Low
157.2,188,Plastic,Gray,XL,Universal Fit,316.49,Low
119.4,8,Plastic,Black,Small,Universal Fit,281.81,Low
141.44,58,Aluminum,Gray,XL,Custom Fit,283.78,Low
122.44,388,Carbon Fiber,Red,Small,Custom Fit,223.81,Low
136.34,192,Steel,Blue,Medium,Universal Fit,228.29,Low
114.34,119,Carbon Fiber,Black,Small,Custom Fit,249.73,Low
405.76,429,Carbon Fiber,Red,Large,Custom Fit,561.06,Low
398.12,76,Rubber,Silver,Medium,Custom Fit,562.44,Low
376.69,189,Carbon Fiber,Gray,Large,Universal Fit,536.94,Low
495.91,488,Plastic,Red,XL,Custom Fit,555.27,Low
407.33,417,Aluminum,Gray,Large,Custom Fit,473.73,Low
406.67,45,Aluminum,Gray,Large,Custom Fit,570.54,Low
135.03,125,Steel,Black,Medium,Universal Fit,226.6,Low
220.4,274,Rubber,Black,Large,Universal Fit,287.22,Low
121.49,214,Rubber,Silver,XL,Universal Fit,249.73,Low
188.74,480,Rubber,Silver,Small,Universal Fit,254.75,Low
424.7,334,Carbon Fiber,Gray,Small,Custom Fit,491.69,Low
436.26,409,Carbon Fiber,Black,Small,Custom Fit,552.45,Low
384.06,20,Aluminum,Gray,Large,Custom Fit,499.11,Low
413.21,134,Plastic,Silver,XL,Custom Fit,496.09,Low
155.32,454,Carbon Fiber,Gray,XL,Universal Fit,273.1,Low
104.27,145,Rubber,Silver,Large,Universal Fit,253.59,Low
141.62,465,Aluminum,Gray,Medium,Universal Fit,198.26,Low
131.46,279,Rubber,Red,Medium,Universal Fit,262.67,Low
103.77,431,Plastic,Gray,XL,Universal Fit,252.22,Low
116.01,135,Carbon Fiber,Gray,XL,Universal Fit,147.02,Low
186.48,297,Steel,Black,XL,Custom Fit,296.81,Low
428.45,370,Rubber,Red,Large,Universal Fit,551.52,Low
470.77,200,Steel,Gray,Medium,Custom Fit,562.12,Low
435.6,188,Carbon Fiber,Blue,Small,Custom Fit,561.52,Low
451.72,10,Plastic,Silver,Small,Custom Fit,604.17,Low
456.43,309,Plastic,Black,Small,Custom Fit,505.04,Low
520.03,72,Carbon Fiber,Blue,Medium,Custom Fit,601.53,Low
427.6,276,Aluminum,Gray,XL,Custom Fit,502.84,Low
121.32,363,Carbon Fiber,Silver,Small,Universal Fit,205.63,Low
72.68,160,Steel,Red,Medium,Universal Fit,241.02,Low
67.68,268,Plastic,Gray,XL,Universal Fit,145.54,Low
28.86,305,Plastic,Black,XL,Universal Fit,195.6,Low
449.95,138,Aluminum,Blue,Small,Custom Fit,575.91,Low
482.44,3,Rubber,Gray,Small,Universal Fit,567.74,Low
454.61,491,Carbon Fiber,Red,Medium,Universal Fit,571.95,Low
411.57,462,Rubber,Silver,Small,Universal Fit,499.21,Low
498.99,409,Plastic,Blue,Medium,Custom Fit,591.09,Low
414.82,202,Steel,Red,Large,Universal Fit,583.55,Low
429.12,396,Steel,Red,XL,Custom Fit,557.19,Low
433.85,135,Carbon Fiber,Black,Small,Custom Fit,585.02,Low
105.62,290,Rubber,Red,Large,Custom Fit,196.24,Low
37.62,381,Steel,Blue,Small,Custom Fit,147.16,Low
119.09,39,Carbon Fiber,Black,Large,Custom Fit,224.78,Low
106.09,287,Rubber,Red,Large,Universal Fit,184.54,Low
622.15,59,Steel,Red,Medium,Universal Fit,714.17,Low
585.38,500,Plastic,Black,Small,Universal Fit,621.47,Low
542.28,362,Plastic,Red,Large,Custom Fit,621.93,Low
493.14,110,Carbon Fiber,Gray,XL,Custom Fit,675.11,Low
576.62,441,Steel,Blue,XL,Universal Fit,682.55,Low
220.76,200,Rubber,Silver,Small,Custom Fit,321.4,Low
240.17,402,Carbon Fiber,Silver,XL,Universal Fit,410.54,Low
224.91,175,Carbon Fiber,Silver,Small,Universal Fit,318.77,Low
279.44,246,Rubber,Black,Small,Custom Fit,422.7,Low
214.96,207,Plastic,Blue,Medium,Custom Fit,336.11,Low
221.92,195,Aluminum,Black,XL,Custom Fit,347.71,Low
429.0,309,Aluminum,Silver,Medium,Custom Fit,569.66,Low
450.56,451,Carbon Fiber,Black,Large,Universal Fit,525.69,Low
491.76,437,Plastic,Blue,Medium,Universal Fit,541.5,Low
437.35,9,Rubber,Gray,Large,Custom Fit,515.28,Low
45.87,25,Carbon Fiber,Blue,Large,Universal Fit,210.77,Low
1.95,187,Steel,Blue,Large,Universal Fit,108.21,Low
371.45,125,Rubber,Blue,XL,Custom Fit,494.62,Low
440.87,383,Steel,Silver,Medium,Universal Fit,527.6,Low
458.29,392,Plastic,Black,Small,Universal Fit,629.37,Low
373.71,386,Carbon Fiber,Silver,XL,Custom Fit,520.96,Low
456.07,347,Plastic,Blue,Large,Universal Fit,519.98,Low
452.22,140,Carbon Fiber,Gray,XL,Universal Fit,571.6,Low
9.64,144,Steel,Gray,Small,Custom Fit,87.77,Low
1.77,376,Carbon Fiber,Gray,Medium,Universal Fit,121.87,Low
209.3,231,Steel,Blue,XL,Universal Fit,393.98,Low
322.02,316,Aluminum,Gray,Medium,Custom Fit,476.19,Low
365.38,228,Aluminum,Gray,Large,Custom Fit,462.28,Low
241.37,482,Carbon Fiber,Black,Large,Custom Fit,402.21,Low
308.41,482,Aluminum,Blue,Small,Custom Fit,483.69,Low
324.28,296,Aluminum,Gray,Large,Universal Fit,394.82,Low
293.55,172,Plastic,Blue,XL,Universal Fit,328.58,Low
363.51,349,Steel,Blue,Large,Universal Fit,435.9,Low
313.67,83,Steel,Red,Small,Universal Fit,465.71,Low
241.75,385,Carbon Fiber,Blue,XL,Universal Fit,367.81,Low
304.76,357,Carbon Fiber,Black,Medium,Universal Fit,432.76,Low
300.93,307,Aluminum,Black,Large,Custom Fit,484.0,Low
273.9,327,Rubber,Blue,Large,Universal Fit,417.91,Low
276.0,17,Steel,Blue,Medium,Custom Fit,401.23,Low
320.84,499,Plastic,Gray,XL,Custom Fit,435.66,Low
16.28,1,Steel,Blue,Medium,Universal Fit,110.33,Low
8.17,261,Aluminum,Silver,Small,Custom Fit,111.2,Low
103.0,303,Aluminum,Blue,Medium,Universal Fit,191.51,Low
25.91,80,Carbon Fiber,Red,Large,Custom Fit,79.52,Low
32.67,185,Rubber,Red,XL,Universal Fit,179.68,Low
30.83,480,Steel,Gray,XL,Universal Fit,113.73,Low
1035.54,382,Plastic,Gray,Small,Universal Fit,1099.49,Low
1017.46,20,Carbon Fiber,Red,Small,Custom Fit,1136.08,Low
1007.12,90,Rubber,Black,XL,Universal Fit,1091.86,Low
1004.45,168,Steel,Blue,Small,Universal Fit,1056.5,Low
899.91,377,Aluminum,Black,Small,Custom Fit,1065.75,Low
922.33,500,Rubber,Red,Small,Universal Fit,1032.87,Low
127.98,217,Carbon Fiber,Blue,Large,Custom Fit,201.55,Low
65.73,263,Steel,Black,Large,Universal Fit,219.38,Low
92.66,461,Plastic,Gray,Large,Custom Fit,133.59,Low
100.53,361,Aluminum,Red,Medium,Custom Fit,190.16,Low
73.39,428,Rubber,Blue,Large,Custom Fit,196.88,Low
7.48,197,Aluminum,Black,Medium,Universal Fit,117.87,Low
447.42,466,Plastic,Black,Medium,Custom Fit,557.41,Low
412.35,376,Aluminum,Black,Large,Custom Fit,506.71,Low
332.57,375,Steel,Silver,Small,Universal Fit,463.95,Low
317.3,347,Carbon Fiber,Silver,XL,Custom Fit,440.82,Low
357.55,151,Steel,Silver,XL,Universal Fit,513.32,Low
421.77,89,Steel,Gray,Medium,Universal Fit,518.09,Low
329.57,336,Rubber,Silver,Small,Universal Fit,438.62,Low
367.76,225,Aluminum,Red,Medium,Universal Fit,452.38,Low
49.87,145,Aluminum,Blue,XL,Custom Fit,157.94,Low
41.1,325,Steel,Black,XL,Universal Fit,140.44,Low
328.54,285,Rubber,Silver,XL,Custom Fit,445.13,Low
359.12,103,Carbon Fiber,Black,Medium,Custom Fit,452.44,Low
373.11,467,Aluminum,Black,Small,Universal Fit,518.53,Low
117.81,402,Steel,Black,Large,Universal Fit,259.54,Low
156.18,288,Steel,Silver,Large,Universal Fit,227.21,Low
196.24,122,Carbon Fiber,Black,Large,Universal Fit,299.29,Low
170.5,57,Carbon Fiber,Silver,XL,Custom Fit,252.6,Low
108.9,323,Steel,Silver,Large,Custom Fit,186.85,Low
1524.86,4,Aluminum,Red,XL,Universal Fit,1562.25,Low
1539.28,372,Carbon Fiber,Black,Small,Custom Fit,1683.0,Low
1546.46,194,Rubber,Black,XL,Universal Fit,1699.52,Low
1526.85,39,Plastic,Blue,Medium,Custom Fit,1653.78,Low
1553.58,460,Steel,Blue,Medium,Universal Fit,1661.34,Low
404.74,241,Carbon Fiber,Silver,Small,Custom Fit,457.31,Low
290.28,49,Steel,Red,Medium,Custom Fit,445.1,Low
273.45,94,Steel,Gray,XL,Universal Fit,441.01,Low
313.58,480,Plastic,Red,Small,Universal Fit,449.7,Low
374.12,193,Rubber,Silver,Small,Universal Fit,464.21,Low
256.71,14,Rubber,Gray,Medium,Custom Fit,378.8,Low
195.73,92,Carbon Fiber,Blue,Small,Custom Fit,298.2,Low
218.5,150,Aluminum,Red,Medium,Universal Fit,348.75,Low
218.58,496,Plastic,Red,XL,Universal Fit,357.87,Low
293.98,170,Plastic,Silver,Small,Universal Fit,355.54,Low
284.02,367,Plastic,Silver,Medium,Universal Fit,385.47,Low
1373.5,84,Carbon Fiber,Silver,XL,Universal Fit,1464.32,Low
1395.99,337,Carbon Fiber,Silver,Small,Custom Fit,1519.07,Low
1404.58,101,Plastic,Blue,Small,Custom Fit,1566.13,Low
1395.63,24,Rubber,Black,XL,Custom Fit,1513.23,Low
146.5,278,Plastic,Red,XL,Custom Fit,268.3,Low
194.52,210,Steel,Red,XL,Custom Fit,315.4,Low
140.86,388,Plastic,Gray,Medium,Custom Fit,240.08,Low
170.96,326,Plastic,Blue,XL,Custom Fit,268.91,Low
1227.98,259,Rubber,Black,Large,Custom Fit,1353.8,Low
1248.67,296,Carbon Fiber,Blue,Large,Universal Fit,1376.13,Low
1241.43,154,Carbon Fiber,Silver,Large,Universal Fit,1299.28,Low
1210.91,278,Rubber,Red,XL,Custom Fit,1309.78,Low
1282.07,55,Carbon Fiber,Blue,Large,Custom Fit,1363.0,Low
864.78,450,Steel,Black,Medium,Universal Fit,1008.65,Low
913.04,365,Rubber,Black,Small,Universal Fit,970.28,Low
873.77,323,Plastic,Red,Medium,Universal Fit,1020.37,Low
935.42,28,Rubber,Gray,Small,Custom Fit,1062.05,Low
888.52,49,Aluminum,Black,Small,Universal Fit,1012.04,Low
1185.92,434,Carbon Fiber,Red,XL,Custom Fit,1269.59,Low
1245.9,408,Aluminum,Gray,Medium,Universal Fit,1325.44,Low
1201.3,120,Plastic,Silver,Medium,Universal Fit,1299.2,Low
1175.31,287,Aluminum,Blue,XL,Universal Fit,1303.67,Low
1255.54,118,Rubber,Blue,Medium,Custom Fit,1378.41,Low
1235.77,481,Rubber,Red,XL,Universal Fit,1290.47,Low
1220.9,404,Aluminum,Blue,Large,Custom Fit,1323.51,Low
1225.36,331,Carbon Fiber,Silver,Medium,Custom Fit,1361.03,Low
1176.88,476,Carbon Fiber,Blue,Large,Custom Fit,1323.67,Low
1238.13,126,Rubber,Red,Small,Universal Fit,1282.67,Low
1243.49,94,Aluminum,Black,XL,Custom Fit,1323.14,Low
1271.47,131,Plastic,Gray,Small,Custom Fit,1383.56,Low
1212.23,278,Steel,Silver,XL,Custom Fit,1362.72,Low
1218.23,179,Plastic,Silver,Small,Universal Fit,1333.6,Low
1251.27,46,Carbon Fiber,Silver,XL,Custom Fit,1360.04,Low
1270.0,272,Carbon Fiber,Gray,Small,Universal Fit,1340.98,Low
1208.15,392,Carbon Fiber,Red,Small,Universal Fit,1382.46,Low
1231.22,315,Carbon Fiber,Black,Large,Custom Fit,1387.2,Low
1262.42,294,Aluminum,Red,Medium,Custom Fit,1365.59,Low
1250.71,257,Carbon Fiber,Red,Large,Custom Fit,1362.19,Low
1212.01,287,Rubber,Gray,XL,Custom Fit,1285.91,Low
1283.43,76,Steel,Red,Small,Custom Fit,1345.62,Low
1205.84,334,Plastic,Black,Large,Universal Fit,1315.11,Low
1210.77,377,Carbon Fiber,Blue,Medium,Custom Fit,1297.68,Low
1235.35,234,Steel,Black,Medium,Universal Fit,1416.4,Low
1170.74,255,Plastic,Black,Large,Custom Fit,1313.53,Low
1263.54,324,Plastic,Black,Medium,Universal Fit,1361.93,Low
1230.27,367,Plastic,Silver,Medium,Universal Fit,1356.86,Low
1274.87,239,Steel,Blue,Medium,Custom Fit,1406.41,Low
1332.7,170,Aluminum,Black,XL,Custom Fit,1385.42,Low
1218.97,200,Steel,Black,Medium,Universal Fit,1355.95,Low
1242.91,487,Carbon Fiber,Silver,Large,Custom Fit,1362.95,Low
1292.89,318,Carbon Fiber,Red,XL,Custom Fit,1431.59,Low
892.5,117,Steel,Gray,Medium,Universal Fit,971.82,Low
765.81,18,Rubber,Silver,Medium,Universal Fit,901.85,Low
855.37,380,Plastic,Red,Small,Universal Fit,957.11,Low
826.79,130,Aluminum,Red,Large,Custom Fit,975.36,Low
769.46,204,Carbon Fiber,Red,Large,Universal Fit,918.17,Low
792.58,38,Aluminum,Gray,Small,Universal Fit,898.98,Low
1243.67,370,Rubber,Black,Small,Custom Fit,1354.46,Low
1283.27,156,Carbon Fiber,Blue,Small,Custom Fit,1353.38,Low
1334.95,144,Rubber,Black,Medium,Universal Fit,1379.23,Low
1269.79,152,Rubber,Blue,Medium,Custom Fit,1397.67,Low
1256.89,387,Plastic,Gray,XL,Custom Fit,1345.52,Low
1152.99,205,Plastic,Silver,Large,Custom Fit,1261.68,Low
1160.46,308,Steel,Blue,Small,Universal Fit,1305.04,Low
1120.4,325,Plastic,Silver,Large,Custom Fit,1217.85,Low
1134.18,136,Carbon Fiber,Silver,XL,Custom Fit,1282.37,Low
1188.23,323,Aluminum,Black,Medium,Universal Fit,1225.73,Low
71.8,362,Plastic,Silver,XL,Custom Fit,219.48,Low
120.42,352,Plastic,Black,Small,Custom Fit,267.68,Low
136.54,246,Carbon Fiber,Gray,Large,Universal Fit,267.72,Low
125.66,14,Aluminum,Silver,XL,Universal Fit,188.66,Low
129.99,125,Rubber,Gray,Large,Universal Fit,246.95,Low
89.13,339,Plastic,Gray,Medium,Custom Fit,195.7,Low
173.19,451,Rubber,Black,Large,Universal Fit,332.52,Low
210.2,416,Carbon Fiber,Black,Large,Custom Fit,234.67,Low
103.44,390,Steel,Black,Large,Custom Fit,208.65,Low
129.65,46,Aluminum,Blue,Large,Custom Fit,293.67,Low
201.28,8,Plastic,Gray,XL,Universal Fit,280.95,Low
140.43,214,Rubber,Silver,Medium,Custom Fit,244.23,Low
446.07,49,Aluminum,Black,Large,Custom Fit,476.83,Low
429.8,208,Plastic,Red,XL,Custom Fit,568.44,Low
376.91,406,Carbon Fiber,Red,XL,Universal Fit,457.25,Low
336.12,113,Rubber,Gray,Medium,Custom Fit,475.3,Low
332.86,241,Plastic,Blue,Medium,Custom Fit,462.68,Low
488.39,496,Aluminum,Black,Large,Universal Fit,588.03,Low
453.46,492,Steel,Red,XL,Custom Fit,563.67,Low
518.97,237,Aluminum,Black,Medium,Universal Fit,587.53,Low
404.9,500,Rubber,Gray,Large,Custom Fit,519.71,Low
534.71,42,Carbon Fiber,Blue,Small,Custom Fit,626.7,Low
508.73,343,Aluminum,Gray,XL,Custom Fit,612.87,Low
547.17,472,Rubber,Red,XL,Universal Fit,688.26,Low
511.27,91,Plastic,Blue,Small,Universal Fit,608.08,Low
427.85,212,Plastic,Black,Large,Universal Fit,540.81,Low
426.67,448,Aluminum,Gray,Small,Custom Fit,592.31,Low
514.17,147,Carbon Fiber,Black,Small,Universal Fit,604.37,Low
502.15,238,Steel,Blue,Medium,Universal Fit,614.66,Low
506.89,144,Steel,Black,Small,Custom Fit,616.48,Low
452.79,471,Rubber,Blue,Medium,Universal Fit,585.06,Low
465.82,143,Aluminum,Blue,XL,Universal Fit,605.73,Low
552.01,165,Aluminum,Blue,Large,Custom Fit,657.74,Low
528.91,335,Steel,Blue,XL,Universal Fit,628.12,Low
519.03,441,Carbon Fiber,Gray,XL,Universal Fit,646.09,Low
460.65,244,Rubber,Red,XL,Universal Fit,607.97,Low
544.89,47,Steel,Red,Large,Universal Fit,658.3,Low
465.72,424,Aluminum,Black,Small,Universal Fit,580.63,Low
527.0,409,Plastic,Silver,XL,Custom Fit,637.94,Low
497.12,412,Plastic,Red,Large,Universal Fit,584.29,Low
414.07,146,Steel,Blue,XL,Universal Fit,563.79,Low
526.51,209,Steel,Blue,Medium,Universal Fit,574.27,Low
535.41,201,Carbon Fiber,Gray,Large,Custom Fit,588.53,Low
483.07,192,Aluminum,Red,Large,Custom Fit,616.97,Low
485.4,37,Rubber,Red,Medium,Custom Fit,611.18,Low
577.48,392,Rubber,Black,Large,Universal Fit,673.54,Low
496.96,36,Steel,Black,Small,Universal Fit,624.5,Low
499.47,311,Steel,Red,Small,Custom Fit,650.2,Low
503.3,182,Plastic,Blue,Small,Universal Fit,557.8,Low
476.86,292,Aluminum,Black,Small,Universal Fit,592.73,Low
519.65,46,Carbon Fiber,Gray,XL,Universal Fit,586.9,Low
566.55,492,Rubber,Blue,Small,Universal Fit,627.17,Low
449.04,56,Aluminum,Gray,Medium,Custom Fit,558.41,Low
499.99,18,Rubber,Silver,Large,Custom Fit,606.08,Low
470.06,295,Carbon Fiber,Black,Medium,Universal Fit,546.87,Low
498.44,142,Steel,Blue,XL,Custom Fit,642.15,Low
453.21,226,Steel,Gray,Medium,Universal Fit,620.29,Low
679.31,316,Carbon Fiber,Silver,Small,Custom Fit,812.86,Low
604.71,386,Steel,Gray,Small,Custom Fit,740.31,Low
591.31,317,Rubber,Blue,XL,Universal Fit,776.06,Low
630.07,13,Aluminum,Black,Small,Universal Fit,753.13,Low
595.65,329,Carbon Fiber,Blue,XL,Universal Fit,760.85,Low
656.47,468,Steel,Black,Large,Universal Fit,730.2,Low
613.89,3,Rubber,Gray,XL,Custom Fit,766.4,Low
730.4,281,Carbon Fiber,Blue,XL,Custom Fit,803.82,Low
654.18,101,Carbon Fiber,Silver,Medium,Custom Fit,771.06,Low
640.01,208,Steel,Black,Large,Universal Fit,766.39,Low
583.47,162,Rubber,Red,Medium,Custom Fit,751.82,Low
625.24,296,Steel,Silver,Large,Custom Fit,710.49,Low
589.69,198,Aluminum,Black,XL,Custom Fit,744.63,Low
682.42,132,Plastic,Silver,Large,Custom Fit,838.66,Low
665.41,196,Aluminum,Silver,Small,Custom Fit,717.59,Low
579.42,198,Carbon Fiber,Blue,Small,Custom Fit,747.29,Low
622.25,289,Aluminum,Silver,Large,Universal Fit,701.63,Low
622.12,102,Plastic,Red,XL,Universal Fit,799.29,Low
627.37,158,Aluminum,Blue,XL,Custom Fit,703.82,Low
671.87,170,Steel,Gray,Small,Universal Fit,769.89,Low
621.55,340,Carbon Fiber,Gray,Small,Custom Fit,762.15,Low
578.15,189,Aluminum,Gray,Small,Universal Fit,773.6,Low
693.76,14,Carbon Fiber,Red,Large,Custom Fit,744.45,Low
716.07,252,Plastic,Silver,Large,Custom Fit,819.16,Low
726.7,495,Rubber,Black,Small,Custom Fit,752.12,Low
678.58,450,Aluminum,Blue,Small,Universal Fit,775.73,Low
575.15,226,Carbon Fiber,Black,XL,Universal Fit,738.01,Low
613.01,192,Steel,Blue,Medium,Custom Fit,780.79,Low
589.86,61,Rubber,Gray,Small,Universal Fit,711.77,Low
660.8,49,Plastic,Black,Large,Custom Fit,787.06,Low
679.53,441,Rubber,Blue,XL,Custom Fit,779.19,Low
698.64,283,Carbon Fiber,Blue,Large,Universal Fit,807.28,Low
599.93,499,Carbon Fiber,Black,Small,Custom Fit,693.02,Low
577.44,169,Aluminum,Blue,Medium,Universal Fit,706.28,Low
197.59,66,Aluminum,Silver,Medium,Custom Fit,338.82,Low
232.75,398,Plastic,Blue,Large,Custom Fit,358.62,Low
230.71,350,Aluminum,Blue,Small,Custom Fit,356.35,Low
202.76,129,Aluminum,Blue,XL,Universal Fit,315.39,Low
267.13,450,Plastic,Blue,Large,Universal Fit,301.16,Low
200.5,203,Plastic,Silver,Small,Custom Fit,280.15,Low
187.55,393,Aluminum,Gray,Small,Custom Fit,318.59,Low
194.84,475,Carbon Fiber,Silver,Large,Universal Fit,267.45,Low
160.77,256,Carbon Fiber,Blue,Small,Universal Fit,285.79,Low
266.72,0,Steel,Red,Large,Universal Fit,357.44,Low
177.1,301,Plastic,Black,Small,Universal Fit,320.96,Low
177.95,348,Rubber,Blue,Large,Universal Fit,307.25,Low
80.74,411,Rubber,Blue,XL,Custom Fit,188.85,Low
163.55,39,Steel,Silver,Small,Universal Fit,278.78,Low
212.7,143,Aluminum,Red,Small,Custom Fit,250.44,Low
226.18,71,Rubber,Black,XL,Universal Fit,309.39,Low
156.89,477,Rubber,Black,Large,Universal Fit,217.13,Low
149.1,321,Plastic,Blue,Medium,Universal Fit,303.19,Low
114.69,329,Plastic,Red,Small,Custom Fit,215.1,Low
194.7,107,Steel,Black,Small,Custom Fit,296.82,Low
166.66,133,Rubber,Silver,Large,Universal Fit,276.81,Low
175.6,109,Plastic,Red,XL,Custom Fit,342.26,Low
236.42,66,Rubber,Blue,Small,Universal Fit,291.3,Low
185.07,124,Rubber,Blue,Large,Universal Fit,321.66,Low
120.85,411,Carbon Fiber,Blue,Small,Universal Fit,205.38,Low
601.23,130,Steel,Gray,Small,Universal Fit,707.49,Low
610.34,138,Rubber,Blue,Medium,Universal Fit,700.86,Low
557.01,471,Steel,Blue,Large,Universal Fit,713.51,Low
652.25,373,Plastic,Gray,XL,Custom Fit,766.84,Low
536.63,140,Steel,Black,XL,Custom Fit,675.17,Low
470.6,208,Aluminum,Red,XL,Custom Fit,557.95,Low
543.51,83,Plastic,Blue,Large,Custom Fit,616.43,Low
452.96,119,Plastic,Red,Large,Custom Fit,529.06,Low
515.54,8,Plastic,Red,Small,Custom Fit,588.03,Low
637.18,30,Plastic,Silver,Small,Universal Fit,738.23,Low
637.6,470,Plastic,Black,Large,Universal Fit,776.65,Low
660.09,231,Plastic,Black,Medium,Universal Fit,726.48,Low
635.72,442,Carbon Fiber,Gray,XL,Universal Fit,780.18,Low
648.43,70,Aluminum,Black,Medium,Custom Fit,790.66,Low
622.15,147,Carbon Fiber,Red,Small,Universal Fit,756.07,Low
606.02,472,Carbon Fiber,Silver,Large,Universal Fit,713.44,Low
707.24,154,Carbon Fiber,Black,Large,Custom Fit,762.59,Low
629.22,80,Carbon Fiber,Red,Medium,Custom Fit,746.16,Low
539.49,131,Rubber,Red,XL,Custom Fit,682.68,Low
519.12,117,Carbon Fiber,Blue,Medium,Universal Fit,580.12,Low
497.86,125,Rubber,Gray,Small,Custom Fit,587.51,Low
581.44,273,Rubber,Red,Medium,Universal Fit,710.42,Low
550.67,362,Rubber,Black,Medium,Custom Fit,694.64,Low
536.07,302,Plastic,Silver,Large,Custom Fit,620.85,Low
476.68,93,Carbon Fiber,Black,XL,Custom Fit,593.35,Low
542.56,97,Plastic,Red,Medium,Custom Fit,709.28,Low
586.84,464,Steel,Red,Medium,Custom Fit,686.19,Low
610.85,68,Steel,Gray,Large,Universal Fit,687.14,Low
576.38,409,Aluminum,Red,Medium,Custom Fit,684.59,Low
542.84,467,Carbon Fiber,Blue,XL,Custom Fit,599.51,Low
529.47,372,Rubber,Black,XL,Universal Fit,637.35,Low
653.77,156,Carbon Fiber,Black,Medium,Custom Fit,785.34,Low
680.71,97,Rubber,Red,Small,Custom Fit,836.19,Low
643.32,499,Carbon Fiber,Silver,Small,Custom Fit,746.81,Low
716.83,198,Rubber,Silver,Small,Custom Fit,805.42,Low
598.24,130,Carbon Fiber,Gray,XL,Universal Fit,785.99,Low
607.68,82,Carbon Fiber,Silver,Small,Custom Fit,744.66,Low
683.76,52,Rubber,Red,Large,Custom Fit,760.0,Low
626.85,39,Carbon Fiber,Black,Medium,Universal Fit,748.79,Low
705.15,103,Carbon Fiber,Blue,Small,Universal Fit,801.0,Low
651.53,405,Aluminum,Blue,XL,Universal Fit,785.59,Low
697.35,211,Aluminum,Silver,XL,Custom Fit,777.97,Low
642.25,466,Steel,Blue,Small,Universal Fit,765.05,Low
644.9,59,Aluminum,Gray,Large,Universal Fit,735.05,Low
662.22,282,Aluminum,Silver,Small,Universal Fit,799.68,Low
602.4,443,Rubber,Gray,Small,Universal Fit,685.32,Low
609.5,340,Steel,Gray,XL,Universal Fit,780.23,Low
603.48,37,Plastic,Silver,Large,Custom Fit,739.63,Low
645.19,328,Aluminum,Silver,Large,Universal Fit,727.66,Low
654.12,3,Rubber,Silver,XL,Custom Fit,769.97,Low
645.23,381,Carbon Fiber,Gray,Medium,Universal Fit,762.75,Low
627.6,203,Steel,Gray,XL,Universal Fit,715.23,Low
664.49,399,Plastic,Blue,Small,Universal Fit,820.82,Low
647.75,310,Rubber,Silver,XL,Universal Fit,719.67,Low
719.88,418,Carbon Fiber,Silver,Large,Universal Fit,831.1,Low
635.5,68,Aluminum,Gray,Medium,Custom Fit,772.49,Low
635.15,125,Carbon Fiber,Gray,Large,Custom Fit,702.55,Low
586.8,456,Aluminum,Black,XL,Universal Fit,744.97,Low
785.76,130,Rubber,Gray,XL,Custom Fit,948.56,Low
889.84,18,Rubber,Black,Medium,Custom Fit,1024.87,Low
885.48,140,Aluminum,Red,Large,Universal Fit,954.54,Low
830.84,42,Plastic,Gray,Medium,Universal Fit,870.47,Low
810.16,306,Steel,Blue,Medium,Custom Fit,872.76,Low
846.17,283,Rubber,Blue,XL,Universal Fit,950.38,Low
834.96,267,Aluminum,Black,Large,Universal Fit,992.52,Low
341.46,335,Plastic,Gray,Small,Custom Fit,525.67,Low
409.38,121,Aluminum,Gray,Large,Universal Fit,448.94,Low
347.99,180,Plastic,Red,Small,Custom Fit,521.98,Low
396.17,231,Carbon Fiber,Blue,Medium,Custom Fit,504.94,Low
346.64,292,Carbon Fiber,Silver,Large,Universal Fit,501.9,Low
396.97,118,Rubber,Silver,Medium,Universal Fit,490.82,Low
290.66,109,Steel,Black,Medium,Custom Fit,448.98,Low
340.78,29,Steel,Silver,XL,Custom Fit,472.7,Low
377.58,45,Rubber,Red,XL,Custom Fit,486.84,Low
341.32,193,Aluminum,Blue,Medium,Custom Fit,461.31,Low
57.07,192,Plastic,Gray,Small,Universal Fit,120.26,Low
20.07,240,Carbon Fiber,Blue,Small,Universal Fit,201.62,Low
11.19,31,Aluminum,Black,Large,Custom Fit,156.9,Low
115.27,352,Aluminum,Blue,Medium,Universal Fit,244.79,Low
208.37,247,Aluminum,Gray,XL,Custom Fit,258.87,Low
113.41,158,Steel,Red,Large,Universal Fit,216.9,Low
54.1,370,Steel,Black,XL,Custom Fit,236.24,Low
180.84,277,Steel,Silver,Large,Universal Fit,228.06,Low
190.93,349,Rubber,Gray,Small,Universal Fit,269.78,Low
116.45,18,Rubber,Red,XL,Custom Fit,254.47,Low
145.04,384,Rubber,Silver,Small,Universal Fit,265.87,Low
70.44,432,Rubber,Black,XL,Custom Fit,195.64,Low
38.7,362,Aluminum,Red,Medium,Universal Fit,150.66,Low
10.99,389,Plastic,Silver,Medium,Universal Fit,106.31,Low
74.75,309,Plastic,Black,Large,Universal Fit,189.02,Low
86.91,82,Carbon Fiber,Gray,Small,Universal Fit,175.42,Low
82.76,287,Carbon Fiber,Black,Small,Custom Fit,229.69,Low
67.75,397,Rubber,Black,Medium,Universal Fit,220.98,Low
88.78,443,Rubber,Red,Medium,Custom Fit,165.14,Low
108.12,213,Carbon Fiber,Gray,XL,Universal Fit,161.23,Low
40.61,243,Plastic,Black,Small,Custom Fit,165.85,Low
44.69,315,Steel,Gray,Small,Universal Fit,176.83,Low
113.13,365,Aluminum,Gray,Large,Custom Fit,177.83,Low
89.91,324,Carbon Fiber,Silver,Small,Custom Fit,203.01,Low
61.91,132,Rubber,Gray,Medium,Universal Fit,116.04,Low
122.46,123,Carbon Fiber,Black,Large,Custom Fit,226.05,Low
31.83,414,Steel,Black,Medium,Custom Fit,135.03,Low
93.92,39,Rubber,Blue,XL,Universal Fit,210.05,Low
51.91,498,Carbon Fiber,Black,XL,Universal Fit,194.85,Low
916.03,451,Steel,Red,Small,Universal Fit,1064.01,Low
953.81,235,Aluminum,Black,Large,Universal Fit,1084.56,Low
930.02,36,Steel,Gray,Large,Custom Fit,1059.37,Low
923.39,326,Carbon Fiber,Silver,Small,Custom Fit,1051.3,Low
932.88,338,Rubber,Red,Small,Custom Fit,1005.45,Low
987.18,373,Plastic,Blue,Large,Custom Fit,1046.67,Low
960.58,363,Aluminum,Silver,Large,Universal Fit,1039.2,Low
898.72,26,Rubber,Black,Large,Universal Fit,1014.81,Low
932.09,267,Rubber,Silver,Small,Universal Fit,1078.46,Low
922.59,247,Carbon Fiber,Black,Large,Custom Fit,1064.46,Low
1002.32,198,Carbon Fiber,Red,Small,Custom Fit,1057.39,Low
940.52,142,Steel,Gray,Large,Custom Fit,1031.48,Low
1024.2,485,Steel,Gray,Medium,Custom Fit,1141.52,Low
886.26,156,Plastic,Blue,Small,Custom Fit,988.3,Low
879.86,424,Steel,Gray,XL,Universal Fit,1013.15,Low
942.92,58,Rubber,Gray,Large,Universal Fit,1073.03,Low
927.84,178,Aluminum,Gray,Large,Universal Fit,1027.72,Low
905.85,192,Aluminum,Black,Small,Universal Fit,953.88,Low
855.37,40,Steel,Red,XL,Custom Fit,970.49,Low
887.74,259,Steel,Red,Medium,Custom Fit,992.15,Low
901.38,84,Rubber,Blue,Small,Custom Fit,1025.5,Low
884.35,104,Rubber,Black,XL,Universal Fit,999.66,Low
917.98,318,Carbon Fiber,Blue,Medium,Custom Fit,1015.79,Low
832.23,469,Carbon Fiber,Gray,XL,Custom Fit,998.08,Low
947.84,352,Steel,Silver,Small,Custom Fit,1015.52,Low
926.88,139,Carbon Fiber,Silver,Medium,Custom Fit,1014.43,Low
934.66,140,Plastic,Blue,Large,Custom Fit,1047.92,Low
1012.6,352,Rubber,Red,Medium,Custom Fit,1071.74,Low
944.27,196,Carbon Fiber,Silver,XL,Universal Fit,1049.14,Low
900.73,81,Steel,Black,Small,Custom Fit,1033.27,Low
963.26,321,Carbon Fiber,Silver,Medium,Custom Fit,1058.45,Low
960.69,131,Rubber,Red,Medium,Universal Fit,1066.98,Low
865.31,410,Steel,Gray,Large,Universal Fit,961.18,Low
894.86,332,Carbon Fiber,Gray,Small,Universal Fit,991.31,Low
965.56,62,Carbon Fiber,Black,Large,Custom Fit,1074.73,Low
888.15,304,Rubber,Gray,Large,Custom Fit,1024.53,Low
904.79,302,Steel,Blue,XL,Custom Fit,1023.6,Low
907.61,331,Steel,Gray,Small,Universal Fit,995.76,Low
897.37,219,Plastic,Blue,Medium,Custom Fit,1011.62,Low
905.57,57,Steel,Silver,Medium,Custom Fit,1062.33,Low
878.58,15,Aluminum,Black,Small,Universal Fit,968.32,Low
883.2,169,Aluminum,Silver,Medium,Universal Fit,978.73,Low
984.94,408,Steel,Red,Medium,Universal Fit,1097.17,Low
912.45,189,Aluminum,Silver,Small,Custom Fit,1058.0,Low
971.17,194,Steel,Gray,Large,Custom Fit,1080.3,Low
920.51,14,Carbon Fiber,Red,XL,Universal Fit,1109.95,Low
878.78,167,Steel,Gray,XL,Universal Fit,1009.36,Low
934.61,37,Aluminum,Blue,XL,Universal Fit,1058.19,Low
840.34,279,Rubber,Black,XL,Universal Fit,957.38,Low
818.44,426,Steel,Black,Large,Custom Fit,1008.82,Low
890.67,268,Rubber,Blue,XL,Custom Fit,1040.38,Low
890.81,357,Carbon Fiber,Red,Medium,Universal Fit,1003.52,Low
856.79,271,Carbon Fiber,Black,XL,Universal Fit,942.57,Low
843.84,244,Steel,Black,Medium,Universal Fit,946.3,Low
1001.81,430,Carbon Fiber,Black,Small,Custom Fit,1098.62,Low
935.89,276,Plastic,Black,XL,Custom Fit,984.88,Low
941.91,366,Aluminum,Red,Medium,Universal Fit,1058.09,Low
900.82,4,Rubber,Blue,Medium,Custom Fit,1047.37,Low
899.87,273,Rubber,Blue,Large,Custom Fit,1062.35,Low
967.96,21,Aluminum,Silver,Medium,Universal Fit,1101.13,Low
933.44,57,Steel,Blue,Large,Universal Fit,1088.51,Low
888.02,22,Plastic,Gray,Medium,Custom Fit,998.74,Low
650.32,43,Plastic,Silver,Small,Custom Fit,721.47,Low
646.09,362,Plastic,Blue,XL,Universal Fit,685.97,Low
653.11,199,Aluminum,Red,Large,Universal Fit,806.85,Low
653.69,54,Aluminum,Black,Large,Custom Fit,719.04,Low
718.67,57,Aluminum,Gray,Small,Custom Fit,791.8,Low
669.92,126,Plastic,Black,Medium,Universal Fit,797.32,Low
36.69,144,Plastic,Red,Small,Custom Fit,126.4,Low
39.15,58,Plastic,Black,Small,Custom Fit,213.61,Low
8.36,13,Rubber,Gray,Small,Universal Fit,77.99,Low
39.07,288,Carbon Fiber,Red,Large,Universal Fit,179.82,Low
58.42,434,Aluminum,Silver,Small,Universal Fit,99.05,Low
70.47,212,Carbon Fiber,Silver,Small,Custom Fit,182.5,Low
28.12,57,Rubber,Red,Small,Custom Fit,190.06,Low
51.17,416,Aluminum,Black,Small,Custom Fit,111.18,Low
41.34,103,Rubber,Blue,Large,Custom Fit,157.64,Low
50.07,312,Carbon Fiber,Black,XL,Universal Fit,210.74,Low
7.31,32,Rubber,Red,Medium,Universal Fit,126.47,Low
38.14,221,Rubber,Silver,Large,Custom Fit,124.1,Low
43.0,372,Carbon Fiber,Silver,Large,Custom Fit,157.66,Low
7.99,288,Steel,Blue,Small,Custom Fit,196.06,Low
108.4,22,Carbon Fiber,Silver,Medium,Custom Fit,237.55,Low
31.13,211,Carbon Fiber,Blue,Small,Custom Fit,111.18,Low
260.03,323,Rubber,Gray,Large,Custom Fit,385.44,Low
229.64,231,Rubber,Gray,Large,Custom Fit,326.55,Low
233.31,423,Carbon Fiber,Silver,Large,Universal Fit,335.36,Low
250.24,311,Steel,Black,XL,Universal Fit,377.24,Low
244.69,342,Carbon Fiber,Silver,XL,Universal Fit,359.32,Low
274.53,37,Steel,Silver,Small,Custom Fit,383.77,Low
230.43,193,Aluminum,Silver,Large,Universal Fit,312.32,Low
269.39,382,Rubber,Red,Medium,Universal Fit,310.89,Low
278.27,334,Aluminum,Gray,Medium,Custom Fit,424.56,Low
270.97,152,Plastic,Silver,Medium,Custom Fit,353.36,Low
243.93,224,Steel,Blue,Large,Universal Fit,370.91,Low
254.39,412,Carbon Fiber,Red,XL,Custom Fit,393.78,Low
252.42,310,Rubber,Silver,Medium,Universal Fit,361.78,Low
269.59,397,Rubber,Silver,Medium,Universal Fit,411.99,Low
251.55,363,Steel,Blue,Small,Custom Fit,376.6,Low
271.97,145,Aluminum,Red,Large,Custom Fit,387.48,Low
244.6,0,Aluminum,Silver,Small,Custom Fit,315.36,Low
304.48,396,Steel,Black,Medium,Universal Fit,401.97,Low
249.85,109,Plastic,Blue,Medium,Custom Fit,416.25,Low
220.86,85,Aluminum,Gray,Large,Custom Fit,319.75,Low
262.73,266,Plastic,Gray,Medium,Universal Fit,423.98,Low
257.69,493,Plastic,Red,XL,Universal Fit,313.97,Low
240.67,118,Steel,Red,Large,Custom Fit,340.7,Low
266.35,447,Steel,Blue,Medium,Custom Fit,321.04,Low
252.7,433,Rubber,Black,Small,Custom Fit,398.58,Low
451.44,401,Carbon Fiber,Silver,Large,Universal Fit,519.3,Low
475.38,133,Rubber,Black,Medium,Universal Fit,551.45,Low
377.64,276,Steel,Silver,Medium,Universal Fit,482.96,Low
384.62,287,Rubber,Blue,Small,Universal Fit,493.67,Low
356.93,466,Carbon Fiber,Blue,Large,Universal Fit,517.79,Low
437.71,482,Steel,Red,Small,Custom Fit,496.32,Low
400.22,216,Steel,Red,Small,Universal Fit,514.12,Low
413.9,492,Steel,Blue,Small,Custom Fit,563.54,Low
379.07,426,Aluminum,Silver,Large,Universal Fit,425.19,Low
333.07,254,Aluminum,Black,Large,Custom Fit,458.35,Low
399.1,1,Carbon Fiber,Red,Medium,Custom Fit,478.39,Low
433.89,261,Carbon Fiber,Silver,XL,Universal Fit,520.57,Low
362.87,264,Rubber,Silver,Medium,Universal Fit,462.34,Low
338.87,271,Steel,Black,Large,Universal Fit,498.29,Low
365.67,453,Carbon Fiber,Black,Medium,Custom Fit,490.95,Low
503.24,465,Steel,Silver,Small,Universal Fit,623.9,Low
478.31,434,Rubber,Gray,Medium,Custom Fit,613.61,Low
433.72,4,Rubber,Black,Small,Custom Fit,567.63,Low
489.07,463,Steel,Red,Small,Universal Fit,608.62,Low
474.36,334,Steel,Blue,Large,Custom Fit,602.89,Low
513.32,362,Rubber,Gray,Medium,Universal Fit,616.89,Low
388.64,70,Carbon Fiber,Red,Medium,Custom Fit,531.84,Low
409.54,164,Steel,Black,Large,Universal Fit,550.49,Low
408.71,313,Carbon Fiber,Black,Medium,Custom Fit,496.29,Low
492.33,370,Steel,Blue,Small,Custom Fit,521.86,Low
403.17,188,Steel,Black,XL,Universal Fit,559.21,Low
438.22,229,Carbon Fiber,Blue,Large,Custom Fit,626.08,Low
389.04,309,Carbon Fiber,Black,Large,Universal Fit,542.09,Low
446.79,410,Plastic,Silver,Large,Universal Fit,507.79,Low
466.3,38,Rubber,Blue,Large,Universal Fit,600.94,Low
375.68,201,Carbon Fiber,Blue,Medium,Universal Fit,522.13,Low
459.58,388,Plastic,Silver,Small,Universal Fit,540.22,Low
464.41,264,Carbon Fiber,Silver,Large,Custom Fit,554.86,Low
371.97,383,Steel,Silver,Medium,Universal Fit,500.72,Low
435.98,344,Aluminum,Gray,Large,Universal Fit,573.26,Low
492.13,98,Carbon Fiber,Blue,XL,Universal Fit,553.06,Low
481.3,364,Rubber,Gray,Large,Custom Fit,573.5,Low
417.59,207,Steel,Black,Large,Universal Fit,528.24,Low
462.46,258,Aluminum,Blue,Medium,Universal Fit,539.68,Low
389.86,137,Carbon Fiber,Silver,Medium,Universal Fit,486.15,Low
476.37,218,Aluminum,Silver,Small,Custom Fit,556.16,Low
372.93,35,Rubber,Red,Medium,Custom Fit,466.12,Low
397.5,456,Carbon Fiber,Blue,Large,Universal Fit,520.33,Low
403.94,263,Plastic,Gray,XL,Custom Fit,486.17,Low
379.36,246,Aluminum,Red,Medium,Custom Fit,570.78,Low
437.59,480,Aluminum,Gray,Medium,Custom Fit,488.26,Low
486.57,34,Aluminum,Black,Medium,Universal Fit,564.38,Low
426.82,291,Aluminum,Black,Small,Universal Fit,489.19,Low
452.4,418,Rubber,Blue,Large,Universal Fit,546.41,Low
450.43,31,Rubber,Blue,Small,Custom Fit,561.14,Low
478.96,275,Aluminum,Black,Medium,Universal Fit,558.03,Low
448.93,191,Steel,Red,Small,Universal Fit,540.33,Low
454.83,315,Carbon Fiber,Black,Small,Custom Fit,521.61,Low
469.68,391,Steel,Gray,Large,Custom Fit,583.03,Low
401.68,462,Aluminum,Silver,XL,Custom Fit,567.18,Low
467.73,30,Aluminum,Black,Large,Universal Fit,593.68,Low
450.78,488,Rubber,Black,Small,Custom Fit,546.36,Low
410.09,27,Aluminum,Blue,Medium,Custom Fit,491.34,Low
369.7,355,Aluminum,Silver,Small,Universal Fit,508.71,Low
389.01,304,Carbon Fiber,Silver,Small,Universal Fit,558.51,Low
374.63,204,Steel,Red,Medium,Universal Fit,514.48,Low
415.75,463,Carbon Fiber,Gray,Small,Universal Fit,506.25,Low
332.13,165,Plastic,Red,Large,Custom Fit,472.49,Low
474.08,279,Carbon Fiber,Gray,Large,Universal Fit,501.89,Low
395.17,37,Carbon Fiber,Blue,Large,Custom Fit,484.62,Low
422.14,407,Aluminum,Gray,Large,Custom Fit,536.82,Low
413.49,392,Carbon Fiber,Gray,XL,Universal Fit,460.52,Low
380.7,133,Carbon Fiber,Silver,Medium,Custom Fit,519.18,Low
366.1,40,Rubber,Silver,Medium,Custom Fit,507.45,Low
397.3,311,Plastic,Gray,Medium,Universal Fit,461.13,Low
444.14,5,Steel,Red,Small,Custom Fit,542.47,Low
391.42,106,Plastic,Blue,Large,Custom Fit,424.0,Low
351.12,75,Aluminum,Blue,Large,Universal Fit,483.33,Low
314.16,388,Aluminum,Gray,Small,Custom Fit,456.0,Low
407.69,17,Plastic,Gray,Medium,Custom Fit,511.5,Low
455.67,58,Plastic,Silver,Medium,Universal Fit,493.77,Low
435.0,443,Aluminum,Gray,Small,Custom Fit,539.92,Low
437.58,486,Carbon Fiber,Black,Large,Universal Fit,578.83,Low
481.62,201,Carbon Fiber,Black,Small,Universal Fit,631.65,Low
347.94,279,Rubber,Red,Medium,Universal Fit,421.08,Low
383.73,240,Steel,Blue,XL,Universal Fit,444.46,Low
370.54,449,Rubber,Gray,Medium,Universal Fit,550.07,Low
348.33,407,Plastic,Silver,Medium,Custom Fit,445.89,Low
401.87,97,Aluminum,Red,XL,Custom Fit,452.98,Low
343.75,154,Carbon Fiber,Silver,Large,Custom Fit,454.7,Low
416.54,472,Steel,Red,XL,Custom Fit,522.26,Low
363.98,150,Carbon Fiber,Black,Large,Custom Fit,475.03,Low
475.53,54,Aluminum,Gray,Medium,Custom Fit,578.18,Low
430.74,227,Plastic,Blue,Medium,Universal Fit,541.02,Low
484.63,117,Aluminum,Blue,Large,Universal Fit,550.88,Low
425.87,427,Carbon Fiber,Silver,Large,Custom Fit,493.92,Low
535.3,392,Carbon Fiber,Blue,Small,Custom Fit,655.52,Low
488.25,398,Steel,Silver,Medium,Universal Fit,629.46,Low
464.53,410,Rubber,Blue,Large,Custom Fit,576.73,Low
447.97,38,Carbon Fiber,Blue,Large,Universal Fit,566.52,Low
566.94,161,Plastic,Silver,XL,Custom Fit,677.7,Low
413.99,175,Rubber,Blue,Large,Custom Fit,519.87,Low
527.44,437,Aluminum,Silver,XL,Universal Fit,670.19,Low
572.9,89,Rubber,Blue,XL,Custom Fit,693.71,Low
351.24,307,Rubber,Gray,XL,Custom Fit,532.72,Low
307.02,185,Carbon Fiber,Gray,Small,Custom Fit,464.15,Low
378.71,386,Rubber,Red,Medium,Universal Fit,431.99,Low
386.43,217,Steel,Black,XL,Custom Fit,527.02,Low
382.66,105,Plastic,Blue,Medium,Universal Fit,536.61,Low
391.25,477,Aluminum,Gray,Small,Custom Fit,478.87,Low
438.82,319,Rubber,Red,Small,Custom Fit,553.22,Low
388.46,165,Steel,Silver,XL,Custom Fit,455.74,Low
310.07,311,Rubber,Gray,XL,Custom Fit,501.36,Low
463.1,152,Aluminum,Blue,Large,Custom Fit,511.81,Low
241.93,409,Steel,Blue,Small,Custom Fit,397.77,Low
246.24,42,Aluminum,Red,Large,Universal Fit,342.26,Low
168.83,192,Rubber,Blue,Medium,Custom Fit,298.5,Low
186.4,45,Rubber,Black,Small,Universal Fit,312.49,Low
203.1,135,Aluminum,Blue,Medium,Universal Fit,286.78,Low
168.28,479,Steel,Silver,XL,Universal Fit,311.73,Low
268.72,207,Plastic,Black,XL,Custom Fit,371.86,Low
253.43,25,Rubber,Red,Medium,Universal Fit,353.45,Low
268.75,81,Plastic,Blue,Medium,Custom Fit,387.66,Low
193.36,408,Plastic,Gray,Medium,Custom Fit,323.34,Low
92.92,93,Aluminum,Blue,XL,Universal Fit,196.25,Low
148.71,289,Carbon Fiber,Silver,Large,Universal Fit,265.22,Low
94.92,476,Rubber,Silver,XL,Custom Fit,193.01,Low
100.46,105,Plastic,Silver,Large,Universal Fit,192.64,Low
98.57,58,Rubber,Black,Medium,Universal Fit,137.02,Low
107.96,74,Aluminum,Silver,Large,Universal Fit,259.45,Low
49.17,476,Carbon Fiber,Red,Small,Custom Fit,157.81,Low
107.22,383,Rubber,Gray,Large,Custom Fit,241.66,Low
65.98,267,Carbon Fiber,Red,Small,Custom Fit,196.14,Low
127.05,103,Plastic,Gray,Small,Universal Fit,246.88,Low
184.77,414,Steel,Blue,Small,Universal Fit,247.04,Low
211.06,196,Steel,Red,Medium,Universal Fit,281.16,Low
152.33,353,Steel,Gray,Medium,Universal Fit,292.27,Low
129.28,337,Plastic,Gray,XL,Custom Fit,278.43,Low
170.42,74,Plastic,Red,Small,Custom Fit,307.07,Low
161.33,374,Steel,Gray,Medium,Universal Fit,311.19,Low
139.03,392,Carbon Fiber,Silver,Large,Custom Fit,283.65,Low
143.38,483,Rubber,Red,XL,Universal Fit,320.52,Low
132.75,394,Rubber,Gray,Medium,Custom Fit,288.35,Low
168.18,53,Plastic,Silver,Small,Custom Fit,248.94,Low
142.65,96,Plastic,Silver,Small,Universal Fit,256.3,Low
257.27,165,Steel,Gray,Medium,Universal Fit,327.93,Low
232.21,437,Carbon Fiber,Blue,Small,Universal Fit,332.22,Low
265.25,228,Aluminum,Silver,Small,Custom Fit,340.88,Low
326.73,304,Carbon Fiber,Blue,XL,Universal Fit,405.02,Low
189.57,17,Carbon Fiber,Gray,Small,Universal Fit,360.14,Low
211.82,455,Rubber,Black,Large,Custom Fit,388.29,Low
305.79,269,Rubber,Gray,Medium,Universal Fit,387.22,Low
339.6,158,Rubber,Silver,Medium,Custom Fit,435.52,Low
342.33,268,Rubber,Blue,Large,Custom Fit,379.18,Low
237.15,275,Aluminum,Red,XL,Custom Fit,348.74,Low
243.58,233,Steel,Silver,Medium,Universal Fit,343.65,Low
238.1,164,Plastic,Silver,Small,Custom Fit,343.59,Low
252.81,33,Aluminum,Blue,Medium,Universal Fit,335.63,Low
268.71,475,Rubber,Black,Medium,Universal Fit,387.73,Low
322.78,378,Aluminum,Blue,XL,Universal Fit,385.53,Low
443.2,434,Aluminum,Silver,XL,Custom Fit,574.32,Low
457.94,437,Steel,Red,Small,Universal Fit,608.42,Low
544.61,175,Carbon Fiber,Blue,Small,Custom Fit,624.39,Low
466.57,363,Steel,Red,Medium,Custom Fit,593.72,Low
388.2,114,Plastic,Red,Large,Custom Fit,547.08,Low
466.6,494,Rubber,Red,Small,Universal Fit,649.8,Low
390.37,336,Plastic,Gray,Small,Custom Fit,525.33,Low
529.25,202,Aluminum,Silver,Large,Custom Fit,590.84,Low
492.45,216,Rubber,Black,Large,Custom Fit,600.58,Low
464.21,429,Steel,Black,Small,Custom Fit,568.04,Low
437.88,466,Plastic,Red,Medium,Custom Fit,558.92,Low
533.54,103,Steel,Silver,XL,Custom Fit,631.52,Low
396.65,227,Steel,Black,Medium,Custom Fit,557.85,Low
5.82,10,Rubber,Silver,Small,Custom Fit,120.97,Low
79.81,352,Rubber,Red,XL,Custom Fit,145.47,Low
48.93,323,Carbon Fiber,Black,XL,Universal Fit,177.83,Low
59.76,441,Aluminum,Blue,Large,Custom Fit,143.8,Low
9.18,480,Steel,Gray,XL,Custom Fit,142.65,Low
3.3,273,Plastic,Gray,XL,Universal Fit,92.67,Low
75.62,274,Carbon Fiber,Silver,Medium,Custom Fit,158.77,Low
111.39,139,Rubber,Red,Medium,Universal Fit,167.01,Low
468.89,70,Plastic,Gray,XL,Custom Fit,593.55,Low
425.55,25,Rubber,Red,Large,Custom Fit,544.51,Low
431.51,379,Rubber,Red,Medium,Custom Fit,605.17,Low
449.25,358,Rubber,Gray,Medium,Custom Fit,526.5,Low
352.99,415,Aluminum,Gray,Large,Custom Fit,528.91,Low
463.89,156,Plastic,Blue,Small,Custom Fit,524.19,Low
419.88,249,Aluminum,Gray,Medium,Custom Fit,462.67,Low
397.89,334,Rubber,Blue,Small,Universal Fit,479.44,Low
402.73,433,Steel,Red,Medium,Universal Fit,487.76,Low
412.72,253,Rubber,Black,Large,Universal Fit,550.04,Low
27.44,113,Aluminum,Blue,XL,Custom Fit,176.17,Low
92.95,264,Rubber,Blue,Medium,Universal Fit,226.98,Low
75.74,22,Plastic,Silver,XL,Universal Fit,158.3,Low
23.89,222,Plastic,Blue,Small,Custom Fit,139.53,Low
37.88,398,Carbon Fiber,Red,Small,Custom Fit,74.03,Low
16.82,261,Rubber,Gray,XL,Custom Fit,83.02,Low
6.82,454,Rubber,Silver,XL,Custom Fit,122.16,Low
40.49,156,Plastic,Silver,Large,Universal Fit,192.74,Low
36.7,48,Carbon Fiber,Black,Medium,Universal Fit,160.82,Low
75.69,10,Rubber,Gray,XL,Universal Fit,106.14,Low
79.13,359,Aluminum,Silver,Medium,Universal Fit,190.8,Low
40.21,327,Rubber,Silver,Medium,Custom Fit,125.77,Low
14.33,283,Rubber,Red,XL,Universal Fit,118.86,Low
32.23,225,Rubber,Black,XL,Universal Fit,154.62,Low
45.84,383,Aluminum,Gray,Medium,Universal Fit,198.34,Low
17.23,4,Rubber,Blue,XL,Custom Fit,101.16,Low
207.07,141,Plastic,Black,Medium,Universal Fit,317.88,Low
242.34,306,Steel,Gray,Small,Universal Fit,330.84,Low
156.91,438,Carbon Fiber,Red,Small,Custom Fit,314.65,Low
184.07,247,Steel,Blue,XL,Universal Fit,279.4,Low
203.32,170,Aluminum,Blue,Small,Universal Fit,314.55,Low
200.4,398,Steel,Silver,Medium,Universal Fit,306.6,Low
281.03,334,Aluminum,Blue,Medium,Universal Fit,378.0,Low
240.23,33,Carbon Fiber,Blue,Medium,Custom Fit,338.37,Low
198.6,92,Steel,Black,Medium,Custom Fit,306.41,Low
204.81,377,Steel,Red,XL,Universal Fit,289.18,Low
206.37,303,Steel,Red,Large,Universal Fit,245.66,Low
234.06,365,Plastic,Black,Large,Universal Fit,298.44,Low
90.01,184,Steel,Silver,Medium,Custom Fit,152.7,Low
90.27,443,Rubber,Red,Small,Universal Fit,146.84,Low
14.33,186,Carbon Fiber,Blue,Small,Custom Fit,135.36,Low
74.09,454,Carbon Fiber,Black,Large,Custom Fit,157.3,Low
50.28,73,Steel,Gray,XL,Universal Fit,200.7,Low
28.48,346,Aluminum,Black,Medium,Universal Fit,97.34,Low
39.81,381,Aluminum,Silver,Medium,Universal Fit,73.06,Low
6.35,353,Rubber,Red,XL,Universal Fit,103.73,Low
71.13,8,Aluminum,Red,Medium,Universal Fit,169.78,Low
48.03,251,Carbon Fiber,Gray,Small,Custom Fit,170.78,Low
2.13,233,Rubber,Gray,XL,Custom Fit,119.17,Low
2.71,364,Steel,Silver,Small,Universal Fit,115.73,Low
205.6,292,Rubber,Red,Small,Universal Fit,359.07,Low
259.1,2,Rubber,Silver,Medium,Custom Fit,330.31,Low
197.29,297,Plastic,Silver,XL,Universal Fit,336.1,Low
244.35,42,Aluminum,Silver,Small,Universal Fit,300.93,Low
200.54,86,Steel,Red,Medium,Custom Fit,391.2,Low
162.39,489,Plastic,Black,Small,Universal Fit,281.96,Low
104.84,275,Aluminum,Black,Medium,Universal Fit,199.88,Low
169.87,49,Steel,Black,XL,Universal Fit,266.55,Low
99.45,324,Carbon Fiber,Red,XL,Custom Fit,264.08,Low
175.71,149,Aluminum,Gray,Large,Universal Fit,334.04,Low
105.72,435,Rubber,Blue,Large,Custom Fit,266.92,Low
177.81,460,Plastic,Silver,Small,Custom Fit,275.07,Low
186.16,106,Plastic,Blue,XL,Custom Fit,304.54,Low
163.3,81,Rubber,Gray,Large,Universal Fit,275.6,Low
175.9,460,Plastic,Gray,Small,Custom Fit,313.96,Low
506.29,231,Steel,Gray,XL,Custom Fit,559.61,Low
415.76,465,Plastic,Blue,Medium,Custom Fit,511.82,Low
428.9,460,Rubber,Red,XL,Universal Fit,601.73,Low
485.01,448,Plastic,Silver,Small,Custom Fit,581.42,Low
503.26,71,Steel,Red,XL,Custom Fit,584.9,Low
445.28,108,Aluminum,Red,Small,Custom Fit,530.33,Low
461.35,126,Steel,Black,Small,Custom Fit,639.26,Low
449.39,376,Aluminum,Red,Medium,Custom Fit,556.81,Low
509.38,71,Steel,Gray,Small,Custom Fit,638.55,Low
515.96,339,Steel,Black,Medium,Custom Fit,568.05,Low
388.67,371,Rubber,Blue,XL,Custom Fit,525.66,Low
487.29,183,Carbon Fiber,Red,XL,Custom Fit,583.99,Low
469.26,125,Aluminum,Silver,Medium,Custom Fit,537.22,Low
42.21,402,Rubber,Black,Medium,Universal Fit,168.3,Low
36.24,357,Carbon Fiber,Red,Small,Universal Fit,174.25,Low
78.65,328,Steel,Red,Small,Custom Fit,160.43,Low
68.13,343,Rubber,Blue,XL,Universal Fit,102.92,Low
140.95,433,Plastic,Black,Large,Universal Fit,249.66,Low
134.36,243,Rubber,Silver,Large,Custom Fit,194.27,Low
126.15,63,Plastic,Silver,XL,Universal Fit,261.27,Low
119.95,459,Carbon Fiber,Red,Medium,Custom Fit,245.38,Low
70.56,459,Aluminum,Silver,Small,Custom Fit,235.15,Low
188.75,473,Plastic,Red,Small,Custom Fit,322.62,Low
189.53,261,Carbon Fiber,Gray,Small,Custom Fit,280.14,Low
104.57,438,Steel,Silver,Small,Universal Fit,213.86,Low
31.58,277,Rubber,Red,Small,Universal Fit,122.7,Low
94.45,2,Carbon Fiber,Silver,XL,Custom Fit,182.58,Low
16.97,339,Rubber,Silver,XL,Custom Fit,181.17,Low
132.04,180,Plastic,Black,XL,Custom Fit,267.4,Low
65.13,144,Plastic,Blue,Medium,Custom Fit,173.09,Low
109.08,66,Carbon Fiber,Red,XL,Universal Fit,253.55,Low
88.61,275,Steel,Silver,XL,Custom Fit,235.68,Low
92.65,122,Plastic,Red,XL,Custom Fit,241.52,Low
89.58,84,Aluminum,Gray,XL,Universal Fit,174.41,Low
106.04,227,Carbon Fiber,Gray,XL,Universal Fit,176.22,Low
3.26,489,Plastic,Blue,Large,Custom Fit,124.07,Low
4.62,105,Plastic,Blue,Large,Universal Fit,138.99,Low
111.97,163,Plastic,Blue,Medium,Universal Fit,212.74,Low
76.87,413,Steel,Silver,XL,Universal Fit,149.36,Low
49.51,402,Carbon Fiber,Black,Small,Universal Fit,172.98,Low
6.48,335,Plastic,Black,Medium,Universal Fit,184.19,Low
67.67,34,Rubber,Blue,Medium,Custom Fit,216.6,Low
102.61,205,Plastic,Gray,Medium,Custom Fit,187.46,Low
148.74,138,Plastic,Blue,XL,Universal Fit,212.27,Low
222.84,264,Steel,Blue,Large,Custom Fit,275.72,Low
176.03,471,Aluminum,Blue,Large,Custom Fit,262.05,Low
158.34,417,Plastic,Black,Small,Universal Fit,318.65,Low
157.03,349,Steel,Red,Medium,Custom Fit,340.95,Low
222.19,2,Plastic,Black,Medium,Universal Fit,377.73,Low
176.61,366,Carbon Fiber,Red,XL,Custom Fit,307.59,Low
150.98,228,Rubber,Red,Medium,Universal Fit,208.66,Low
232.13,17,Plastic,Black,Medium,Custom Fit,298.11,Low
266.05,343,Aluminum,Silver,Small,Custom Fit,311.86,Low
169.22,295,Carbon Fiber,Silver,Large,Universal Fit,269.3,Low
255.61,361,Aluminum,Black,Medium,Universal Fit,302.21,Low
239.62,38,Aluminum,Red,XL,Universal Fit,302.81,Low
188.8,273,Plastic,Silver,Large,Universal Fit,263.11,Low
170.66,355,Plastic,Blue,Large,Custom Fit,252.0,Low
199.73,428,Carbon Fiber,Red,Medium,Universal Fit,350.89,Low
134.96,33,Plastic,Gray,Medium,Universal Fit,231.42,Low
180.16,68,Plastic,Blue,Medium,Custom Fit,359.19,Low
210.0,19,Plastic,Blue,Medium,Custom Fit,325.88,Low
69.75,440,Steel,Gray,Medium,Universal Fit,198.23,Low
136.81,469,Rubber,Silver,Large,Custom Fit,176.04,Low
92.51,151,Plastic,Gray,Small,Custom Fit,233.93,Low
129.72,70,Carbon Fiber,Blue,XL,Custom Fit,297.58,Low
152.72,168,Rubber,Gray,XL,Custom Fit,215.31,Low
104.57,409,Aluminum,Blue,Medium,Custom Fit,278.14,Low
160.53,50,Carbon Fiber,Blue,Small,Universal Fit,267.09,Low
163.18,269,Plastic,Red,XL,Universal Fit,254.56,Low
92.42,278,Rubber,Red,Small,Universal Fit,226.37,Low
148.63,147,Plastic,Silver,Small,Universal Fit,253.61,Low
167.85,312,Rubber,Gray,XL,Universal Fit,221.19,Low
178.23,451,Steel,Black,Small,Custom Fit,294.48,Low
57.61,148,Carbon Fiber,Blue,Large,Universal Fit,227.02,Low
117.24,10,Aluminum,Black,Medium,Universal Fit,290.29,Low
106.9,91,Aluminum,Black,Large,Custom Fit,235.01,Low
104.66,148,Rubber,Black,XL,Custom Fit,241.09,Low
71.07,244,Steel,Silver,XL,Universal Fit,240.08,Low
184.87,344,Steel,Black,Small,Custom Fit,290.23,Low
77.36,420,Rubber,Blue,XL,Universal Fit,212.53,Low
129.32,94,Plastic,Gray,Small,Custom Fit,204.94,Low
67.15,422,Plastic,Blue,Small,Custom Fit,206.21,Low
57.74,287,Steel,Red,Large,Custom Fit,165.15,Low
48.87,439,Carbon Fiber,Gray,Large,Custom Fit,183.03,Low
50.41,7,Aluminum,Red,XL,Universal Fit,193.17,Low
310.08,403,Rubber,Black,Medium,Universal Fit,384.61,Low
266.21,110,Rubber,Red,Medium,Custom Fit,362.38,Low
304.39,455,Rubber,Black,Small,Universal Fit,423.58,Low
348.64,143,Plastic,Black,XL,Universal Fit,432.4,Low
272.75,40,Aluminum,Blue,XL,Universal Fit,468.76,Low
252.54,75,Plastic,Red,Medium,Universal Fit,433.33,Low
46.17,340,Plastic,Blue,XL,Universal Fit,149.06,Low
105.14,246,Carbon Fiber,Blue,Large,Universal Fit,219.63,Low
174.85,55,Steel,Red,Small,Custom Fit,301.12,Low
126.89,218,Aluminum,Red,XL,Custom Fit,259.32,Low
147.33,469,Rubber,Blue,Large,Custom Fit,260.25,Low
118.82,76,Carbon Fiber,Blue,Large,Universal Fit,279.61,Low
159.43,463,Plastic,Red,Medium,Universal Fit,233.06,Low
98.58,419,Carbon Fiber,Gray,Medium,Universal Fit,237.09,Low
34.17,269,Rubber,Gray,Large,Custom Fit,114.64,Low
15.15,72,Rubber,Black,Large,Custom Fit,182.29,Low
41.87,159,Rubber,Red,Medium,Universal Fit,153.2,Low
109.37,481,Steel,Red,Small,Custom Fit,144.41,Low
30.06,420,Plastic,Silver,Small,Custom Fit,207.65,Low
29.19,36,Aluminum,Black,XL,Custom Fit,99.86,Low
12.71,401,Steel,Red,Medium,Custom Fit,86.98,Low
63.81,96,Aluminum,Gray,XL,Universal Fit,177.5,Low
15.22,232,Aluminum,Gray,XL,Custom Fit,129.39,Low
15.44,68,Rubber,Black,Large,Custom Fit,128.8,Low
441.29,463,Rubber,Silver,Large,Universal Fit,523.79,Low
481.69,217,Aluminum,Black,Small,Universal Fit,532.06,Low
484.46,422,Steel,Blue,Large,Custom Fit,509.94,Low
485.21,401,Steel,Blue,Medium,Custom Fit,538.41,Low
489.84,318,Aluminum,Silver,XL,Custom Fit,610.79,Low
65.75,400,Plastic,Blue,Small,Custom Fit,191.48,Low
21.27,392,Aluminum,Black,Small,Universal Fit,132.58,Low
49.64,196,Carbon Fiber,Silver,Large,Custom Fit,100.53,Low
118.07,49,Carbon Fiber,Red,Small,Custom Fit,189.34,Low
66.72,209,Rubber,Blue,Small,Universal Fit,148.58,Low
83.92,336,Carbon Fiber,Black,Large,Custom Fit,172.4,Low
68.45,422,Plastic,Black,XL,Universal Fit,184.75,Low
70.52,441,Steel,Black,XL,Custom Fit,160.02,Low
2.69,171,Carbon Fiber,Blue,Large,Custom Fit,103.29,Low
65.82,358,Carbon Fiber,Gray,Large,Custom Fit,213.49,Low
96.71,466,Steel,Red,XL,Universal Fit,234.31,Low
57.58,465,Rubber,Gray,Large,Universal Fit,196.56,Low
88.96,409,Plastic,Black,Small,Custom Fit,273.1,Low
157.29,180,Steel,Black,Small,Custom Fit,226.89,Low
83.27,115,Aluminum,Silver,XL,Custom Fit,201.64,Low
87.68,438,Steel,Red,Large,Universal Fit,242.67,Low
58.63,104,Steel,Black,XL,Universal Fit,120.3,Low
113.6,292,Steel,Red,Large,Custom Fit,184.47,Low
122.42,53,Rubber,Red,Small,Custom Fit,208.92,Low
132.43,275,Aluminum,Black,XL,Universal Fit,293.16,Low
80.44,218,Rubber,Black,Small,Universal Fit,179.49,Low
224.37,332,Aluminum,Red,Large,Universal Fit,412.58,Low
241.71,91,Aluminum,Black,Large,Custom Fit,368.14,Low
318.48,294,Carbon Fiber,Gray,Large,Universal Fit,395.7,Low
361.22,179,Carbon Fiber,Silver,Medium,Custom Fit,462.39,Low
289.15,128,Rubber,Red,XL,Custom Fit,434.79,Low
277.24,135,Steel,Black,XL,Custom Fit,386.09,Low
287.83,259,Steel,Black,XL,Custom Fit,413.19,Low
339.56,388,Rubber,Black,Small,Universal Fit,384.44,Low
323.6,273,Aluminum,Black,Large,Universal Fit,421.54,Low
303.31,327,Carbon Fiber,Silver,Medium,Universal Fit,416.22,Low
297.88,439,Steel,Red,XL,Custom Fit,375.66,Low
224.24,218,Rubber,Red,Medium,Custom Fit,331.72,Low
259.61,13,Rubber,Silver,XL,Custom Fit,397.62,Low
314.11,13,Rubber,Gray,Small,Universal Fit,374.8,Low
258.8,387,Plastic,Gray,XL,Universal Fit,405.75,Low
320.33,378,Aluminum,Red,Large,Universal Fit,382.45,Low
297.92,92,Steel,Gray,Small,Universal Fit,340.36,Low
354.05,363,Steel,Silver,Small,Custom Fit,465.23,Low
59.03,442,Plastic,Blue,Medium,Custom Fit,147.55,Low
89.42,83,Aluminum,Blue,Large,Custom Fit,198.71,Low
1.51,424,Aluminum,Gray,XL,Universal Fit,170.64,Low
92.71,17,Rubber,Red,Small,Universal Fit,233.69,Low
62.39,5,Carbon Fiber,Black,Medium,Custom Fit,180.42,Low
170.39,127,Carbon Fiber,Gray,Medium,Custom Fit,255.9,Low
136.35,364,Rubber,Gray,Medium,Universal Fit,235.92,Low
137.2,208,Rubber,Red,XL,Custom Fit,230.86,Low
58.36,431,Aluminum,Black,XL,Custom Fit,220.46,Low
64.48,190,Steel,Silver,XL,Universal Fit,153.0,Low
50.11,49,Plastic,Gray,XL,Custom Fit,201.78,Low
113.73,13,Aluminum,Blue,Large,Custom Fit,246.93,Low
90.64,163,Steel,Blue,Medium,Custom Fit,198.84,Low
235.34,215,Aluminum,Red,Large,Custom Fit,353.27,Low
307.3,257,Aluminum,Silver,XL,Custom Fit,415.42,Low
271.53,68,Aluminum,Gray,Small,Universal Fit,367.68,Low
67.87,96,Aluminum,Gray,XL,Custom Fit,211.09,Low
3.63,205,Carbon Fiber,Red,XL,Custom Fit,159.23,Low
50.2,23,Aluminum,Gray,Large,Universal Fit,137.05,Low
106.41,78,Aluminum,Silver,Large,Custom Fit,171.93,Low
66.8,373,Plastic,Silver,XL,Universal Fit,178.24,Low
30.18,25,Steel,Red,XL,Universal Fit,179.62,Low
58.52,377,Plastic,Silver,Medium,Custom Fit,225.08,Low
0.93,234,Plastic,Gray,Large,Universal Fit,139.1,Low
92.27,128,Aluminum,Black,XL,Universal Fit,213.45,Low
72.88,426,Plastic,Black,Large,Universal Fit,226.4,Low
189.61,155,Rubber,Red,Small,Universal Fit,366.67,Low
209.05,255,Aluminum,Silver,Medium,Custom Fit,378.92,Low
222.43,274,Aluminum,Silver,XL,Universal Fit,364.91,Low
178.79,271,Rubber,Gray,Medium,Universal Fit,282.93,Low
227.96,248,Rubber,Black,Medium,Universal Fit,289.45,Low
221.15,132,Carbon Fiber,Gray,XL,Universal Fit,286.41,Low
253.72,205,Steel,Blue,Large,Custom Fit,401.09,Low
105.99,98,Carbon Fiber,Black,Large,Custom Fit,274.96,Low
189.26,307,Plastic,Black,Small,Custom Fit,239.26,Low
110.38,14,Carbon Fiber,Red,Medium,Universal Fit,201.57,Low
145.05,223,Aluminum,Blue,Small,Universal Fit,291.53,Low
80.04,58,Aluminum,Gray,Small,Universal Fit,186.63,Low
139.52,150,Carbon Fiber,Red,Medium,Universal Fit,251.53,Low
89.12,13,Aluminum,Blue,Large,Universal Fit,175.02,Low
159.5,106,Carbon Fiber,Silver,Large,Custom Fit,236.81,Low
29.59,196,Carbon Fiber,Blue,Medium,Custom Fit,126.43,Low
32.37,475,Carbon Fiber,Gray,XL,Universal Fit,169.93,Low
139.88,437,Aluminum,Gray,Medium,Custom Fit,271.75,Low
50.29,215,Plastic,Blue,Large,Custom Fit,210.23,Low
132.76,63,Carbon Fiber,Red,Medium,Universal Fit,237.4,Low
90.31,160,Steel,Black,Large,Custom Fit,205.11,Low
51.65,209,Rubber,Silver,Small,Custom Fit,146.28,Low
294.2,487,Plastic,Red,Medium,Universal Fit,409.5,Low
368.8,341,Aluminum,Black,Medium,Custom Fit,417.54,Low
366.46,116,Aluminum,Silver,XL,Custom Fit,490.51,Low
284.61,65,Steel,Blue,Medium,Custom Fit,391.35,Low
237.74,121,Carbon Fiber,Black,Small,Universal Fit,394.11,Low
293.48,19,Aluminum,Blue,Small,Universal Fit,362.94,Low
345.91,1,Plastic,Blue,XL,Universal Fit,459.21,Low
397.43,159,Carbon Fiber,Red,Medium,Custom Fit,495.05,Low
428.61,8,Aluminum,Black,Large,Universal Fit,495.42,Low
471.85,140,Rubber,Red,Small,Custom Fit,591.54,Low
393.81,235,Carbon Fiber,Silver,XL,Custom Fit,447.51,Low
356.48,415,Carbon Fiber,Black,Medium,Custom Fit,499.64,Low
425.79,117,Plastic,Red,Small,Custom Fit,533.79,Low
388.68,97,Rubber,Black,Small,Universal Fit,469.43,Low
466.39,26,Carbon Fiber,Silver,XL,Universal Fit,596.55,Low
386.58,360,Rubber,Silver,Small,Custom Fit,568.14,Low
376.53,237,Rubber,Silver,Small,Custom Fit,443.69,Low
351.04,458,Steel,Gray,Medium,Custom Fit,494.5,Low
383.36,256,Steel,Blue,Medium,Custom Fit,470.4,Low
350.0,106,Steel,Blue,Small,Universal Fit,451.25,Low
338.6,103,Plastic,Red,Large,Custom Fit,477.32,Low
430.73,226,Carbon Fiber,Red,Medium,Universal Fit,553.61,Low
333.33,422,Carbon Fiber,Black,Medium,Universal Fit,500.42,Low
368.26,183,Steel,Silver,Medium,Universal Fit,472.91,Low
397.15,322,Plastic,Blue,XL,Universal Fit,425.78,Low
387.19,404,Carbon Fiber,Silver,Medium,Custom Fit,484.14,Low
27.87,353,Aluminum,Gray,Small,Custom Fit,153.22,Low
96.7,253,Rubber,Black,Small,Custom Fit,175.49,Low
86.92,372,Plastic,Red,Medium,Universal Fit,205.22,Low
87.21,366,Aluminum,Red,Large,Universal Fit,185.91,Low
149.37,415,Plastic,Black,Large,Custom Fit,215.76,Low
57.51,101,Plastic,Red,XL,Universal Fit,153.89,Low
40.39,217,Rubber,Black,Medium,Custom Fit,122.71,Low
7.25,219,Plastic,Black,Large,Universal Fit,125.85,Low
57.0,90,Steel,Silver,Medium,Custom Fit,156.07,Low
102.8,24,Rubber,Red,Large,Universal Fit,217.27,Low
113.99,442,Plastic,Black,Large,Custom Fit,212.47,Low
47.12,216,Steel,Gray,XL,Universal Fit,195.95,Low
12.82,426,Steel,Black,Large,Universal Fit,122.81,Low
44.84,321,Carbon Fiber,Blue,Small,Custom Fit,159.99,Low
98.42,181,Steel,Blue,Medium,Universal Fit,191.43,Low
19.79,381,Steel,Blue,XL,Custom Fit,84.03,Low
23.97,465,Rubber,Black,Small,Universal Fit,144.77,Low
182.15,183,Aluminum,Gray,Large,Custom Fit,283.83,Low
113.07,7,Steel,Silver,Small,Custom Fit,257.91,Low
106.76,127,Rubber,Silver,Large,Custom Fit,208.09,Low
162.29,275,Steel,Gray,Medium,Custom Fit,203.0,Low
94.31,214,Rubber,Silver,Small,Universal Fit,231.96,Low
88.98,419,Plastic,Gray,Large,Custom Fit,249.59,Low
141.03,10,Carbon Fiber,Blue,Medium,Custom Fit,288.75,Low
182.95,466,Carbon Fiber,Black,Large,Universal Fit,259.05,Low
117.38,171,Plastic,Gray,XL,Universal Fit,197.46,Low
139.6,0,Plastic,Black,Small,Custom Fit,243.34,Low
118.11,118,Carbon Fiber,Silver,Large,Custom Fit,274.74,Low
50.04,346,Carbon Fiber,Black,Small,Custom Fit,155.01,Low
98.27,334,Carbon Fiber,Blue,XL,Universal Fit,193.04,Low
78.27,470,Carbon Fiber,Silver,XL,Custom Fit,251.08,Low
104.07,99,Rubber,Red,Large,Custom Fit,276.69,Low
170.07,441,Steel,Red,Medium,Universal Fit,294.98,Low
154.75,12,Plastic,Red,Large,Custom Fit,255.41,Low
162.28,302,Aluminum,Red,Large,Universal Fit,233.55,Low
125.76,454,Steel,Blue,Small,Universal Fit,183.79,Low
106.21,372,Rubber,Blue,XL,Universal Fit,236.31,Low
59.65,9,Plastic,Silver,Small,Custom Fit,173.37,Low
171.37,94,Carbon Fiber,Gray,XL,Universal Fit,202.48,Low
131.53,379,Carbon Fiber,Gray,Large,Universal Fit,198.73,Low
154.02,436,Aluminum,Gray,Large,Custom Fit,260.53,Low
115.05,481,Rubber,Blue,XL,Custom Fit,191.24,Low
164.88,259,Carbon Fiber,Black,Medium,Universal Fit,270.0,Low
140.17,332,Rubber,Blue,Small,Custom Fit,226.56,Low
100.42,300,Aluminum,Black,Medium,Universal Fit,197.96,Low
64.51,86,Carbon Fiber,Silver,XL,Custom Fit,244.76,Low
103.06,412,Steel,Gray,XL,Universal Fit,168.14,Low
121.69,215,Carbon Fiber,Gray,Large,Universal Fit,239.23,Low
62.13,141,Rubber,Black,Medium,Custom Fit,198.37,Low
53.39,386,Rubber,Gray,Medium,Universal Fit,164.34,Low
55.48,309,Carbon Fiber,Black,XL,Custom Fit,142.3,Low
29.97,136,Aluminum,Blue,Small,Universal Fit,205.75,Low
74.3,178,Rubber,Silver,Small,Universal Fit,176.71,Low
123.52,435,Rubber,Red,Small,Universal Fit,193.11,Low
45.6,459,Steel,Silver,Small,Custom Fit,166.49,Low
95.77,452,Rubber,Silver,Large,Universal Fit,208.02,Low
11.07,32,Rubber,Silver,Medium,Custom Fit,193.2,Low
34.0,276,Plastic,Black,Small,Custom Fit,136.91,Low
85.65,327,Plastic,Blue,Small,Universal Fit,259.46,Low
45.53,293,Steel,Red,Small,Universal Fit,143.36,Low
94.58,278,Plastic,Black,Small,Custom Fit,261.15,Low
70.88,134,Rubber,Black,Small,Custom Fit,194.54,Low
118.17,315,Rubber,Silver,Large,Universal Fit,212.16,Low
11.16,217,Steel,Gray,XL,Custom Fit,82.22,Low
39.92,32,Carbon Fiber,Black,XL,Custom Fit,145.52,Low
7.02,19,Aluminum,Blue,Large,Universal Fit,173.61,Low
120.64,452,Carbon Fiber,Red,Large,Universal Fit,244.04,Low
222.45,423,Steel,Blue,Small,Custom Fit,324.97,Low
166.98,268,Steel,Blue,XL,Custom Fit,311.57,Low
90.96,390,Plastic,Blue,Medium,Custom Fit,250.08,Low
135.58,23,Steel,Red,Medium,Custom Fit,317.98,Low
156.21,183,Carbon Fiber,Black,Small,Universal Fit,304.43,Low
166.19,229,Aluminum,Red,Large,Universal Fit,312.28,Low
139.6,185,Steel,Silver,Medium,Custom Fit,323.66,Low
108.88,485,Plastic,Red,XL,Universal Fit,227.65,Low
233.63,358,Steel,Gray,Small,Custom Fit,256.73,Low
188.82,24,Rubber,Gray,XL,Universal Fit,322.83,Low
155.85,5,Plastic,Blue,Large,Universal Fit,295.44,Low
101.17,164,Steel,Red,XL,Custom Fit,206.07,Low
272.1,33,Plastic,Blue,Small,Universal Fit,399.79,Low
310.9,455,Steel,Black,XL,Universal Fit,426.74,Low
262.89,481,Steel,Silver,Small,Custom Fit,367.26,Low
237.87,430,Plastic,Red,Large,Universal Fit,350.77,Low
8.07,251,Aluminum,Silver,Small,Custom Fit,114.12,Low
35.48,243,Steel,Black,Medium,Custom Fit,106.0,Low
86.58,164,Carbon Fiber,Blue,Medium,Universal Fit,246.02,Low
84.03,153,Carbon Fiber,Blue,XL,Custom Fit,192.03,Low
94.68,51,Carbon Fiber,Gray,Large,Universal Fit,139.54,Low
46.09,124,Carbon Fiber,Black,Medium,Universal Fit,137.15,Low
90.96,100,Plastic,Red,Medium,Universal Fit,177.93,Low
97.89,371,Steel,Silver,XL,Universal Fit,218.09,Low
43.76,129,Aluminum,Blue,Medium,Universal Fit,124.52,Low
45.29,491,Carbon Fiber,Red,Small,Universal Fit,172.07,Low
21.46,238,Carbon Fiber,Red,XL,Custom Fit,162.2,Low
26.72,463,Steel,Blue,XL,Universal Fit,141.37,Low
102.88,366,Rubber,Silver,Large,Universal Fit,209.61,Low
87.81,309,Carbon Fiber,Blue,XL,Custom Fit,205.59,Low
104.73,421,Aluminum,Blue,Small,Custom Fit,238.19,Low
8.58,467,Aluminum,Black,Medium,Universal Fit,136.52,Low
139.02,186,Steel,Red,XL,Universal Fit,201.63,Low
104.07,429,Plastic,Black,XL,Custom Fit,248.28,Low
110.63,61,Rubber,Black,Large,Custom Fit,183.78,Low
45.24,452,Aluminum,Red,Small,Custom Fit,209.98,Low
13.74,125,Rubber,Blue,Medium,Custom Fit,106.43,Low
41.29,130,Carbon Fiber,Red,Medium,Custom Fit,127.99,Low
12.96,389,Rubber,Silver,XL,Custom Fit,102.02,Low
97.08,211,Plastic,Silver,Large,Universal Fit,180.59,Low
16.49,453,Aluminum,Red,Medium,Custom Fit,173.18,Low
108.4,268,Rubber,Red,Large,Custom Fit,192.66,Low
21.16,200,Carbon Fiber,Silver,Large,Universal Fit,162.71,Low
90.84,479,Steel,Silver,XL,Custom Fit,205.12,Low
60.51,25,Plastic,Black,Small,Universal Fit,169.86,Low
65.7,228,Plastic,Silver,Medium,Universal Fit,219.03,Low
138.66,432,Plastic,Gray,Small,Universal Fit,252.06,Low
67.36,52,Rubber,Gray,Medium,Universal Fit,136.81,Low
71.8,157,Steel,Silver,XL,Universal Fit,139.51,Low
132.07,80,Carbon Fiber,Black,Small,Universal Fit,233.85,Low
99.98,100,Aluminum,Gray,Small,Universal Fit,204.68,Low
33.25,437,Aluminum,Silver,Large,Universal Fit,182.91,Low
71.98,258,Carbon Fiber,Blue,Small,Custom Fit,145.74,Low
91.36,377,Aluminum,Blue,Large,Custom Fit,140.74,Low
3.0,423,Aluminum,Blue,XL,Universal Fit,128.54,Low
99.69,439,Plastic,Silver,Large,Custom Fit,212.88,Low
121.27,62,Carbon Fiber,Black,Medium,Universal Fit,162.82,Low
86.86,416,Rubber,Silver,XL,Custom Fit,198.74,Low
33.2,399,Carbon Fiber,Blue,Small,Custom Fit,145.52,Low
113.05,224,Plastic,Blue,XL,Custom Fit,202.64,Low
96.54,375,Plastic,Red,Large,Custom Fit,252.17,Low
153.58,431,Aluminum,Silver,Large,Custom Fit,195.45,Low
111.32,48,Plastic,Blue,XL,Custom Fit,168.72,Low
97.57,296,Plastic,Gray,XL,Custom Fit,158.63,Low
19.75,491,Rubber,Black,Small,Custom Fit,175.95,Low
106.28,454,Steel,Black,Small,Custom Fit,167.68,Low
87.12,384,Aluminum,Black,Small,Custom Fit,171.0,Low
91.91,325,Aluminum,Gray,XL,Custom Fit,226.31,Low
115.04,200,Aluminum,Silver,Small,Custom Fit,183.44,Low
50.63,295,Aluminum,Blue,Large,Custom Fit,167.53,Low
32.71,445,Carbon Fiber,Red,Large,Universal Fit,177.45,Low
84.48,191,Steel,Silver,Medium,Custom Fit,141.47,Low
34.47,40,Steel,Black,XL,Universal Fit,121.91,Low
68.44,419,Steel,Red,Large,Custom Fit,243.56,Low
28.66,331,Plastic,Red,Small,Custom Fit,96.66,Low
113.05,47,Steel,Silver,Small,Universal Fit,242.7,Low
68.66,29,Aluminum,Red,Medium,Custom Fit,160.23,Low
38.3,287,Rubber,Black,Medium,Custom Fit,92.01,Low
119.24,260,Carbon Fiber,Red,Small,Universal Fit,198.62,Low
52.54,34,Plastic,Black,Medium,Custom Fit,116.24,Low
12.71,142,Aluminum,Blue,Small,Universal Fit,105.59,Low
24.87,31,Steel,Blue,Large,Universal Fit,74.63,Low
55.0,489,Carbon Fiber,Black,Medium,Custom Fit,138.92,Low
61.16,11,Steel,Black,XL,Universal Fit,146.58,Low
85.28,500,Aluminum,Red,Small,Custom Fit,147.27,Low
77.95,172,Aluminum,Gray,Medium,Universal Fit,149.62,Low
86.86,283,Rubber,Silver,Large,Universal Fit,140.53,Low
128.96,489,Carbon Fiber,Red,XL,Custom Fit,205.75,Low
20.9,118,Steel,Blue,Small,Custom Fit,156.99,Low
95.37,268,Plastic,Blue,XL,Universal Fit,199.17,Low
42.05,447,Carbon Fiber,Black,Medium,Custom Fit,102.82,Low
16.78,331,Rubber,Silver,XL,Custom Fit,153.27,Low
60.53,417,Aluminum,Black,Large,Custom Fit,127.73,Low
55.88,115,Steel,Gray,Small,Universal Fit,180.86,Low
96.26,413,Plastic,Silver,Small,Custom Fit,176.21,Low
22.1,39,Steel,Red,Medium,Custom Fit,92.53,Low
99.44,363,Plastic,Gray,Large,Custom Fit,184.18,Low
33.28,27,Carbon Fiber,Silver,Small,Universal Fit,182.97,Low
100.82,267,Rubber,Red,Large,Custom Fit,196.35,Low
97.68,357,Aluminum,Blue,Small,Universal Fit,169.32,Low
79.01,367,Steel,Gray,Small,Universal Fit,221.72,Low
46.94,1,Rubber,Black,Medium,Custom Fit,105.54,Low
32.83,354,Plastic,Black,Medium,Custom Fit,143.16,Low
92.37,259,Plastic,Gray,Small,Custom Fit,203.75,Low
58.7,58,Rubber,Red,Large,Universal Fit,159.88,Low
47.82,149,Steel,Blue,XL,Custom Fit,172.65,Low
34.63,149,Rubber,Gray,Large,Universal Fit,153.59,Low
106.01,110,Aluminum,Silver,Small,Universal Fit,187.17,Low
44.6,448,Plastic,Gray,Large,Universal Fit,134.09,Low
27.65,363,Rubber,Black,Small,Custom Fit,151.67,Low
55.68,331,Rubber,Gray,Small,Custom Fit,115.16,Low
43.63,84,Steel,Silver,XL,Universal Fit,155.52,Low
56.11,127,Carbon Fiber,Red,Medium,Universal Fit,156.32,Low
46.95,340,Rubber,Blue,Small,Universal Fit,108.0,Low
75.81,323,Aluminum,Black,Small,Universal Fit,113.39,Low
98.24,485,Plastic,Red,XL,Custom Fit,190.05,Low
93.83,297,Carbon Fiber,Silver,XL,Universal Fit,192.06,Low
70.71,495,Aluminum,Black,XL,Universal Fit,186.31,Low
68.25,356,Plastic,Gray,XL,Custom Fit,218.67,Low
8.33,331,Aluminum,Black,Small,Custom Fit,103.62,Low
30.36,152,Plastic,Gray,XL,Universal Fit,108.2,Low
112.22,89,Plastic,Blue,Small,Universal Fit,210.93,Low
59.48,225,Plastic,Blue,XL,Custom Fit,187.56,Low
42.53,42,Aluminum,Black,XL,Universal Fit,220.7,Low
30.39,290,Aluminum,Red,Small,Universal Fit,133.75,Low
2.92,381,Rubber,Gray,Medium,Universal Fit,139.52,Low
1.31,417,Steel,Gray,Large,Universal Fit,92.35,Low
72.95,461,Aluminum,Red,Large,Custom Fit,180.73,Low
76.31,67,Steel,Red,Medium,Universal Fit,128.57,Low
114.56,158,Plastic,Black,Medium,Custom Fit,185.65,Low
41.57,39,Steel,Gray,Large,Universal Fit,107.48,Low
92.88,301,Carbon Fiber,Black,Small,Custom Fit,149.69,Low
40.18,395,Carbon Fiber,Black,XL,Universal Fit,130.15,Low
46.08,321,Steel,Silver,Small,Custom Fit,136.97,Low
15.34,404,Rubber,Silver,XL,Universal Fit,154.85,Low
10.84,171,Plastic,Silver,Medium,Custom Fit,99.61,Low
80.43,137,Aluminum,Red,Small,Universal Fit,189.52,Low
102.6,195,Aluminum,Black,Small,Custom Fit,215.25,Low
61.13,75,Steel,Black,Large,Universal Fit,103.92,Low
33.91,187,Plastic,Gray,Medium,Custom Fit,184.07,Low
68.22,237,Aluminum,Blue,Small,Custom Fit,171.11,Low
91.51,402,Steel,Gray,Large,Universal Fit,233.52,Low
57.41,499,Steel,Red,Large,Custom Fit,185.05,Low
2.95,70,Rubber,Gray,XL,Custom Fit,181.49,Low
107.27,59,Plastic,Blue,Medium,Universal Fit,177.2,Low
76.27,272,Plastic,Gray,Small,Universal Fit,139.82,Low
5.68,80,Steel,Gray,XL,Custom Fit,138.76,Low
42.79,162,Steel,Red,Medium,Universal Fit,124.77,Low
38.46,469,Plastic,Black,Small,Universal Fit,81.99,Low
71.41,119,Steel,Red,Small,Custom Fit,228.57,Low
91.25,43,Carbon Fiber,Blue,Small,Custom Fit,199.99,Low
74.25,334,Rubber,Gray,Medium,Custom Fit,155.86,Low
6.14,435,Steel,Blue,Small,Custom Fit,126.06,Low
71.79,419,Aluminum,Silver,Small,Custom Fit,153.32,Low
15.47,124,Steel,Red,XL,Custom Fit,73.36,Low
58.19,219,Rubber,Black,Small,Universal Fit,190.44,Low
35.15,382,Steel,Red,Small,Custom Fit,107.14,Low
112.97,353,Steel,Gray,Large,Custom Fit,194.67,Low
57.34,183,Rubber,Blue,Large,Custom Fit,113.86,Low
48.11,104,Steel,Black,Large,Custom Fit,136.36,Low
31.93,325,Aluminum,Blue,Large,Custom Fit,95.27,Low
110.65,186,Steel,Black,XL,Universal Fit,151.31,Low
318.1,438,Aluminum,Gray,XL,Custom Fit,457.08,Low
364.98,180,Carbon Fiber,Blue,XL,Custom Fit,479.42,Low
367.48,139,Carbon Fiber,Red,Large,Custom Fit,446.94,Low
304.4,298,Rubber,Red,Medium,Universal Fit,439.05,Low
344.64,457,Plastic,Gray,Small,Universal Fit,475.96,Low
69.17,116,Plastic,Silver,Large,Custom Fit,160.17,Low
16.24,157,Steel,Blue,Large,Universal Fit,130.79,Low
104.78,492,Plastic,Blue,Medium,Custom Fit,223.61,Low
45.39,336,Plastic,Black,XL,Universal Fit,168.83,Low
101.54,421,Rubber,Blue,Small,Custom Fit,196.5,Low
91.96,410,Plastic,Red,XL,Custom Fit,246.87,Low
157.93,348,Rubber,Blue,Large,Custom Fit,224.58,Low
45.4,446,Carbon Fiber,Silver,XL,Universal Fit,143.64,Low
62.08,320,Aluminum,Gray,Medium,Custom Fit,157.34,Low
55.03,121,Plastic,Silver,Medium,Universal Fit,177.58,Low
17.54,106,Plastic,Blue,Large,Custom Fit,193.97,Low
93.24,282,Rubber,Blue,XL,Universal Fit,160.51,Low
364.54,409,Plastic,Gray,Small,Custom Fit,448.75,Low
317.66,425,Rubber,Gray,Small,Custom Fit,410.61,Low
345.98,287,Rubber,Blue,Large,Custom Fit,443.81,Low
395.33,319,Aluminum,Blue,XL,Universal Fit,473.3,Low
343.11,171,Steel,Silver,Large,Custom Fit,476.91,Low
341.72,259,Carbon Fiber,Gray,Medium,Custom Fit,465.18,Low
302.13,178,Carbon Fiber,Blue,XL,Universal Fit,398.06,Low
285.03,197,Aluminum,Blue,Large,Custom Fit,443.72,Low
345.65,359,Rubber,Blue,XL,Custom Fit,427.01,Low
399.61,28,Steel,Red,Medium,Custom Fit,477.8,Low
160.68,478,Carbon Fiber,Blue,Large,Universal Fit,325.81,Low
201.1,168,Carbon Fiber,Red,XL,Custom Fit,334.91,Low
166.96,483,Plastic,Gray,Medium,Universal Fit,268.44,Low
211.88,484,Carbon Fiber,Silver,XL,Custom Fit,337.66,Low
193.95,312,Steel,Blue,Large,Custom Fit,297.63,Low
175.03,285,Carbon Fiber,Red,Small,Universal Fit,325.86,Low
174.36,300,Rubber,Silver,Medium,Custom Fit,309.84,Low
118.57,279,Aluminum,Red,Small,Custom Fit,201.05,Low
199.72,57,Carbon Fiber,Gray,XL,Custom Fit,285.77,Low
170.21,51,Steel,Blue,Small,Custom Fit,247.46,Low
259.89,390,Plastic,Gray,Small,Universal Fit,358.18,Low
182.05,426,Plastic,Red,XL,Universal Fit,240.36,Low
131.52,149,Plastic,Gray,Medium,Universal Fit,270.54,Low
111.96,435,Aluminum,Gray,XL,Custom Fit,203.8,Low
197.24,287,Carbon Fiber,Silver,XL,Universal Fit,257.96,Low
197.41,22,Plastic,Black,Small,Universal Fit,325.73,Low
194.71,337,Aluminum,Black,Small,Custom Fit,331.07,Low
122.52,261,Aluminum,Black,Small,Custom Fit,271.59,Low
192.24,251,Carbon Fiber,Red,XL,Custom Fit,304.45,Low
190.38,447,Aluminum,Black,Medium,Custom Fit,254.53,Low
184.29,443,Carbon Fiber,Gray,Large,Custom Fit,304.39,Low
214.54,115,Steel,Gray,Small,Custom Fit,310.9,Low
186.97,143,Aluminum,Black,Medium,Custom Fit,311.43,Low
211.7,227,Rubber,Silver,Small,Custom Fit,300.2,Low
189.19,71,Steel,Black,Large,Custom Fit,264.3,Low
192.16,470,Rubber,Silver,Large,Custom Fit,297.4,Low
146.7,336,Steel,Red,Medium,Custom Fit,277.63,Low
165.9,220,Rubber,Blue,XL,Custom Fit,217.96,Low
133.04,265,Plastic,Red,XL,Universal Fit,237.46,Low
117.23,353,Plastic,Blue,Large,Universal Fit,225.47,Low
213.77,129,Plastic,Blue,XL,Custom Fit,342.92,Low
231.97,112,Plastic,Red,Small,Universal Fit,310.93,Low
252.24,131,Rubber,Red,Large,Custom Fit,330.05,Low
141.34,92,Aluminum,Silver,Small,Custom Fit,235.2,Low
162.27,188,Plastic,Silver,Small,Universal Fit,261.82,Low
186.48,178,Carbon Fiber,Black,XL,Universal Fit,268.29,Low
188.89,261,Plastic,Black,Large,Custom Fit,250.81,Low
179.37,234,Rubber,Blue,XL,Universal Fit,286.69,Low
133.92,135,Rubber,Blue,Small,Universal Fit,256.08,Low
189.71,399,Plastic,Red,XL,Universal Fit,328.52,Low
87.51,112,Carbon Fiber,Gray,XL,Universal Fit,217.19,Low
150.04,499,Rubber,Gray,Medium,Custom Fit,249.03,Low
177.52,285,Steel,Gray,Medium,Custom Fit,290.87,Low
178.89,487,Steel,Red,Small,Universal Fit,269.06,Low
96.78,192,Aluminum,Gray,Small,Universal Fit,249.04,Low
38.74,384,Carbon Fiber,Silver,XL,Universal Fit,159.2,Low
119.88,127,Steel,Blue,Large,Custom Fit,268.23,Low
100.76,116,Rubber,Blue,Small,Universal Fit,206.15,Low
141.63,365,Carbon Fiber,Black,Large,Universal Fit,249.0,Low
24.29,318,Steel,Red,Small,Custom Fit,143.93,Low
60.87,15,Steel,Black,Small,Universal Fit,205.51,Low
1.01,176,Aluminum,Blue,Small,Custom Fit,155.01,Low
107.51,177,Aluminum,Silver,Medium,Universal Fit,133.12,Low
51.86,141,Carbon Fiber,Red,Small,Custom Fit,214.19,Low
112.03,433,Plastic,Gray,Small,Universal Fit,161.82,Low
60.53,82,Rubber,Gray,Medium,Universal Fit,111.14,Low
21.74,340,Plastic,Black,XL,Custom Fit,162.49,Low
47.2,358,Aluminum,Silver,XL,Universal Fit,112.27,Low
42.89,4,Aluminum,Gray,Large,Universal Fit,150.78,Low
73.44,145,Plastic,Gray,XL,Universal Fit,196.11,Low
395.18,317,Plastic,Gray,XL,Custom Fit,493.37,Low
407.37,46,Plastic,Silver,Medium,Universal Fit,484.09,Low
10.15,461,Rubber,Silver,XL,Universal Fit,118.54,Low
43.16,251,Steel,Red,Medium,Universal Fit,178.28,Low
50.21,266,Rubber,Black,Medium,Universal Fit,202.73,Low
558.48,432,Rubber,Black,XL,Universal Fit,700.64,Low
560.09,212,Plastic,Gray,Large,Universal Fit,684.95,Low
105.79,469,Carbon Fiber,Blue,Medium,Universal Fit,255.17,Low
44.88,368,Aluminum,Black,XL,Universal Fit,211.27,Low
75.02,287,Aluminum,Gray,XL,Custom Fit,211.45,Low
99.99,409,Steel,Gray,Large,Custom Fit,242.51,Low
121.83,464,Rubber,Red,Large,Custom Fit,248.57,Low
85.4,256,Steel,Blue,Medium,Universal Fit,201.63,Low
102.21,30,Carbon Fiber,Red,XL,Custom Fit,165.13,Low
73.57,13,Plastic,Silver,Large,Custom Fit,211.82,Low
12.15,437,Rubber,Silver,Large,Universal Fit,60.6,Low
7.34,404,Rubber,Gray,Small,Universal Fit,65.48,Low
14.59,285,Aluminum,Blue,XL,Custom Fit,91.63,Low
47.23,319,Aluminum,Black,Medium,Universal Fit,226.0,Low
212.61,460,Rubber,Silver,Large,Custom Fit,288.09,Low
92.28,167,Aluminum,Silver,Large,Custom Fit,212.59,Low
113.37,271,Rubber,Silver,Large,Universal Fit,271.9,Low
61.05,281,Aluminum,Black,Small,Universal Fit,122.55,Low
86.34,24,Steel,Black,Small,Universal Fit,168.88,Low
95.13,207,Rubber,Silver,Small,Custom Fit,137.29,Low
87.85,39,Carbon Fiber,Silver,Small,Universal Fit,189.29,Low
58.07,131,Aluminum,Red,Small,Universal Fit,177.17,Low
121.79,118,Steel,Red,Small,Universal Fit,220.23,Low
8.37,326,Aluminum,Black,Small,Custom Fit,150.49,Low
69.52,285,Steel,Black,XL,Universal Fit,181.84,Low
2.06,100,Rubber,Red,XL,Custom Fit,133.08,Low
51.97,83,Plastic,Silver,XL,Universal Fit,105.02,Low
33.54,83,Rubber,Black,Small,Custom Fit,175.53,Low
141.69,289,Carbon Fiber,Black,Medium,Custom Fit,262.62,Low
189.03,96,Plastic,Blue,Medium,Custom Fit,320.31,Low
120.68,377,Aluminum,Black,XL,Universal Fit,270.47,Low
85.57,18,Rubber,Red,Small,Custom Fit,243.78,Low
8.84,408,Plastic,Gray,XL,Universal Fit,99.91,Low
56.3,147,Rubber,Blue,XL,Custom Fit,169.98,Low
74.34,70,Carbon Fiber,Silver,Small,Universal Fit,170.53,Low
56.47,21,Rubber,Blue,Medium,Universal Fit,173.04,Low
69.28,121,Plastic,Silver,Small,Universal Fit,166.0,Low
211.89,138,Aluminum,Red,Small,Custom Fit,252.23,Low
198.01,338,Plastic,Black,Medium,Custom Fit,273.54,Low
21.45,187,Carbon Fiber,Silver,Large,Universal Fit,166.29,Low
112.06,271,Rubber,Silver,XL,Universal Fit,209.85,Low
140.13,333,Rubber,Red,Medium,Universal Fit,231.93,Low
6.17,279,Aluminum,Blue,XL,Universal Fit,186.0,Low
27.27,367,Plastic,Silver,Medium,Universal Fit,160.76,Low
45.25,104,Aluminum,Black,Medium,Custom Fit,165.72,Low
274.43,318,Plastic,Black,Small,Custom Fit,408.57,Low
252.98,251,Steel,Gray,Small,Universal Fit,358.69,Low
343.33,75,Carbon Fiber,Silver,Large,Universal Fit,378.34,Low
263.8,108,Aluminum,Black,Medium,Universal Fit,441.05,Low
81.6,492,Aluminum,Red,XL,Universal Fit,199.25,Low
23.36,326,Aluminum,Gray,XL,Custom Fit,125.37,Low
24.0,415,Rubber,Black,Medium,Universal Fit,102.0,Low
55.92,427,Carbon Fiber,Gray,Medium,Custom Fit,105.56,Low
17.16,40,Rubber,Black,Large,Universal Fit,144.78,Low
49.67,499,Plastic,Blue,Large,Universal Fit,149.48,Low
72.49,444,Steel,Blue,Medium,Custom Fit,187.53,Low
61.83,103,Carbon Fiber,Gray,Small,Custom Fit,202.74,Low
83.42,490,Steel,Black,Medium,Universal Fit,158.57,Low
55.64,7,Carbon Fiber,Red,XL,Custom Fit,196.81,Low
14.99,158,Rubber,Red,Small,Custom Fit,131.01,Low
42.09,467,Plastic,Gray,Medium,Custom Fit,155.9,Low
9.52,361,Rubber,Gray,Medium,Universal Fit,130.26,Low
45.19,482,Aluminum,Black,Small,Custom Fit,223.27,Low
68.1,381,Steel,Blue,Medium,Custom Fit,168.4,Low
9.66,361,Aluminum,Blue,Large,Universal Fit,100.89,Low
33.56,329,Rubber,Red,XL,Universal Fit,179.91,Low
192.04,57,Rubber,Red,Small,Universal Fit,280.45,Low
218.34,496,Aluminum,Gray,Medium,Universal Fit,378.68,Low
293.27,227,Carbon Fiber,Black,XL,Custom Fit,370.76,Low
215.75,325,Rubber,Red,Large,Universal Fit,397.53,Low
95.4,114,Rubber,Red,Large,Custom Fit,222.9,Low
6.67,44,Plastic,Gray,XL,Universal Fit,133.71,Low
50.54,2,Rubber,Silver,XL,Universal Fit,146.61,Low
50.02,337,Carbon Fiber,Silver,Large,Universal Fit,94.06,Low
181.63,72,Aluminum,Gray,Large,Universal Fit,252.05,Low
79.76,12,Aluminum,Black,Large,Universal Fit,152.26,Low
17.65,243,Carbon Fiber,Blue,Small,Custom Fit,99.81,Low
30.44,45,Rubber,Red,Small,Custom Fit,86.58,Low
3.75,374,Aluminum,Gray,Large,Universal Fit,117.76,Low
55.0,116,Rubber,Silver,XL,Universal Fit,135.15,Low
80.41,257,Rubber,Black,Small,Custom Fit,178.17,Low
10.65,119,Carbon Fiber,Gray,Large,Universal Fit,45.36,Low
397.64,36,Carbon Fiber,Silver,XL,Universal Fit,555.29,Low
315.48,364,Steel,Blue,Small,Custom Fit,428.31,Low
391.62,383,Rubber,Gray,Medium,Universal Fit,513.93,Low
446.87,50,Rubber,Black,XL,Custom Fit,497.7,Low
311.69,207,Steel,Red,Medium,Universal Fit,421.77,Low
49.96,105,Plastic,Blue,Small,Custom Fit,119.74,Low
93.6,43,Steel,Blue,Medium,Custom Fit,225.82,Low
17.08,201,Rubber,Black,XL,Custom Fit,172.15,Low
56.76,122,Steel,Silver,Medium,Custom Fit,163.88,Low
45.95,432,Aluminum,Gray,XL,Custom Fit,189.86,Low
122.59,371,Plastic,Red,XL,Custom Fit,165.89,Low
130.76,392,Rubber,Gray,Medium,Custom Fit,240.14,Low
160.34,61,Rubber,Red,XL,Custom Fit,242.19,Low
69.35,146,Aluminum,Silver,Small,Custom Fit,189.53,Low
63.69,251,Carbon Fiber,Blue,Large,Custom Fit,143.78,Low
94.27,421,Carbon Fiber,Black,Small,Universal Fit,207.2,Low
39.03,491,Steel,Gray,Small,Custom Fit,119.73,Low
51.31,331,Aluminum,Gray,XL,Custom Fit,174.65,Low
70.61,448,Rubber,Silver,XL,Universal Fit,258.43,Low
13.09,462,Carbon Fiber,Red,Small,Universal Fit,195.85,Low
65.8,416,Rubber,Black,Medium,Custom Fit,229.55,Low
102.77,378,Steel,Black,Medium,Universal Fit,247.15,Low
91.91,227,Carbon Fiber,Gray,Small,Custom Fit,210.78,Low
71.31,162,Plastic,Red,Small,Universal Fit,229.42,Low
55.66,480,Aluminum,Blue,Small,Custom Fit,204.84,Low
78.31,132,Steel,Red,XL,Universal Fit,198.88,Low
72.18,426,Rubber,Silver,Medium,Custom Fit,229.82,Low
157.43,440,Rubber,Red,XL,Universal Fit,246.34,Low
47.42,7,Aluminum,Gray,Medium,Custom Fit,220.9,Low
66.62,24,Rubber,Gray,Large,Custom Fit,203.09,Low
67.0,362,Steel,Blue,Large,Universal Fit,220.61,Low
84.46,366,Rubber,Gray,Small,Universal Fit,232.75,Low
91.07,244,Plastic,Blue,Small,Universal Fit,125.41,Low
96.48,428,Rubber,Black,Medium,Custom Fit,230.04,Low
13.26,160,Rubber,Red,XL,Custom Fit,144.73,Low
149.48,413,Aluminum,Silver,Large,Custom Fit,215.52,Low
108.26,100,Steel,Silver,Medium,Universal Fit,221.17,Low
156.6,316,Aluminum,Red,Medium,Custom Fit,236.45,Low
131.73,407,Carbon Fiber,Gray,Medium,Universal Fit,225.27,Low
144.41,31,Carbon Fiber,Silver,Small,Custom Fit,192.65,Low
96.22,46,Rubber,Red,Medium,Custom Fit,282.43,Low
187.99,311,Aluminum,Black,Large,Custom Fit,240.82,Low
112.27,442,Rubber,Gray,Large,Universal Fit,156.79,Low
92.9,246,Aluminum,Gray,Small,Universal Fit,263.61,Low
190.96,364,Aluminum,Blue,XL,Custom Fit,295.47,Low
92.13,154,Aluminum,Red,Medium,Universal Fit,223.8,Low
65.48,8,Carbon Fiber,Gray,Medium,Custom Fit,188.14,Low
103.16,64,Aluminum,Red,Large,Universal Fit,165.07,Low
78.31,422,Plastic,Silver,XL,Universal Fit,114.39,Low
136.72,93,Steel,Black,Medium,Universal Fit,180.72,Low
45.22,133,Carbon Fiber,Gray,Small,Universal Fit,166.24,Low
65.9,155,Carbon Fiber,Gray,XL,Custom Fit,222.71,Low
43.88,186,Rubber,Blue,XL,Universal Fit,225.61,Low
130.05,435,Steel,Silver,Medium,Universal Fit,214.41,Low
47.94,105,Steel,Silver,Large,Universal Fit,137.33,Low
92.04,38,Rubber,Gray,Small,Universal Fit,200.26,Low
124.88,159,Steel,Black,XL,Custom Fit,246.77,Low
41.71,90,Rubber,Black,Medium,Universal Fit,138.09,Low
126.99,271,Carbon Fiber,Black,Medium,Custom Fit,220.16,Low
67.68,104,Rubber,Red,Medium,Universal Fit,156.07,Low
101.45,271,Aluminum,Red,Medium,Custom Fit,253.57,Low
133.66,366,Rubber,Black,Medium,Custom Fit,238.14,Low
161.59,63,Rubber,Black,Medium,Custom Fit,225.98,Low
84.96,242,Aluminum,Black,Medium,Custom Fit,181.9,Low
120.13,259,Carbon Fiber,Black,Small,Custom Fit,206.7,Low
154.69,382,Plastic,Black,Medium,Custom Fit,196.97,Low
80.25,37,Carbon Fiber,Silver,Medium,Universal Fit,215.57,Low
73.0,364,Plastic,Silver,Small,Universal Fit,193.92,Low
53.93,341,Carbon Fiber,Red,Small,Custom Fit,217.75,Low
161.1,118,Rubber,Silver,Small,Custom Fit,214.76,Low
119.19,323,Rubber,Red,Small,Universal Fit,215.26,Low
129.1,67,Carbon Fiber,Gray,XL,Universal Fit,210.37,Low
71.77,182,Carbon Fiber,Blue,Medium,Universal Fit,134.2,Low
108.98,145,Rubber,Silver,Medium,Universal Fit,231.02,Low
67.52,118,Rubber,Blue,Large,Custom Fit,211.1,Low
96.93,368,Aluminum,Blue,XL,Custom Fit,207.21,Low
95.49,180,Steel,Gray,Medium,Universal Fit,209.96,Low
56.71,146,Aluminum,Blue,Large,Universal Fit,243.99,Low
165.67,341,Rubber,Gray,Small,Universal Fit,225.99,Low
55.32,277,Steel,Blue,Large,Universal Fit,193.28,Low
88.87,300,Rubber,Gray,XL,Custom Fit,162.03,Low
100.53,111,Carbon Fiber,Black,XL,Custom Fit,211.34,Low
103.09,489,Rubber,Silver,Small,Custom Fit,228.67,Low
90.74,356,Carbon Fiber,Blue,XL,Custom Fit,222.27,Low
56.18,385,Aluminum,Gray,Large,Universal Fit,226.13,Low
103.37,273,Steel,Blue,Medium,Universal Fit,252.5,Low
87.68,145,Rubber,Gray,XL,Custom Fit,221.67,Low
81.35,291,Steel,Silver,Small,Universal Fit,240.79,Low
159.67,500,Aluminum,Blue,XL,Custom Fit,263.54,Low
138.39,170,Plastic,Blue,Small,Universal Fit,255.43,Low
61.29,441,Plastic,Gray,Large,Universal Fit,153.19,Low
116.56,211,Plastic,Gray,Medium,Universal Fit,216.49,Low
475.0,81,Rubber,Black,XL,Universal Fit,573.21,Low
496.53,477,Steel,Silver,Small,Custom Fit,546.8,Low
486.06,217,Aluminum,Black,Large,Universal Fit,596.31,Low
419.63,459,Carbon Fiber,Black,Small,Universal Fit,500.62,Low
422.97,150,Aluminum,Silver,Small,Custom Fit,528.95,Low
415.37,130,Plastic,Silver,XL,Universal Fit,490.98,Low
503.98,78,Aluminum,Blue,Medium,Universal Fit,667.25,Low
439.77,138,Carbon Fiber,Red,Large,Universal Fit,604.72,Low
460.06,182,Aluminum,Silver,Medium,Custom Fit,515.64,Low
529.13,50,Aluminum,Silver,Medium,Custom Fit,633.27,Low
483.72,341,Rubber,Red,Small,Custom Fit,586.2,Low
491.0,423,Rubber,Blue,Large,Custom Fit,608.21,Low
482.75,169,Aluminum,Red,Small,Universal Fit,614.65,Low
449.14,151,Aluminum,Gray,Small,Universal Fit,587.96,Low
490.36,161,Plastic,Red,Medium,Custom Fit,664.86,Low
6.24,11,Steel,Blue,Medium,Custom Fit,93.43,Low
49.2,35,Plastic,Gray,Medium,Custom Fit,106.04,Low
47.39,375,Rubber,Blue,Medium,Custom Fit,88.85,Low
68.8,370,Steel,Red,Small,Custom Fit,148.96,Low
35.06,459,Aluminum,Silver,Small,Universal Fit,123.03,Low
43.06,221,Carbon Fiber,Silver,Small,Universal Fit,102.57,Low
40.29,277,Steel,Black,Small,Universal Fit,140.4,Low
164.65,3,Carbon Fiber,Blue,Small,Custom Fit,210.54,Low
86.34,235,Aluminum,Red,Medium,Custom Fit,175.72,Low
29.44,316,Carbon Fiber,Red,XL,Custom Fit,82.74,Low
84.09,473,Plastic,Blue,Small,Custom Fit,136.81,Low
1.67,299,Carbon Fiber,Gray,Small,Custom Fit,97.23,Low
35.11,338,Aluminum,Silver,XL,Universal Fit,115.5,Low
90.95,149,Aluminum,Gray,Medium,Custom Fit,184.51,Low
8.26,384,Rubber,Blue,XL,Universal Fit,105.21,Low
13.08,399,Rubber,Black,Small,Universal Fit,76.7,Low
32.4,432,Carbon Fiber,Black,Large,Custom Fit,157.7,Low
85.41,286,Aluminum,Gray,Large,Universal Fit,164.96,Low
49.57,39,Rubber,Black,Medium,Custom Fit,152.16,Low
39.58,196,Aluminum,Black,Small,Custom Fit,142.9,Low
98.11,321,Aluminum,Blue,Small,Custom Fit,244.97,Low
120.85,340,Rubber,Blue,Small,Universal Fit,230.54,Low
38.72,142,Plastic,Gray,Small,Universal Fit,149.97,Low
54.73,498,Carbon Fiber,Blue,XL,Custom Fit,166.28,Low
87.84,35,Plastic,Black,Large,Universal Fit,193.28,Low
99.21,60,Rubber,Red,Large,Universal Fit,223.49,Low
166.08,290,Plastic,Silver,Medium,Custom Fit,208.03,Low
39.96,457,Aluminum,Red,Medium,Universal Fit,153.36,Low
46.33,191,Aluminum,Blue,Medium,Custom Fit,207.34,Low
114.12,320,Carbon Fiber,Gray,Medium,Universal Fit,239.9,Low
21.49,9,Rubber,Silver,XL,Custom Fit,118.77,Low
11.87,114,Carbon Fiber,Red,Small,Universal Fit,146.47,Low
13.14,26,Rubber,Red,XL,Universal Fit,186.09,Low
15.85,332,Carbon Fiber,Red,Medium,Custom Fit,90.66,Low
28.22,214,Plastic,Blue,Medium,Custom Fit,187.82,Low
10.61,400,Rubber,Red,Medium,Universal Fit,80.39,Low
23.62,96,Carbon Fiber,Silver,XL,Custom Fit,152.61,Low
387.93,345,Steel,Blue,Large,Custom Fit,457.07,Low
404.91,421,Aluminum,Red,Large,Custom Fit,515.61,Low
356.8,487,Carbon Fiber,Gray,Small,Universal Fit,524.39,Low
423.33,489,Rubber,Black,Small,Custom Fit,462.93,Low
304.65,400,Aluminum,Blue,Small,Custom Fit,426.37,Low
327.11,486,Plastic,Blue,Small,Custom Fit,446.25,Low
118.6,190,Plastic,Gray,Large,Custom Fit,245.35,Low
79.47,284,Aluminum,Silver,Medium,Custom Fit,202.52,Low
75.76,389,Aluminum,Gray,Medium,Universal Fit,176.26,Low
93.02,365,Steel,Silver,XL,Universal Fit,224.46,Low
180.1,354,Plastic,Black,XL,Custom Fit,319.06,Low
148.47,43,Steel,Red,Large,Universal Fit,282.77,Low
140.58,90,Aluminum,Gray,XL,Custom Fit,214.01,Low
188.01,79,Plastic,Black,Medium,Universal Fit,312.96,Low
151.0,142,Rubber,Black,XL,Custom Fit,261.83,Low
155.57,273,Plastic,Red,Small,Custom Fit,225.89,Low
155.29,313,Plastic,Red,Medium,Custom Fit,232.35,Low
218.89,333,Steel,Blue,Medium,Universal Fit,279.99,Low
161.18,194,Steel,Red,XL,Custom Fit,239.85,Low
103.9,364,Aluminum,Red,Large,Custom Fit,167.88,Low
197.35,218,Steel,Blue,Medium,Universal Fit,264.24,Low
113.88,350,Carbon Fiber,Blue,XL,Universal Fit,217.53,Low
149.1,406,Plastic,Silver,Small,Custom Fit,288.46,Low
112.01,89,Carbon Fiber,Blue,Medium,Universal Fit,282.82,Low
89.41,75,Carbon Fiber,Black,Large,Universal Fit,234.87,Low
773.33,98,Plastic,Black,XL,Custom Fit,885.88,Low
715.21,297,Plastic,Silver,Medium,Universal Fit,883.23,Low
658.2,222,Carbon Fiber,Gray,XL,Universal Fit,753.53,Low
628.32,182,Plastic,Gray,XL,Universal Fit,699.73,Low
678.37,248,Plastic,Black,Large,Universal Fit,723.65,Low
619.35,350,Carbon Fiber,Red,Large,Universal Fit,726.61,Low
646.87,166,Rubber,Silver,XL,Universal Fit,690.68,Low
577.66,423,Carbon Fiber,Red,Small,Universal Fit,713.64,Low
622.25,170,Carbon Fiber,Gray,Large,Custom Fit,700.59,Low
472.68,291,Carbon Fiber,Red,Large,Custom Fit,588.92,Low
528.8,20,Carbon Fiber,Black,Large,Custom Fit,642.26,Low
465.54,326,Rubber,Blue,Small,Universal Fit,609.38,Low
506.6,51,Steel,Black,XL,Universal Fit,625.9,Low
534.18,208,Rubber,Black,Small,Universal Fit,673.76,Low
500.42,265,Aluminum,Gray,Large,Universal Fit,642.65,Low
494.26,359,Plastic,Silver,Medium,Universal Fit,621.37,Low
460.03,126,Aluminum,Silver,Medium,Custom Fit,571.1,Low
583.14,166,Plastic,Gray,XL,Universal Fit,628.1,Low
496.08,160,Plastic,Blue,Small,Universal Fit,548.2,Low
604.14,291,Steel,Gray,Small,Custom Fit,658.85,Low
577.17,71,Steel,Silver,XL,Universal Fit,682.86,Low
539.83,8,Rubber,Black,Large,Universal Fit,673.26,Low
542.2,160,Plastic,Gray,XL,Universal Fit,636.39,Low
516.78,441,Steel,Gray,Large,Universal Fit,613.9,Low
581.27,310,Rubber,Red,Small,Custom Fit,670.91,Low
541.16,226,Carbon Fiber,Red,XL,Custom Fit,652.69,Low
556.5,341,Aluminum,Blue,Small,Universal Fit,623.23,Low
499.43,107,Carbon Fiber,Red,Small,Custom Fit,598.61,Low
590.76,211,Carbon Fiber,Blue,Medium,Universal Fit,638.6,Low
575.96,290,Carbon Fiber,Gray,Large,Custom Fit,617.37,Low
341.13,157,Steel,Blue,XL,Custom Fit,424.66,Low
381.36,110,Carbon Fiber,Silver,Large,Custom Fit,418.51,Low
301.06,418,Aluminum,Red,Large,Custom Fit,421.67,Low
274.42,112,Carbon Fiber,Red,Small,Universal Fit,416.96,Low
277.21,322,Steel,Red,Medium,Custom Fit,421.3,Low
286.21,482,Plastic,Blue,XL,Universal Fit,406.9,Low
278.4,423,Carbon Fiber,Black,Small,Custom Fit,425.03,Low
233.98,333,Rubber,Gray,Medium,Universal Fit,420.9,Low
356.93,106,Plastic,Blue,Large,Universal Fit,444.24,Low
406.08,256,Carbon Fiber,Black,Large,Custom Fit,570.78,Low
408.61,244,Steel,Black,XL,Custom Fit,493.33,Low
468.37,3,Carbon Fiber,Blue,Large,Custom Fit,599.04,Low
478.76,223,Plastic,Blue,Small,Universal Fit,563.02,Low
437.04,323,Steel,Red,Small,Universal Fit,562.42,Low
423.86,475,Rubber,Gray,Small,Custom Fit,549.95,Low
356.29,224,Steel,Silver,XL,Universal Fit,525.39,Low
412.53,81,Aluminum,Gray,Large,Custom Fit,535.02,Low
340.6,81,Rubber,Blue,Small,Universal Fit,496.42,Low
420.71,405,Carbon Fiber,Red,Small,Custom Fit,533.84,Low
456.19,118,Aluminum,Red,Medium,Custom Fit,537.2,Low
430.3,228,Steel,Black,XL,Universal Fit,476.17,Low
421.44,194,Steel,Red,XL,Universal Fit,536.46,Low
370.11,434,Carbon Fiber,Gray,Large,Universal Fit,515.12,Low
444.35,137,Rubber,Gray,Medium,Universal Fit,578.7,Low
378.34,51,Plastic,Black,XL,Custom Fit,501.13,Low
477.64,393,Steel,Gray,Medium,Custom Fit,596.74,Low
456.86,443,Aluminum,Red,Small,Universal Fit,536.77,Low
373.94,306,Steel,Blue,Medium,Custom Fit,522.71,Low
158.05,243,Plastic,Red,Medium,Custom Fit,257.55,Low
211.01,312,Aluminum,Red,Small,Universal Fit,328.53,Low
206.1,256,Plastic,Blue,Medium,Custom Fit,315.32,Low
206.6,319,Carbon Fiber,Black,XL,Universal Fit,286.75,Low
201.59,399,Carbon Fiber,Blue,XL,Custom Fit,297.66,Low
118.74,97,Rubber,Black,Large,Custom Fit,311.19,Low
191.67,378,Steel,Red,Small,Universal Fit,246.22,Low
89.41,374,Plastic,Red,Large,Custom Fit,271.74,Low
95.4,102,Steel,Red,XL,Universal Fit,255.41,Low
214.15,66,Steel,Silver,XL,Custom Fit,344.95,Low
243.79,410,Aluminum,Silver,XL,Universal Fit,298.64,Low
548.6,84,Steel,Gray,Large,Universal Fit,670.22,Low
535.72,339,Rubber,Red,XL,Universal Fit,593.48,Low
571.56,344,Rubber,Black,Large,Universal Fit,639.69,Low
528.85,322,Rubber,Blue,Small,Custom Fit,645.17,Low
457.88,167,Carbon Fiber,Gray,Medium,Custom Fit,546.81,Low
474.13,229,Aluminum,Red,Medium,Custom Fit,600.26,Low
517.47,430,Aluminum,Red,Small,Universal Fit,685.69,Low
552.02,323,Aluminum,Red,Small,Universal Fit,667.77,Low
198.87,256,Plastic,Silver,XL,Universal Fit,341.59,Low
215.76,69,Carbon Fiber,Black,Large,Custom Fit,333.54,Low
176.17,293,Steel,Blue,Large,Custom Fit,316.62,Low
235.97,418,Rubber,Blue,Medium,Custom Fit,338.99,Low
483.09,29,Rubber,Black,XL,Custom Fit,577.5,Low
464.23,437,Steel,Black,Large,Universal Fit,607.01,Low
506.47,176,Steel,Silver,Large,Universal Fit,611.33,Low
554.48,101,Plastic,Blue,Small,Universal Fit,660.93,Low
471.48,204,Carbon Fiber,Red,Medium,Universal Fit,589.01,Low
460.29,28,Carbon Fiber,Red,Small,Custom Fit,574.13,Low
500.3,367,Aluminum,Red,XL,Custom Fit,631.62,Low
536.02,122,Steel,Gray,Small,Universal Fit,581.43,Low
99.59,409,Steel,Black,XL,Custom Fit,153.43,Low
59.25,428,Aluminum,Blue,Large,Custom Fit,144.46,Low
70.19,183,Carbon Fiber,Silver,XL,Custom Fit,169.49,Low
19.24,108,Aluminum,Gray,Small,Universal Fit,178.54,Low
5.79,86,Plastic,Blue,XL,Custom Fit,157.3,Low
201.66,438,Plastic,Gray,XL,Universal Fit,300.43,Low
146.48,156,Rubber,Black,Large,Custom Fit,324.89,Low
299.63,401,Steel,Red,Small,Custom Fit,359.44,Low
30.41,211,Steel,Gray,Medium,Custom Fit,183.51,Low
11.44,120,Aluminum,Red,Small,Custom Fit,178.72,Low
42.12,220,Steel,Gray,Medium,Universal Fit,165.95,Low
47.39,185,Plastic,Silver,XL,Universal Fit,123.51,Low
90.76,82,Carbon Fiber,Red,Small,Universal Fit,137.08,Low
42.68,374,Aluminum,Blue,Small,Universal Fit,158.81,Low
71.31,47,Rubber,Gray,Medium,Custom Fit,126.07,Low
166.83,435,Aluminum,Silver,Medium,Custom Fit,328.81,Low
258.73,175,Plastic,Red,Small,Universal Fit,326.95,Low
235.62,154,Rubber,Silver,Medium,Custom Fit,302.37,Low
179.59,406,Aluminum,Blue,Medium,Custom Fit,316.44,Low
29.77,386,Aluminum,Blue,XL,Custom Fit,168.6,Low
16.44,308,Aluminum,Black,Large,Universal Fit,70.5,Low
51.46,156,Plastic,Blue,XL,Custom Fit,77.91,Low
1.53,145,Carbon Fiber,Red,XL,Custom Fit,95.82,Low
55.87,338,Aluminum,Silver,Medium,Universal Fit,198.74,Low
66.27,338,Plastic,Gray,Small,Universal Fit,148.52,Low
43.27,469,Rubber,Black,Medium,Universal Fit,84.11,Low
52.97,487,Steel,Red,Large,Universal Fit,145.79,Low
24.29,295,Rubber,Blue,Small,Custom Fit,137.58,Low
6.86,81,Plastic,Blue,XL,Universal Fit,139.32,Low
112.77,362,Carbon Fiber,Red,XL,Universal Fit,157.9,Low
40.65,283,Aluminum,Blue,Large,Custom Fit,181.98,Low
3.02,367,Rubber,Black,Medium,Custom Fit,146.23,Low
88.11,30,Carbon Fiber,Silver,Medium,Custom Fit,122.84,Low
13.13,128,Rubber,Blue,Small,Custom Fit,168.84,Low
45.97,268,Aluminum,Gray,Large,Universal Fit,172.78,Low
10.47,408,Rubber,Red,Medium,Universal Fit,61.94,Low
194.56,327,Carbon Fiber,Blue,Small,Universal Fit,263.77,Low
136.7,69,Rubber,Black,XL,Custom Fit,293.57,Low
136.44,369,Rubber,Blue,Large,Custom Fit,275.23,Low
19.79,498,Aluminum,Silver,Medium,Universal Fit,114.5,Low
83.88,266,Steel,Black,Large,Custom Fit,165.74,Low
29.29,37,Rubber,Red,Medium,Custom Fit,135.97,Low
33.07,440,Steel,Gray,Large,Custom Fit,95.64,Low
22.8,482,Plastic,Silver,XL,Universal Fit,109.02,Low
71.59,445,Aluminum,Red,Small,Universal Fit,123.21,Low
16.61,228,Aluminum,Gray,Large,Custom Fit,122.33,Low
46.66,28,Steel,Gray,XL,Custom Fit,105.05,Low
94.74,370,Aluminum,Silver,Small,Universal Fit,181.39,Low
15.06,404,Aluminum,Black,Medium,Universal Fit,179.72,Low
37.75,223,Aluminum,Red,Medium,Universal Fit,108.55,Low
59.49,178,Carbon Fiber,Black,XL,Universal Fit,195.3,Low
40.54,225,Steel,Red,Small,Custom Fit,127.31,Low
60.61,70,Plastic,Gray,Large,Custom Fit,214.79,Low
72.98,258,Aluminum,Gray,Medium,Custom Fit,123.93,Low
21.89,485,Steel,Red,Medium,Universal Fit,140.59,Low
20.35,324,Steel,Black,Medium,Universal Fit,190.84,Low
58.9,353,Rubber,Black,Small,Custom Fit,174.01,Low
20.92,441,Carbon Fiber,Black,Medium,Custom Fit,141.84,Low
106.65,465,Carbon Fiber,Black,Medium,Custom Fit,188.03,Low
51.94,265,Carbon Fiber,Black,Large,Universal Fit,143.01,Low
25.84,192,Aluminum,Blue,XL,Universal Fit,130.01,Low
6.52,251,Rubber,Gray,Small,Universal Fit,90.29,Low
16.15,201,Rubber,Gray,Medium,Universal Fit,163.08,Low
104.81,143,Plastic,Gray,Medium,Custom Fit,176.41,Low
93.5,186,Steel,Blue,Large,Universal Fit,163.74,Low
22.3,130,Plastic,Black,Small,Universal Fit,136.05,Low
8.37,280,Rubber,Black,Small,Custom Fit,106.67,Low
8.05,144,Rubber,Gray,Small,Universal Fit,133.34,Low
13.62,369,Aluminum,Silver,Medium,Universal Fit,157.79,Low
29.92,372,Carbon Fiber,Red,XL,Custom Fit,133.83,Low
122.53,68,Plastic,Silver,Small,Universal Fit,192.7,Low
17.0,316,Carbon Fiber,Black,Medium,Universal Fit,166.35,Low
23.55,301,Carbon Fiber,Blue,Medium,Universal Fit,96.2,Low
70.43,473,Carbon Fiber,Blue,Large,Custom Fit,158.21,Low
24.39,472,Plastic,Black,XL,Custom Fit,149.62,Low
67.0,407,Aluminum,Gray,XL,Custom Fit,215.29,Low
116.7,188,Plastic,Black,Large,Custom Fit,207.01,Low
154.55,314,Plastic,Black,Small,Custom Fit,187.27,Low
145.87,66,Aluminum,Red,Medium,Universal Fit,247.43,Low
44.67,321,Carbon Fiber,Gray,Medium,Universal Fit,218.46,Low
82.31,29,Plastic,Black,Medium,Universal Fit,210.39,Low
57.05,342,Aluminum,Silver,Small,Custom Fit,194.61,Low
106.62,400,Aluminum,Blue,Large,Custom Fit,244.85,Low
62.29,441,Carbon Fiber,Red,Small,Custom Fit,191.66,Low
20.2,456,Carbon Fiber,Blue,Small,Universal Fit,158.32,Low
47.85,431,Aluminum,Red,XL,Custom Fit,111.68,Low
87.67,449,Aluminum,Black,XL,Universal Fit,219.24,Low
127.02,26,Plastic,Blue,Small,Universal Fit,229.39,Low
65.78,22,Plastic,Black,Medium,Custom Fit,179.48,Low
150.01,375,Carbon Fiber,Gray,Medium,Universal Fit,227.73,Low
14.34,301,Carbon Fiber,Silver,Large,Universal Fit,165.42,Low
90.96,120,Carbon Fiber,Blue,Large,Custom Fit,161.59,Low
142.52,28,Carbon Fiber,Black,Large,Custom Fit,258.29,Low
132.82,23,Carbon Fiber,Black,XL,Universal Fit,264.02,Low
89.0,245,Plastic,Red,Large,Universal Fit,184.94,Low
47.4,374,Aluminum,Gray,Large,Custom Fit,146.24,Low
74.12,130,Carbon Fiber,Red,Medium,Custom Fit,219.49,Low
106.33,209,Plastic,Red,Large,Custom Fit,159.48,Low
68.59,130,Plastic,Gray,Large,Universal Fit,192.96,Low
112.58,415,Aluminum,Gray,XL,Universal Fit,195.95,Low
70.53,402,Plastic,Black,Small,Universal Fit,215.94,Low
129.27,191,Aluminum,Black,Large,Custom Fit,227.91,Low
82.74,234,Plastic,Gray,XL,Universal Fit,194.62,Low
78.54,493,Carbon Fiber,Black,Small,Custom Fit,206.03,Low
109.03,97,Steel,Blue,Medium,Universal Fit,220.87,Low
144.4,391,Carbon Fiber,Silver,Small,Custom Fit,189.13,Low
108.66,398,Rubber,Blue,Medium,Universal Fit,222.19,Low
153.17,127,Carbon Fiber,Red,XL,Custom Fit,201.41,Low
123.32,286,Aluminum,Silver,Medium,Custom Fit,244.67,Low
81.4,283,Plastic,Red,Medium,Custom Fit,197.59,Low
93.85,90,Aluminum,Black,Large,Universal Fit,149.35,Low
41.41,428,Aluminum,Red,Large,Custom Fit,198.18,Low
14.32,462,Steel,Red,Small,Custom Fit,196.49,Low
40.9,358,Aluminum,Silver,Large,Universal Fit,206.02,Low
46.99,321,Steel,Red,XL,Custom Fit,169.01,Low
127.75,365,Rubber,Silver,Medium,Custom Fit,247.55,Low
20.7,248,Aluminum,Blue,XL,Universal Fit,91.96,Low
46.76,437,Steel,Gray,Small,Custom Fit,135.72,Low
111.86,452,Plastic,Red,Large,Universal Fit,152.05,Low
42.11,94,Rubber,Gray,Large,Custom Fit,96.77,Low
1476.55,359,Carbon Fiber,Red,Medium,Custom Fit,1542.42,Low
1449.79,454,Steel,Red,XL,Custom Fit,1507.47,Low
1441.24,250,Carbon Fiber,Red,Medium,Universal Fit,1538.37,Low
1376.15,140,Aluminum,Gray,Small,Custom Fit,1471.45,Low
2597.36,295,Steel,Silver,XL,Custom Fit,2707.36,Low
2605.76,359,Rubber,Red,Medium,Universal Fit,2773.9,Low
2606.44,57,Plastic,Silver,Medium,Universal Fit,2762.7,Low
2658.01,201,Plastic,Silver,Large,Custom Fit,2737.46,Low
2615.99,363,Plastic,Black,Small,Custom Fit,2702.98,Low
431.93,238,Plastic,Blue,Medium,Universal Fit,547.51,Low
454.71,496,Carbon Fiber,Gray,XL,Custom Fit,520.21,Low
498.07,389,Steel,Blue,XL,Custom Fit,549.07,Low
561.14,450,Steel,Red,Small,Custom Fit,640.05,Low
459.37,243,Aluminum,Silver,Large,Custom Fit,550.28,Low
540.79,479,Carbon Fiber,Blue,XL,Universal Fit,657.8,Low
482.48,190,Steel,Red,Small,Custom Fit,655.23,Low
490.15,129,Rubber,Silver,Large,Universal Fit,591.72,Low
47.27,423,Steel,Silver,XL,Custom Fit,216.69,Low
116.94,496,Aluminum,Black,Medium,Custom Fit,207.28,Low
77.68,266,Plastic,Blue,Medium,Universal Fit,165.8,Low
54.88,433,Rubber,Silver,Small,Universal Fit,151.59,Low
128.26,124,Rubber,Silver,XL,Custom Fit,183.2,Low
50.88,224,Aluminum,Black,Small,Custom Fit,169.79,Low
13.78,254,Carbon Fiber,Gray,Medium,Universal Fit,212.0,Low
35.95,57,Aluminum,Red,Medium,Custom Fit,175.59,Low
86.8,251,Steel,Gray,XL,Universal Fit,158.09,Low
47.22,245,Carbon Fiber,Red,XL,Custom Fit,183.98,Low
77.76,98,Carbon Fiber,Red,Large,Custom Fit,162.3,Low
45.59,304,Aluminum,Red,Large,Custom Fit,129.3,Low
20.5,258,Aluminum,Black,Small,Custom Fit,197.71,Low
89.76,91,Aluminum,Red,XL,Custom Fit,201.82,Low
36.34,429,Steel,Gray,Small,Universal Fit,128.96,Low
31.37,38,Plastic,Red,XL,Custom Fit,59.03,Low
0.85,170,Carbon Fiber,Black,Small,Universal Fit,100.08,Low
23.21,32,Rubber,Black,Small,Custom Fit,178.94,Low
82.82,461,Plastic,Gray,Small,Universal Fit,186.33,Low
7.93,233,Carbon Fiber,Red,Medium,Universal Fit,180.77,Low
80.2,129,Rubber,Silver,Large,Universal Fit,214.67,Low
100.76,363,Aluminum,Gray,Medium,Universal Fit,179.7,Low
8.41,238,Aluminum,Blue,Large,Universal Fit,113.18,Low
108.45,121,Rubber,Gray,Large,Custom Fit,235.66,Low
79.32,176,Steel,Black,Small,Custom Fit,173.32,Low
70.65,388,Rubber,Silver,Small,Custom Fit,134.98,Low
22.22,265,Aluminum,Silver,Large,Custom Fit,152.41,Low
97.5,485,Carbon Fiber,Silver,XL,Universal Fit,251.29,Low
7.08,290,Aluminum,Red,XL,Custom Fit,169.17,Low
149.02,322,Carbon Fiber,Red,Large,Universal Fit,257.42,Low
145.98,232,Carbon Fiber,Red,XL,Custom Fit,247.08,Low
328.34,233,Rubber,Silver,Medium,Custom Fit,430.81,Low
342.83,365,Rubber,Blue,XL,Universal Fit,452.35,Low
365.57,470,Steel,Red,Medium,Universal Fit,463.41,Low
271.79,353,Rubber,Silver,Small,Custom Fit,405.15,Low
345.9,413,Rubber,Gray,XL,Universal Fit,494.72,Low
2.96,166,Steel,Blue,Large,Custom Fit,116.34,Low
39.39,282,Plastic,Blue,Large,Universal Fit,181.33,Low
12.48,309,Rubber,Blue,XL,Custom Fit,148.02,Low
190.4,300,Plastic,Black,Large,Custom Fit,345.84,Low
270.98,195,Plastic,Red,Small,Custom Fit,366.9,Low
260.09,97,Steel,Blue,Medium,Universal Fit,322.06,Low
291.82,4,Rubber,Silver,XL,Custom Fit,350.82,Low
206.7,219,Rubber,Black,Medium,Custom Fit,329.2,Low
182.16,427,Plastic,Red,XL,Custom Fit,303.66,Low
241.84,354,Aluminum,Black,Small,Custom Fit,301.02,Low
234.86,101,Carbon Fiber,Red,XL,Universal Fit,345.14,Low
280.58,147,Carbon Fiber,Black,Small,Custom Fit,425.28,Low
197.5,53,Rubber,Red,Medium,Universal Fit,366.34,Low
203.42,447,Aluminum,Silver,XL,Custom Fit,316.88,Low
230.94,309,Steel,Gray,XL,Custom Fit,383.66,Low
218.94,447,Carbon Fiber,Silver,XL,Universal Fit,373.72,Low
379.72,30,Rubber,Gray,Large,Universal Fit,455.55,Low
389.32,2,Rubber,Gray,Medium,Universal Fit,500.53,Low
378.57,407,Carbon Fiber,Silver,XL,Universal Fit,450.75,Low
424.18,198,Aluminum,Blue,Large,Universal Fit,489.97,Low
368.37,489,Aluminum,Black,XL,Universal Fit,459.37,Low
424.19,53,Aluminum,Blue,Medium,Universal Fit,495.0,Low
273.15,178,Rubber,Silver,Small,Universal Fit,377.92,Low
604.0,376,Rubber,Red,Large,Custom Fit,750.47,Low
659.75,67,Carbon Fiber,Black,Small,Universal Fit,766.76,Low
688.65,235,Steel,Red,XL,Custom Fit,771.11,Low
654.14,271,Carbon Fiber,Black,Large,Custom Fit,760.46,Low
671.71,440,Steel,Red,Medium,Universal Fit,762.78,Low
570.63,391,Rubber,Gray,Large,Custom Fit,721.98,Low
647.73,14,Rubber,Gray,Medium,Universal Fit,818.03,Low
654.39,285,Plastic,Red,Small,Universal Fit,755.88,Low
628.67,471,Steel,Blue,Medium,Custom Fit,694.58,Low
652.9,319,Plastic,Blue,Medium,Custom Fit,796.04,Low
678.89,132,Rubber,Silver,Small,Custom Fit,787.86,Low
600.23,426,Steel,Blue,Small,Universal Fit,705.56,Low
632.29,250,Aluminum,Red,Medium,Universal Fit,721.43,Low
574.66,316,Aluminum,Red,XL,Universal Fit,721.07,Low
604.1,385,Carbon Fiber,Red,Medium,Universal Fit,784.64,Low
600.24,24,Aluminum,Red,XL,Custom Fit,696.84,Low
658.05,431,Plastic,Silver,Small,Custom Fit,787.92,Low
680.99,183,Aluminum,Blue,Medium,Universal Fit,784.89,Low
618.02,96,Rubber,Blue,Small,Custom Fit,763.45,Low
585.76,423,Plastic,Blue,Medium,Custom Fit,677.1,Low
541.55,54,Plastic,Red,Small,Custom Fit,672.47,Low
575.17,476,Aluminum,Red,XL,Universal Fit,681.07,Low
536.74,333,Plastic,Blue,XL,Custom Fit,595.46,Low
508.48,288,Plastic,Black,Large,Custom Fit,606.93,Low
491.99,245,Aluminum,Blue,XL,Custom Fit,563.61,Low
453.82,240,Plastic,Black,Medium,Custom Fit,595.71,Low
397.96,395,Aluminum,Gray,Medium,Universal Fit,473.19,Low
418.51,377,Carbon Fiber,Gray,Medium,Universal Fit,523.83,Low
474.56,424,Steel,Black,Large,Custom Fit,582.11,Low
472.88,426,Rubber,Black,Large,Universal Fit,581.17,Low
410.8,498,Carbon Fiber,Red,Small,Universal Fit,587.11,Low
453.5,87,Carbon Fiber,Black,Small,Universal Fit,514.0,Low
451.6,474,Plastic,Blue,Medium,Universal Fit,538.76,Low
631.42,423,Plastic,Blue,Large,Universal Fit,706.9,Low
623.82,402,Steel,Black,Small,Custom Fit,691.54,Low
559.91,259,Carbon Fiber,Gray,Large,Custom Fit,664.76,Low
568.56,469,Carbon Fiber,Gray,Large,Custom Fit,739.35,Low
659.45,201,Rubber,Gray,Small,Universal Fit,784.49,Low
658.88,211,Plastic,Silver,XL,Custom Fit,717.02,Low
576.99,352,Plastic,Blue,XL,Universal Fit,637.75,Low
607.72,486,Steel,Blue,Large,Universal Fit,688.48,Low
539.01,423,Aluminum,Black,Medium,Universal Fit,626.72,Low
552.64,186,Plastic,Red,Small,Custom Fit,668.93,Low
665.28,74,Aluminum,Black,XL,Universal Fit,743.46,Low
513.38,455,Carbon Fiber,Silver,XL,Universal Fit,671.7,Low
600.69,188,Carbon Fiber,Red,Large,Universal Fit,685.08,Low
629.72,11,Steel,Black,Large,Custom Fit,740.87,Low
575.3,18,Steel,Black,Medium,Custom Fit,649.7,Low
595.22,436,Aluminum,Red,XL,Universal Fit,648.18,Low
586.57,197,Aluminum,Black,Small,Universal Fit,671.73,Low
607.59,296,Plastic,Gray,Small,Custom Fit,704.08,Low
577.36,108,Rubber,Red,XL,Universal Fit,704.89,Low
664.5,492,Plastic,Gray,Small,Universal Fit,739.34,Low
532.67,110,Plastic,Silver,Small,Universal Fit,668.73,Low
539.65,123,Plastic,Red,Large,Universal Fit,628.59,Low
599.55,290,Rubber,Black,XL,Custom Fit,764.44,Low
590.51,446,Aluminum,Silver,Medium,Universal Fit,658.23,Low
640.31,49,Aluminum,Black,XL,Custom Fit,707.0,Low
577.7,38,Carbon Fiber,Gray,Small,Custom Fit,657.44,Low
612.93,489,Carbon Fiber,Gray,Small,Universal Fit,708.05,Low
421.96,440,Steel,Blue,XL,Universal Fit,595.68,Low
402.7,143,Aluminum,Blue,Large,Custom Fit,511.71,Low
395.07,38,Aluminum,Gray,Large,Custom Fit,537.27,Low
519.8,364,Aluminum,Blue,Small,Universal Fit,645.93,Low
458.63,412,Carbon Fiber,Gray,Small,Custom Fit,552.89,Low
444.12,29,Aluminum,Silver,Medium,Custom Fit,569.95,Low
514.07,392,Steel,Blue,Small,Universal Fit,581.71,Low
653.33,304,Plastic,Blue,Large,Custom Fit,719.04,Low
630.84,352,Carbon Fiber,Gray,Medium,Custom Fit,736.53,Low
666.31,343,Plastic,Black,XL,Custom Fit,689.26,Low
550.85,331,Carbon Fiber,Silver,Large,Universal Fit,668.99,Low
572.25,293,Carbon Fiber,Silver,Medium,Universal Fit,669.54,Low
617.85,102,Plastic,Silver,XL,Custom Fit,750.31,Low
581.56,147,Steel,Gray,Large,Universal Fit,694.9,Low
252.02,126,Aluminum,Silver,Large,Universal Fit,328.95,Low
270.75,467,Plastic,Black,XL,Custom Fit,344.76,Low
233.64,134,Aluminum,Red,Medium,Custom Fit,339.52,Low
165.57,62,Plastic,Black,XL,Universal Fit,297.28,Low
178.27,352,Steel,Gray,Large,Universal Fit,311.46,Low
187.19,42,Plastic,Black,Large,Custom Fit,375.4,Low
21.31,474,Rubber,Gray,Large,Universal Fit,198.09,Low
16.86,162,Rubber,Red,XL,Universal Fit,131.49,Low
21.69,26,Carbon Fiber,Red,XL,Universal Fit,154.99,Low
56.53,465,Plastic,Red,Small,Universal Fit,177.28,Low
3.07,180,Plastic,Gray,Medium,Custom Fit,92.58,Low
31.68,330,Steel,Black,Small,Custom Fit,156.45,Low
47.55,251,Steel,Gray,Medium,Custom Fit,159.69,Low
130.85,415,Rubber,Blue,XL,Custom Fit,206.04,Low
22.29,5,Steel,Gray,Medium,Universal Fit,84.79,Low
49.87,373,Aluminum,Gray,Small,Universal Fit,160.47,Low
21.06,297,Plastic,Red,Large,Universal Fit,122.4,Low
10.25,302,Plastic,Red,XL,Custom Fit,106.9,Low
163.49,226,Plastic,Silver,Small,Custom Fit,310.85,Low
130.72,298,Aluminum,Silver,Small,Custom Fit,303.83,Low
231.72,185,Aluminum,Blue,Medium,Universal Fit,294.83,Low
149.52,13,Aluminum,Silver,Large,Custom Fit,305.85,Low
177.85,29,Aluminum,Gray,Small,Universal Fit,333.85,Low
179.9,353,Carbon Fiber,Blue,XL,Custom Fit,290.48,Low
98.98,41,Rubber,Black,Large,Custom Fit,224.77,Low
37.7,139,Steel,Blue,Small,Custom Fit,176.71,Low
45.99,251,Plastic,Silver,XL,Custom Fit,238.4,Low
443.86,47,Steel,Silver,Small,Custom Fit,564.09,Low
453.72,103,Steel,Gray,Medium,Universal Fit,584.43,Low
449.4,315,Aluminum,Blue,Large,Universal Fit,561.82,Low
386.22,250,Aluminum,Blue,XL,Custom Fit,515.0,Low
453.99,95,Plastic,Silver,Small,Custom Fit,554.53,Low
363.88,306,Aluminum,Black,XL,Universal Fit,508.21,Low
338.36,236,Steel,Red,XL,Universal Fit,445.5,Low
409.47,480,Aluminum,Gray,Small,Custom Fit,502.2,Low
24.02,454,Plastic,Black,Small,Universal Fit,115.94,Low
91.21,487,Carbon Fiber,Silver,Medium,Custom Fit,173.64,Low
125.63,221,Aluminum,Black,Small,Custom Fit,182.55,Low
117.7,105,Aluminum,Silver,Medium,Custom Fit,171.6,Low
86.62,155,Carbon Fiber,Silver,Medium,Custom Fit,204.49,Low
15.43,163,Steel,Black,Small,Universal Fit,186.52,Low
107.54,204,Plastic,Silver,Medium,Custom Fit,192.3,Low
71.14,118,Plastic,Gray,Small,Universal Fit,205.84,Low
15.41,194,Carbon Fiber,Silver,Small,Universal Fit,212.21,Low
129.59,169,Plastic,Blue,Small,Custom Fit,282.41,Low
67.58,239,Steel,Gray,Medium,Custom Fit,237.22,Low
104.75,292,Carbon Fiber,Black,Large,Universal Fit,182.85,Low
127.99,383,Steel,Blue,Medium,Universal Fit,192.84,Low
97.13,428,Rubber,Gray,XL,Universal Fit,221.25,Low
116.22,50,Plastic,Black,Small,Universal Fit,241.93,Low
112.88,130,Steel,Blue,XL,Universal Fit,204.46,Low
98.51,55,Plastic,Silver,XL,Custom Fit,213.06,Low
306.8,477,Carbon Fiber,Red,Small,Universal Fit,452.9,Low
382.94,129,Steel,Silver,Small,Custom Fit,476.26,Low
357.08,222,Plastic,Silver,Large,Custom Fit,446.69,Low
337.95,50,Rubber,Blue,XL,Universal Fit,414.16,Low
206.37,402,Steel,Red,XL,Custom Fit,282.75,Low
119.33,1,Steel,Blue,XL,Custom Fit,243.19,Low
168.02,269,Plastic,Silver,Medium,Custom Fit,317.61,Low
199.22,388,Plastic,Silver,Medium,Custom Fit,289.51,Low
98.0,205,Rubber,Gray,Small,Universal Fit,198.57,Low
132.9,443,Steel,Silver,Small,Custom Fit,176.79,Low
112.09,119,Carbon Fiber,Blue,Small,Custom Fit,213.47,Low
287.33,217,Plastic,Red,Large,Custom Fit,406.63,Low
406.52,290,Carbon Fiber,Blue,XL,Universal Fit,479.5,Low
341.76,274,Aluminum,Blue,Medium,Universal Fit,511.24,Low
347.01,267,Rubber,Silver,Large,Universal Fit,399.55,Low
375.39,407,Aluminum,Red,Medium,Universal Fit,406.5,Low
314.43,84,Aluminum,Silver,XL,Universal Fit,455.54,Low
361.21,35,Plastic,Silver,Small,Universal Fit,393.15,Low
375.67,183,Steel,Gray,Large,Custom Fit,476.55,Low
328.35,410,Steel,Gray,XL,Custom Fit,390.16,Low
175.78,343,Carbon Fiber,Red,Small,Universal Fit,344.12,Low
271.76,20,Steel,Gray,Medium,Universal Fit,390.35,Low
248.12,32,Aluminum,Silver,Small,Custom Fit,352.23,Low
300.23,495,Carbon Fiber,Silver,XL,Custom Fit,382.54,Low
205.43,61,Plastic,Silver,Small,Universal Fit,336.9,Low
221.2,348,Rubber,Black,Medium,Universal Fit,373.6,Low
304.37,455,Aluminum,Red,XL,Universal Fit,406.88,Low
248.99,153,Carbon Fiber,Black,Medium,Custom Fit,344.19,Low
299.57,470,Steel,Black,Large,Universal Fit,357.86,Low
262.59,500,Rubber,Blue,Large,Universal Fit,386.93,Low
222.74,217,Rubber,Gray,XL,Universal Fit,372.71,Low
280.59,393,Plastic,Silver,Small,Universal Fit,347.57,Low
141.34,310,Steel,Silver,Large,Universal Fit,302.36,Low
195.05,402,Carbon Fiber,Gray,Medium,Custom Fit,261.05,Low
212.27,220,Steel,Gray,Medium,Universal Fit,292.14,Low
210.3,201,Plastic,Gray,Small,Universal Fit,316.29,Low
173.3,242,Plastic,Blue,XL,Custom Fit,283.9,Low
237.89,352,Plastic,Red,Medium,Custom Fit,371.02,Low
170.38,86,Carbon Fiber,Black,Small,Custom Fit,346.12,Low
224.21,421,Plastic,Red,Small,Universal Fit,348.84,Low
153.79,29,Rubber,Black,Medium,Universal Fit,275.23,Low
120.92,388,Rubber,Black,Medium,Universal Fit,235.68,Low
120.7,115,Plastic,Silver,XL,Custom Fit,213.6,Low
60.9,259,Steel,Gray,XL,Universal Fit,190.93,Low
55.77,140,Plastic,Blue,Small,Universal Fit,178.83,Low
91.57,12,Plastic,Blue,Medium,Universal Fit,185.54,Low
63.51,79,Aluminum,Blue,Small,Universal Fit,236.88,Low
98.33,359,Aluminum,Gray,XL,Custom Fit,225.79,Low
16.98,23,Aluminum,Red,XL,Universal Fit,202.07,Low
72.68,265,Plastic,Silver,Small,Universal Fit,262.93,Low
61.13,54,Steel,Black,Large,Custom Fit,124.73,Low
110.69,186,Aluminum,Silver,XL,Universal Fit,238.45,Low
140.89,319,Aluminum,Black,Small,Custom Fit,203.3,Low
151.43,261,Rubber,Gray,Large,Custom Fit,230.25,Low
21.08,267,Aluminum,Blue,Large,Universal Fit,123.53,Low
81.53,107,Aluminum,Silver,Small,Custom Fit,220.4,Low
118.57,186,Rubber,Red,Small,Universal Fit,174.79,Low
61.07,372,Steel,Red,Small,Universal Fit,115.15,Low
58.41,351,Steel,Gray,Large,Universal Fit,167.38,Low
73.07,306,Carbon Fiber,Silver,Small,Custom Fit,167.09,Low
114.98,388,Steel,Red,Medium,Universal Fit,207.43,Low
39.43,24,Carbon Fiber,Black,XL,Custom Fit,116.85,Low
73.74,19,Plastic,Blue,Small,Custom Fit,178.26,Low
57.22,288,Carbon Fiber,Gray,Medium,Custom Fit,190.93,Low
198.48,120,Carbon Fiber,Black,Medium,Custom Fit,381.68,Low
159.5,378,Steel,Red,XL,Custom Fit,284.44,Low
269.59,46,Carbon Fiber,Black,Small,Custom Fit,375.08,Low
144.68,200,Carbon Fiber,Silver,XL,Custom Fit,268.54,Low
107.35,463,Rubber,Black,Large,Custom Fit,267.32,Low
179.14,92,Steel,Silver,Medium,Universal Fit,209.27,Low
169.16,90,Rubber,Blue,Small,Custom Fit,311.98,Low
191.64,488,Steel,Silver,Medium,Custom Fit,348.13,Low
116.29,419,Aluminum,Silver,Large,Universal Fit,236.49,Low
129.7,176,Plastic,Black,Small,Universal Fit,181.64,Low
59.0,98,Steel,Silver,Large,Custom Fit,243.3,Low
60.26,332,Plastic,Blue,Large,Universal Fit,182.19,Low
190.78,158,Rubber,Blue,Medium,Custom Fit,323.84,Low
124.6,227,Steel,Silver,Medium,Custom Fit,272.94,Low
129.88,42,Aluminum,Silver,Small,Custom Fit,200.46,Low
179.28,393,Carbon Fiber,Blue,Large,Universal Fit,294.97,Low
225.45,178,Aluminum,Red,Large,Universal Fit,287.67,Low
199.42,106,Rubber,Red,Large,Custom Fit,299.27,Low
81.19,203,Steel,Red,XL,Custom Fit,207.22,Low
130.56,162,Steel,Red,Small,Universal Fit,204.07,Low
124.43,412,Aluminum,Silver,Small,Custom Fit,251.84,Low
171.45,451,Plastic,Gray,Small,Custom Fit,241.35,Low
172.22,288,Plastic,Black,Small,Custom Fit,245.31,Low
138.0,343,Carbon Fiber,Silver,Medium,Universal Fit,240.28,Low
132.5,253,Plastic,Blue,Small,Universal Fit,252.05,Low
109.38,486,Aluminum,Black,Medium,Universal Fit,184.72,Low
104.78,191,Carbon Fiber,Blue,XL,Custom Fit,211.19,Low
88.0,346,Rubber,Red,Small,Custom Fit,192.12,Low
143.34,497,Steel,Red,Small,Universal Fit,223.05,Low
167.02,264,Plastic,Blue,Large,Custom Fit,307.46,Low
116.9,363,Aluminum,Silver,XL,Custom Fit,217.55,Low
63.49,198,Carbon Fiber,Red,Medium,Custom Fit,157.83,Low
169.12,41,Plastic,Black,Medium,Universal Fit,280.41,Low
234.97,149,Rubber,Blue,XL,Custom Fit,345.5,Low
215.73,238,Steel,Red,XL,Custom Fit,265.59,Low
133.31,456,Plastic,Blue,Small,Universal Fit,275.27,Low
191.84,253,Steel,Gray,Medium,Custom Fit,356.96,Low
182.6,208,Plastic,Silver,Large,Universal Fit,257.63,Low
174.74,365,Aluminum,Black,Small,Universal Fit,328.55,Low
182.76,115,Aluminum,Blue,Large,Universal Fit,259.65,Low
60.17,485,Steel,Blue,XL,Custom Fit,160.36,Low
45.82,449,Steel,Blue,Large,Universal Fit,196.87,Low
62.85,279,Plastic,Silver,Small,Custom Fit,154.48,Low
34.7,128,Steel,Red,XL,Universal Fit,171.11,Low
38.46,219,Carbon Fiber,Silver,XL,Custom Fit,183.04,Low
61.58,19,Aluminum,Silver,Large,Custom Fit,156.74,Low
13.34,497,Rubber,Black,Large,Universal Fit,95.8,Low
124.24,195,Steel,Black,XL,Universal Fit,193.75,Low
129.45,448,Rubber,Silver,Small,Custom Fit,254.06,Low
91.1,469,Rubber,Gray,Medium,Custom Fit,182.33,Low
108.61,448,Plastic,Black,XL,Universal Fit,229.14,Low
109.72,99,Rubber,Gray,Small,Custom Fit,250.53,Low
59.92,270,Carbon Fiber,Gray,XL,Universal Fit,122.95,Low
69.94,85,Rubber,Gray,Small,Custom Fit,188.82,Low
66.61,3,Steel,Black,Small,Universal Fit,163.36,Low
26.51,55,Rubber,Gray,Large,Custom Fit,137.3,Low
74.89,246,Rubber,Black,Medium,Universal Fit,215.19,Low
65.96,319,Aluminum,Black,Small,Custom Fit,161.5,Low
37.58,373,Steel,Gray,Small,Custom Fit,198.6,Low
62.43,291,Steel,Gray,Medium,Universal Fit,152.0,Low
109.44,478,Steel,Red,Medium,Universal Fit,257.83,Low
140.4,353,Steel,Blue,Small,Universal Fit,236.5,Low
109.37,258,Carbon Fiber,Black,Small,Custom Fit,209.07,Low
48.33,364,Carbon Fiber,Black,Small,Custom Fit,144.21,Low
137.65,289,Rubber,Silver,XL,Universal Fit,231.66,Low
53.33,333,Plastic,Blue,Large,Universal Fit,157.0,Low
4.02,433,Steel,Black,Small,Custom Fit,148.81,Low
2.09,268,Carbon Fiber,Blue,Large,Custom Fit,146.01,Low
45.07,8,Steel,Silver,XL,Custom Fit,156.36,Low
207.73,349,Steel,Gray,Medium,Universal Fit,345.98,Low
217.1,306,Rubber,Gray,Large,Custom Fit,383.1,Low
129.42,442,Steel,Blue,XL,Custom Fit,299.33,Low
163.75,204,Carbon Fiber,Silver,Large,Custom Fit,302.84,Low
13.5,346,Rubber,Blue,Large,Custom Fit,148.99,Low
102.38,117,Plastic,Black,XL,Custom Fit,168.36,Low
66.82,181,Steel,Black,Large,Custom Fit,150.23,Low
60.3,73,Rubber,Black,XL,Universal Fit,130.01,Low
97.73,87,Rubber,Gray,Small,Custom Fit,290.17,Low
215.06,385,Rubber,Silver,Small,Custom Fit,295.29,Low
209.47,251,Carbon Fiber,Blue,Small,Universal Fit,341.15,Low
195.62,481,Carbon Fiber,Red,XL,Custom Fit,237.69,Low
150.73,364,Rubber,Blue,Large,Custom Fit,290.53,Low
136.42,265,Steel,Red,Medium,Universal Fit,311.31,Low
216.01,476,Plastic,Red,Large,Universal Fit,344.2,Low
109.47,243,Steel,Silver,Small,Universal Fit,188.83,Low
165.56,81,Carbon Fiber,Blue,XL,Universal Fit,219.77,Low
238.19,96,Rubber,Gray,Large,Custom Fit,336.6,Low
183.39,310,Plastic,Blue,Medium,Universal Fit,292.81,Low
145.95,500,Steel,Gray,Small,Universal Fit,300.36,Low
164.71,91,Steel,Silver,Medium,Custom Fit,244.39,Low
173.86,318,Plastic,Blue,Large,Universal Fit,290.37,Low
57.57,335,Aluminum,Gray,XL,Custom Fit,217.54,Low
3.0,456,Steel,Blue,Small,Custom Fit,108.58,Low
46.64,58,Rubber,Gray,XL,Universal Fit,159.62,Low
60.06,480,Carbon Fiber,Gray,Small,Universal Fit,170.42,Low
51.72,387,Steel,Red,Small,Custom Fit,152.96,Low
13.34,288,Rubber,Blue,Large,Custom Fit,131.4,Low
27.32,226,Aluminum,Silver,Small,Custom Fit,163.46,Low
18.75,266,Rubber,Silver,XL,Universal Fit,85.01,Low
21.84,80,Rubber,Gray,Large,Universal Fit,190.16,Low
19.93,303,Steel,Red,Large,Universal Fit,117.15,Low
18.39,334,Carbon Fiber,Silver,Medium,Universal Fit,177.1,Low
57.9,452,Rubber,Blue,Medium,Custom Fit,198.15,Low
15.79,375,Plastic,Gray,Small,Custom Fit,153.48,Low
72.64,484,Aluminum,Silver,Small,Custom Fit,135.4,Low
103.79,193,Plastic,Silver,Large,Custom Fit,194.8,Low
7.81,67,Aluminum,Red,Small,Custom Fit,98.81,Low
69.07,56,Aluminum,Blue,XL,Custom Fit,156.93,Low
21.6,310,Rubber,Blue,Small,Universal Fit,74.52,Low
30.83,237,Aluminum,Blue,XL,Universal Fit,127.81,Low
85.37,474,Aluminum,Blue,Large,Universal Fit,179.31,Low
77.94,21,Steel,Blue,XL,Custom Fit,203.89,Low
106.0,404,Aluminum,Black,XL,Universal Fit,148.99,Low
27.55,15,Aluminum,Blue,Small,Universal Fit,120.03,Low
74.6,138,Plastic,Blue,Large,Custom Fit,202.47,Low
147.97,274,Steel,Red,Large,Custom Fit,272.07,Low
150.09,69,Steel,Black,Medium,Universal Fit,264.74,Low
200.53,407,Plastic,Black,Medium,Universal Fit,225.09,Low
118.56,57,Carbon Fiber,Silver,XL,Custom Fit,211.17,Low
176.7,370,Steel,Blue,Medium,Universal Fit,291.64,Low
173.84,360,Rubber,Red,Medium,Custom Fit,294.84,Low
140.9,155,Aluminum,Silver,XL,Custom Fit,206.87,Low
179.81,278,Aluminum,Black,Small,Universal Fit,249.06,Low
197.14,17,Rubber,Gray,XL,Universal Fit,337.36,Low
232.63,312,Carbon Fiber,Gray,Large,Custom Fit,337.39,Low
236.67,497,Rubber,Gray,Medium,Universal Fit,351.93,Low
222.88,41,Aluminum,Red,XL,Custom Fit,278.5,Low
185.41,52,Rubber,Red,XL,Custom Fit,342.53,Low
196.16,176,Plastic,Blue,Large,Custom Fit,289.92,Low
169.9,397,Plastic,Silver,Medium,Universal Fit,276.68,Low
265.35,199,Carbon Fiber,Red,Small,Custom Fit,322.14,Low
202.27,324,Rubber,Blue,XL,Custom Fit,380.05,Low
183.38,3,Aluminum,Blue,Large,Custom Fit,294.8,Low
175.38,422,Aluminum,Black,Medium,Universal Fit,279.78,Low
195.29,423,Steel,Silver,Small,Custom Fit,357.57,Low
211.51,168,Plastic,Blue,Small,Universal Fit,361.72,Low
266.97,186,Rubber,Gray,Medium,Universal Fit,335.73,Low
251.11,330,Plastic,Silver,Large,Universal Fit,362.24,Low
189.73,157,Steel,Red,XL,Custom Fit,377.74,Low
191.59,339,Steel,Blue,Large,Custom Fit,307.47,Low
292.11,193,Rubber,Blue,Large,Custom Fit,397.28,Low
327.94,491,Steel,Red,Large,Custom Fit,384.37,Low
230.55,25,Carbon Fiber,Red,Large,Custom Fit,327.75,Low
286.35,427,Rubber,Black,XL,Universal Fit,426.37,Low
283.64,284,Carbon Fiber,Blue,Large,Custom Fit,374.16,Low
277.5,170,Steel,Gray,Medium,Universal Fit,378.14,Low
255.19,159,Aluminum,Gray,Small,Universal Fit,400.91,Low
237.46,278,Steel,Red,Medium,Universal Fit,364.69,Low
299.17,289,Rubber,Red,Small,Custom Fit,405.06,Low
240.67,353,Aluminum,Gray,Medium,Universal Fit,341.86,Low
320.48,428,Aluminum,Gray,Large,Custom Fit,427.52,Low
251.93,105,Rubber,Red,Large,Universal Fit,426.92,Low
85.46,262,Rubber,Red,Medium,Custom Fit,154.27,Low
8.37,283,Plastic,Black,Medium,Custom Fit,119.94,Low
143.0,483,Rubber,Red,Large,Universal Fit,191.57,Low
134.55,17,Carbon Fiber,Gray,XL,Universal Fit,193.41,Low
136.36,345,Rubber,Blue,Medium,Universal Fit,299.65,Low
220.42,330,Carbon Fiber,Blue,Large,Universal Fit,325.76,Low
204.55,34,Steel,Red,Medium,Universal Fit,306.09,Low
177.8,396,Steel,Silver,Small,Custom Fit,335.77,Low
54.93,314,Carbon Fiber,Red,XL,Universal Fit,137.26,Low
121.66,485,Steel,Red,XL,Custom Fit,154.55,Low
97.98,73,Aluminum,Black,XL,Universal Fit,145.5,Low
66.44,261,Steel,Black,XL,Custom Fit,227.49,Low
7.64,77,Rubber,Silver,Medium,Custom Fit,108.95,Low
52.07,463,Rubber,Silver,Small,Universal Fit,138.29,Low
67.39,125,Rubber,Black,Medium,Universal Fit,259.14,Low
71.3,146,Steel,Gray,Large,Custom Fit,163.86,Low
71.31,25,Steel,Red,Large,Custom Fit,153.45,Low
100.62,371,Rubber,Gray,Small,Custom Fit,239.88,Low
15.92,366,Steel,Red,Large,Custom Fit,111.33,Low
32.36,77,Carbon Fiber,Blue,Large,Universal Fit,132.92,Low
50.37,371,Carbon Fiber,Black,Medium,Custom Fit,160.03,Low
162.64,363,Rubber,Gray,Small,Universal Fit,286.13,Low
8.84,230,Plastic,Blue,Small,Universal Fit,200.8,Low
83.38,448,Rubber,Blue,Large,Custom Fit,266.99,Low
73.22,460,Steel,Black,Small,Universal Fit,239.92,Low
61.42,253,Steel,Red,Medium,Universal Fit,204.31,Low
37.7,234,Aluminum,Blue,Large,Universal Fit,166.69,Low
94.76,147,Steel,Silver,Medium,Custom Fit,154.51,Low
88.47,160,Steel,Blue,Medium,Custom Fit,172.65,Low
58.98,82,Steel,Gray,XL,Universal Fit,162.5,Low
129.24,197,Aluminum,Silver,Small,Universal Fit,166.52,Low
60.29,192,Aluminum,Silver,Large,Universal Fit,93.05,Low
42.02,323,Rubber,Red,Small,Custom Fit,171.61,Low
6.48,144,Rubber,Red,Large,Custom Fit,142.68,Low
28.68,67,Aluminum,Gray,Large,Universal Fit,161.64,Low
154.17,437,Plastic,Silver,Large,Custom Fit,260.82,Low
156.81,353,Carbon Fiber,Silver,XL,Custom Fit,221.61,Low
121.15,88,Plastic,Black,Small,Universal Fit,283.92,Low
145.51,202,Plastic,Gray,XL,Universal Fit,278.01,Low
183.23,402,Carbon Fiber,Gray,Small,Custom Fit,323.27,Low
96.63,311,Rubber,Red,Medium,Universal Fit,204.68,Low
168.36,80,Carbon Fiber,Silver,Large,Universal Fit,316.9,Low
189.6,345,Rubber,Gray,Small,Custom Fit,338.87,Low
160.05,435,Carbon Fiber,Blue,Small,Universal Fit,240.64,Low
146.01,178,Rubber,Blue,Large,Universal Fit,241.98,Low
144.63,75,Plastic,Gray,Small,Universal Fit,220.45,Low
100.66,64,Aluminum,Red,Large,Universal Fit,228.04,Low
107.48,68,Steel,Silver,XL,Universal Fit,226.26,Low
129.83,413,Steel,Blue,Small,Universal Fit,204.74,Low
100.25,194,Aluminum,Silver,Large,Custom Fit,278.95,Low
80.99,204,Rubber,Blue,Small,Custom Fit,215.19,Low
68.81,201,Steel,Red,Small,Custom Fit,253.71,Low
508.09,141,Plastic,Red,Medium,Custom Fit,610.63,Low
464.67,201,Carbon Fiber,Red,Large,Universal Fit,547.86,Low
474.24,93,Rubber,Black,Large,Universal Fit,581.3,Low
451.01,180,Carbon Fiber,Silver,Medium,Custom Fit,594.26,Low
423.71,207,Carbon Fiber,Silver,Small,Custom Fit,572.74,Low
405.39,162,Steel,Black,Small,Custom Fit,505.7,Low
432.8,240,Steel,Blue,XL,Custom Fit,528.08,Low
518.95,179,Plastic,Silver,XL,Custom Fit,552.29,Low
436.85,18,Rubber,Gray,Medium,Custom Fit,574.21,Low
508.5,333,Rubber,Red,Small,Universal Fit,626.83,Low
515.93,4,Carbon Fiber,Black,Medium,Custom Fit,631.73,Low
506.54,78,Plastic,Blue,Medium,Custom Fit,612.24,Low
415.81,62,Plastic,Red,XL,Custom Fit,492.36,Low
482.07,456,Rubber,Red,Large,Custom Fit,571.26,Low
425.93,138,Rubber,Gray,Medium,Universal Fit,546.28,Low
130.54,251,Aluminum,Red,Small,Universal Fit,170.08,Low
126.19,499,Aluminum,Blue,Medium,Custom Fit,212.75,Low
98.92,7,Aluminum,Gray,Medium,Universal Fit,203.47,Low
121.25,425,Steel,Gray,Medium,Universal Fit,174.56,Low
111.16,342,Steel,Gray,Medium,Custom Fit,164.56,Low
131.17,412,Rubber,Black,XL,Universal Fit,213.02,Low
116.73,102,Rubber,Red,XL,Custom Fit,205.32,Low
143.22,391,Carbon Fiber,Silver,Medium,Universal Fit,210.66,Low
58.95,68,Carbon Fiber,Silver,XL,Custom Fit,221.12,Low
74.24,13,Rubber,Red,XL,Universal Fit,192.42,Low
74.98,61,Steel,Blue,Small,Universal Fit,204.11,Low
60.79,103,Rubber,Blue,Medium,Universal Fit,204.1,Low
63.24,313,Steel,Silver,Large,Universal Fit,166.13,Low
121.56,299,Rubber,Gray,Large,Custom Fit,232.73,Low
194.48,157,Steel,Blue,XL,Universal Fit,271.06,Low
166.3,269,Rubber,Blue,Small,Custom Fit,251.66,Low
162.76,337,Aluminum,Silver,Large,Universal Fit,313.71,Low
146.06,243,Plastic,Black,Large,Universal Fit,228.38,Low
81.83,434,Plastic,Red,Large,Universal Fit,246.71,Low
164.38,82,Plastic,Silver,XL,Universal Fit,297.09,Low
89.5,452,Rubber,Blue,Medium,Universal Fit,270.42,Low
218.86,396,Aluminum,Black,Large,Custom Fit,323.2,Low
73.18,109,Carbon Fiber,Black,Small,Universal Fit,199.33,Low
192.81,209,Carbon Fiber,Black,Large,Universal Fit,304.89,Low
138.32,261,Carbon Fiber,Gray,Small,Universal Fit,288.86,Low
110.06,447,Aluminum,Red,Large,Universal Fit,221.42,Low
194.9,364,Carbon Fiber,Silver,Medium,Custom Fit,343.71,Low
178.55,163,Carbon Fiber,Red,Large,Universal Fit,249.9,Low
129.93,264,Rubber,Gray,Large,Custom Fit,221.33,Low
77.16,243,Carbon Fiber,Blue,Small,Custom Fit,177.4,Low
69.95,316,Aluminum,Blue,Small,Custom Fit,171.76,Low
61.83,205,Carbon Fiber,Red,Large,Universal Fit,143.11,Low
60.24,311,Steel,Red,Large,Universal Fit,195.57,Low
110.23,214,Aluminum,Black,Large,Universal Fit,222.33,Low
91.86,126,Plastic,Red,Large,Custom Fit,222.98,Low
98.03,315,Steel,Blue,XL,Custom Fit,250.37,Low
166.68,302,Carbon Fiber,Silver,Small,Universal Fit,267.02,Low
74.44,437,Rubber,Black,Medium,Custom Fit,198.7,Low
102.82,470,Steel,Red,Large,Custom Fit,215.91,Low
70.96,374,Steel,Gray,Small,Custom Fit,233.58,Low
87.44,450,Rubber,Gray,Medium,Universal Fit,207.33,Low
48.2,313,Carbon Fiber,Blue,Small,Custom Fit,165.03,Low
78.93,109,Rubber,Red,Small,Universal Fit,237.66,Low
67.28,353,Carbon Fiber,Blue,XL,Universal Fit,205.44,Low
93.09,218,Aluminum,Black,Large,Universal Fit,223.25,Low
97.63,141,Steel,Black,Medium,Universal Fit,257.2,Low
78.38,382,Carbon Fiber,Silver,XL,Custom Fit,165.32,Low
110.86,185,Rubber,Gray,Small,Universal Fit,224.01,Low
151.87,237,Aluminum,Blue,Small,Universal Fit,240.52,Low
43.48,393,Rubber,Red,XL,Custom Fit,203.48,Low
52.38,372,Plastic,Red,XL,Universal Fit,196.44,Low
98.08,416,Rubber,Gray,Small,Custom Fit,233.3,Low
27.15,374,Steel,Silver,Large,Universal Fit,147.51,Low
79.75,476,Aluminum,Blue,Large,Universal Fit,157.34,Low
137.73,459,Steel,Blue,Small,Universal Fit,232.28,Low
126.56,421,Steel,Silver,XL,Custom Fit,253.02,Low
96.36,355,Aluminum,Black,Medium,Custom Fit,134.22,Low
228.48,103,Carbon Fiber,Silver,Medium,Universal Fit,332.77,Low
191.06,190,Carbon Fiber,Blue,Medium,Universal Fit,306.41,Low
70.37,459,Rubber,Silver,Large,Universal Fit,176.34,Low
144.55,488,Steel,Black,Small,Custom Fit,239.59,Low
452.91,206,Steel,Gray,Large,Universal Fit,616.21,Low
437.97,432,Plastic,Silver,Medium,Custom Fit,548.2,Low
461.04,14,Rubber,Gray,Large,Universal Fit,587.74,Low
417.12,393,Steel,Gray,XL,Custom Fit,558.29,Low
176.36,407,Steel,Black,Large,Custom Fit,316.66,Low
278.57,489,Rubber,Black,Medium,Custom Fit,385.95,Low
257.88,248,Rubber,Gray,Small,Universal Fit,363.65,Low
251.72,233,Steel,Black,Medium,Custom Fit,330.35,Low
188.31,262,Carbon Fiber,Black,Small,Custom Fit,352.24,Low
243.96,159,Steel,Silver,Small,Custom Fit,342.22,Low
197.08,64,Rubber,Red,Medium,Universal Fit,316.84,Low
269.67,298,Rubber,Blue,Large,Custom Fit,400.64,Low
311.18,304,Carbon Fiber,Gray,XL,Universal Fit,433.44,Low
251.15,208,Carbon Fiber,Black,XL,Universal Fit,317.46,Low
210.58,467,Steel,Red,Medium,Custom Fit,313.03,Low
216.84,9,Plastic,Gray,Medium,Universal Fit,307.51,Low
108.73,29,Aluminum,Red,Small,Universal Fit,272.47,Low
43.18,159,Steel,Black,Medium,Custom Fit,227.02,Low
14.19,104,Carbon Fiber,Blue,XL,Universal Fit,132.71,Low
59.35,163,Rubber,Blue,XL,Custom Fit,216.27,Low
145.36,20,Steel,Gray,Medium,Universal Fit,198.82,Low
61.61,473,Steel,Blue,Medium,Custom Fit,199.44,Low
31.44,124,Rubber,Black,Large,Universal Fit,161.96,Low
47.8,85,Aluminum,Gray,Medium,Custom Fit,211.04,Low
27.06,238,Steel,Gray,Large,Custom Fit,171.4,Low
151.74,331,Steel,Silver,XL,Custom Fit,207.64,Low
112.77,14,Aluminum,Blue,XL,Custom Fit,192.69,Low
162.45,473,Plastic,Silver,Medium,Custom Fit,211.73,Low
97.13,461,Carbon Fiber,Red,Small,Universal Fit,254.39,Low
117.38,458,Plastic,Blue,Medium,Universal Fit,258.17,Low
97.68,225,Plastic,Gray,Medium,Custom Fit,189.38,Low
43.37,94,Rubber,Black,Small,Universal Fit,146.37,Low
19.01,261,Rubber,Blue,Small,Custom Fit,145.64,Low
61.98,324,Rubber,Silver,Small,Universal Fit,172.99,Low
63.72,165,Plastic,Red,XL,Universal Fit,146.34,Low
69.24,499,Plastic,Black,Large,Universal Fit,220.8,Low
37.29,121,Rubber,Black,Medium,Universal Fit,140.29,Low
66.21,476,Carbon Fiber,Silver,Medium,Custom Fit,185.98,Low
104.86,232,Aluminum,Blue,Medium,Universal Fit,273.66,Low
107.92,332,Carbon Fiber,Black,Large,Universal Fit,268.5,Low
139.99,131,Steel,Gray,Large,Custom Fit,210.63,Low
98.71,101,Carbon Fiber,Red,Medium,Universal Fit,248.2,Low
103.48,91,Carbon Fiber,Red,Small,Custom Fit,205.48,Low
115.97,333,Carbon Fiber,Black,XL,Custom Fit,259.75,Low
101.46,157,Carbon Fiber,Blue,XL,Universal Fit,207.12,Low
155.68,157,Carbon Fiber,Red,Large,Custom Fit,251.24,Low
99.75,472,Steel,Gray,Medium,Custom Fit,267.7,Low
44.89,319,Plastic,Blue,XL,Universal Fit,211.47,Low
96.76,314,Plastic,Red,Small,Custom Fit,189.24,Low
62.4,261,Aluminum,Gray,Medium,Custom Fit,206.11,Low
125.91,176,Aluminum,Blue,Large,Universal Fit,243.8,Low
166.83,452,Steel,Gray,Small,Universal Fit,230.57,Low
167.53,224,Steel,Black,XL,Universal Fit,259.86,Low
157.8,222,Plastic,Gray,Small,Universal Fit,240.25,Low
122.77,465,Aluminum,Silver,Small,Custom Fit,267.42,Low
235.72,289,Steel,Red,Large,Universal Fit,312.12,Low
232.33,87,Plastic,Blue,Medium,Custom Fit,313.69,Low
492.19,239,Steel,Black,Medium,Custom Fit,620.58,Low
495.34,411,Aluminum,Gray,Medium,Universal Fit,535.86,Low
504.53,92,Steel,Red,Medium,Custom Fit,581.89,Low
470.46,11,Plastic,Blue,Small,Custom Fit,569.33,Low
539.67,331,Steel,Black,Large,Universal Fit,628.48,Low
465.62,158,Rubber,Black,Large,Custom Fit,609.18,Low
503.86,444,Steel,Black,Small,Custom Fit,631.07,Low
468.66,17,Rubber,Silver,Large,Universal Fit,643.36,Low
458.72,28,Rubber,Blue,Medium,Universal Fit,582.83,Low
439.04,381,Rubber,Black,Large,Universal Fit,556.6,Low
548.46,193,Plastic,Red,Medium,Universal Fit,654.16,Low
435.11,62,Plastic,Blue,Small,Universal Fit,564.13,Low
252.44,273,Aluminum,Gray,Medium,Universal Fit,337.29,Low
274.47,353,Rubber,Blue,Large,Custom Fit,398.51,Low
208.72,453,Aluminum,Gray,Large,Universal Fit,269.21,Low
196.52,345,Plastic,Gray,Medium,Universal Fit,358.36,Low
229.99,116,Carbon Fiber,Blue,Small,Universal Fit,304.92,Low
298.72,7,Aluminum,Red,Small,Custom Fit,362.84,Low
208.95,342,Plastic,Red,Large,Universal Fit,319.06,Low
290.4,300,Aluminum,Gray,Medium,Custom Fit,321.67,Low
210.88,489,Steel,Red,Large,Custom Fit,315.78,Low
279.58,26,Steel,Red,XL,Custom Fit,370.9,Low
294.45,246,Carbon Fiber,Red,XL,Universal Fit,406.98,Low
188.6,87,Carbon Fiber,Red,Small,Custom Fit,294.63,Low
235.76,425,Steel,Red,Small,Custom Fit,361.8,Low
223.7,68,Aluminum,Red,Large,Universal Fit,367.4,Low
214.4,439,Rubber,Silver,Medium,Universal Fit,318.33,Low
272.07,206,Carbon Fiber,Red,Large,Custom Fit,370.42,Low
272.06,257,Plastic,Black,Medium,Universal Fit,365.01,Low
264.65,449,Rubber,Black,Medium,Custom Fit,405.22,Low
208.45,110,Steel,Silver,Small,Custom Fit,371.67,Low
243.59,43,Carbon Fiber,Blue,XL,Universal Fit,396.56,Low
305.84,207,Plastic,Blue,Medium,Custom Fit,373.3,Low
268.96,93,Plastic,Gray,XL,Custom Fit,419.73,Low
252.14,397,Plastic,Red,Medium,Custom Fit,332.21,Low
259.93,111,Aluminum,Red,Medium,Custom Fit,309.15,Low
196.62,494,Rubber,Red,XL,Custom Fit,295.69,Low
252.24,405,Aluminum,Blue,Small,Universal Fit,336.33,Low
318.57,146,Carbon Fiber,Silver,Medium,Custom Fit,380.87,Low
215.15,234,Rubber,Gray,XL,Custom Fit,285.83,Low
209.0,497,Rubber,Blue,Large,Universal Fit,318.41,Low
228.48,255,Rubber,Black,XL,Universal Fit,293.45,Low
169.5,85,Plastic,Silver,Large,Universal Fit,290.84,Low
113.21,173,Carbon Fiber,Red,Medium,Universal Fit,250.3,Low
177.54,195,Rubber,Black,Small,Universal Fit,343.63,Low
255.19,146,Rubber,Black,XL,Universal Fit,311.58,Low
191.25,456,Rubber,Silver,Small,Universal Fit,260.1,Low
237.53,386,Plastic,Red,Medium,Custom Fit,328.71,Low
162.18,30,Steel,Silver,Small,Custom Fit,255.07,Low
182.22,401,Steel,Gray,Small,Universal Fit,376.33,Low
173.87,407,Plastic,Silver,Medium,Custom Fit,316.2,Low
249.95,119,Steel,Red,Medium,Universal Fit,361.79,Low
238.05,140,Aluminum,Black,Large,Custom Fit,296.32,Low
158.81,177,Carbon Fiber,Silver,Small,Universal Fit,281.94,Low
244.71,316,Rubber,Blue,Medium,Custom Fit,347.35,Low
216.1,395,Rubber,Black,XL,Custom Fit,340.16,Low
188.81,376,Plastic,Blue,Small,Custom Fit,322.32,Low
251.01,391,Carbon Fiber,Silver,XL,Universal Fit,377.12,Low
234.05,141,Carbon Fiber,Blue,Small,Universal Fit,268.71,Low
322.93,76,Plastic,Silver,Medium,Universal Fit,398.65,Low
156.08,281,Steel,Red,XL,Universal Fit,283.79,Low
219.62,378,Carbon Fiber,Silver,XL,Universal Fit,322.67,Low
201.45,83,Steel,Blue,Medium,Universal Fit,346.2,Low
274.91,429,Steel,Silver,Large,Custom Fit,443.95,Low
320.38,189,Aluminum,Gray,Medium,Universal Fit,425.95,Low
222.2,374,Plastic,Gray,XL,Universal Fit,309.32,Low
205.62,61,Steel,Black,XL,Universal Fit,262.62,Low
277.22,74,Carbon Fiber,Silver,Medium,Custom Fit,393.8,Low
229.55,443,Steel,Red,XL,Custom Fit,408.41,Low
264.52,340,Steel,Blue,Large,Universal Fit,411.04,Low
256.85,338,Aluminum,Red,Small,Custom Fit,285.51,Low
283.8,378,Plastic,Gray,Medium,Custom Fit,376.48,Low
303.24,18,Plastic,Black,Medium,Universal Fit,391.86,Low
233.49,8,Carbon Fiber,Black,Small,Custom Fit,425.08,Low
304.66,237,Steel,Gray,Medium,Custom Fit,347.49,Low
301.24,91,Aluminum,Black,Medium,Custom Fit,407.44,Low
212.13,374,Rubber,Silver,Large,Universal Fit,347.74,Low
234.64,38,Carbon Fiber,Black,Medium,Custom Fit,345.77,Low
274.5,293,Rubber,Silver,XL,Universal Fit,360.91,Low
329.56,22,Plastic,Red,Medium,Universal Fit,449.62,Low
359.01,133,Plastic,Black,Small,Universal Fit,401.69,Low
339.53,185,Carbon Fiber,Blue,Large,Custom Fit,469.05,Low
286.64,305,Rubber,Blue,Medium,Universal Fit,337.06,Low
287.03,494,Carbon Fiber,Gray,Large,Custom Fit,364.99,Low
315.11,190,Carbon Fiber,Black,Small,Custom Fit,423.62,Low
303.06,370,Steel,Gray,Medium,Universal Fit,345.84,Low
299.75,310,Plastic,Red,Medium,Custom Fit,431.97,Low
297.11,168,Carbon Fiber,Gray,XL,Universal Fit,399.91,Low
301.29,244,Aluminum,Red,Small,Custom Fit,416.78,Low
245.37,207,Steel,Blue,XL,Universal Fit,388.52,Low
303.92,306,Carbon Fiber,Silver,Medium,Custom Fit,395.84,Low
251.8,240,Rubber,Black,XL,Custom Fit,422.56,Low
361.95,77,Plastic,Blue,XL,Universal Fit,434.33,Low
236.22,157,Plastic,Gray,Large,Custom Fit,370.63,Low
288.07,494,Aluminum,Silver,Large,Custom Fit,437.18,Low
12.79,483,Rubber,Blue,Small,Universal Fit,176.59,Low
57.28,450,Aluminum,Red,Large,Universal Fit,167.61,Low
33.65,467,Rubber,Silver,Small,Universal Fit,139.08,Low
7.58,408,Rubber,Gray,Medium,Custom Fit,136.07,Low
3.59,449,Steel,Silver,Medium,Custom Fit,90.95,Low
347.75,95,Steel,Blue,Small,Universal Fit,444.81,Low
369.32,189,Plastic,Silver,Medium,Custom Fit,504.03,Low
347.41,415,Plastic,Red,XL,Custom Fit,453.64,Low
364.92,225,Aluminum,Blue,Large,Custom Fit,475.09,Low
363.19,472,Rubber,Blue,Small,Custom Fit,416.36,Low
376.33,473,Aluminum,Black,Small,Universal Fit,454.29,Low
321.38,277,Plastic,Gray,Medium,Custom Fit,439.35,Low
359.08,466,Rubber,Gray,XL,Custom Fit,467.68,Low
384.84,256,Steel,Blue,Large,Custom Fit,497.03,Low
346.45,429,Aluminum,Gray,Large,Custom Fit,438.04,Low
345.31,218,Steel,Blue,Medium,Custom Fit,467.93,Low
337.92,141,Carbon Fiber,Red,Small,Universal Fit,452.86,Low
364.16,453,Aluminum,Red,Medium,Universal Fit,505.39,Low
440.19,412,Steel,Blue,Small,Custom Fit,536.04,Low
330.34,174,Rubber,Silver,Small,Universal Fit,480.71,Low
387.51,60,Aluminum,Red,Small,Universal Fit,460.6,Low
363.7,252,Aluminum,Silver,Large,Custom Fit,466.97,Low
369.33,290,Plastic,Gray,Small,Universal Fit,398.9,Low
410.21,255,Plastic,Red,Large,Universal Fit,502.53,Low
396.78,149,Carbon Fiber,Blue,XL,Custom Fit,552.06,Low
345.14,299,Plastic,Red,Small,Custom Fit,442.02,Low
342.44,200,Carbon Fiber,Silver,Large,Universal Fit,415.86,Low
348.17,157,Aluminum,Black,Large,Universal Fit,468.76,Low
332.66,171,Plastic,Red,XL,Universal Fit,436.43,Low
319.05,388,Plastic,Gray,Large,Custom Fit,480.42,Low
413.84,193,Rubber,Black,XL,Universal Fit,453.92,Low
327.8,99,Steel,Black,XL,Custom Fit,442.09,Low
408.74,331,Rubber,Gray,Small,Universal Fit,480.14,Low
384.69,110,Rubber,Gray,Small,Universal Fit,452.43,Low
364.97,144,Rubber,Silver,Large,Universal Fit,507.63,Low
355.13,202,Plastic,Red,XL,Universal Fit,492.95,Low
377.21,138,Rubber,Red,Medium,Universal Fit,479.12,Low
18.28,11,Rubber,Silver,Small,Custom Fit,182.31,Low
35.68,156,Rubber,Blue,Small,Universal Fit,157.2,Low
5.78,352,Steel,Black,Medium,Universal Fit,143.73,Low
37.16,402,Plastic,Black,Large,Custom Fit,131.53,Low
14.06,475,Steel,Blue,Medium,Universal Fit,179.77,Low
235.75,56,Steel,Blue,Small,Custom Fit,355.94,Low
132.64,408,Rubber,Red,Small,Universal Fit,236.63,Low
180.23,481,Plastic,Gray,XL,Custom Fit,338.28,Low
213.75,130,Aluminum,Blue,Large,Universal Fit,380.45,Low
170.09,350,Steel,Gray,XL,Custom Fit,271.06,Low
171.75,173,Plastic,Gray,Small,Custom Fit,295.1,Low
211.43,330,Plastic,Blue,Medium,Custom Fit,295.46,Low
271.9,1,Rubber,Red,Large,Universal Fit,339.22,Low
223.3,4,Rubber,Silver,XL,Universal Fit,290.35,Low
166.55,127,Aluminum,Red,Medium,Universal Fit,265.48,Low
131.84,362,Carbon Fiber,Red,XL,Universal Fit,310.4,Low
268.91,392,Plastic,Gray,Large,Custom Fit,354.46,Low
177.05,29,Plastic,Gray,Medium,Custom Fit,287.87,Low
26.12,54,Carbon Fiber,Red,XL,Custom Fit,156.41,Low
22.02,381,Plastic,Blue,Large,Custom Fit,113.1,Low
111.85,127,Plastic,Black,Medium,Custom Fit,147.68,Low
55.27,187,Carbon Fiber,Gray,Large,Custom Fit,132.96,Low
39.27,311,Rubber,Black,Large,Universal Fit,132.65,Low
60.96,240,Rubber,Black,Small,Custom Fit,166.28,Low
101.97,112,Aluminum,Red,Medium,Custom Fit,155.24,Low
79.81,422,Aluminum,Black,XL,Custom Fit,194.67,Low
142.8,478,Carbon Fiber,Red,Small,Universal Fit,244.7,Low
61.13,11,Plastic,Red,Small,Custom Fit,237.85,Low
107.87,398,Carbon Fiber,Gray,Medium,Universal Fit,198.54,Low
98.79,163,Rubber,Blue,Small,Custom Fit,162.55,Low
23.4,434,Rubber,Silver,XL,Universal Fit,163.21,Low
51.27,417,Aluminum,Gray,Large,Custom Fit,183.52,Low
249.28,470,Aluminum,Red,Small,Custom Fit,315.23,Low
200.66,305,Carbon Fiber,Black,Medium,Custom Fit,314.76,Low
170.15,306,Plastic,Gray,Large,Universal Fit,274.62,Low
247.94,314,Carbon Fiber,Gray,Small,Universal Fit,373.76,Low
201.73,73,Carbon Fiber,Red,Large,Custom Fit,357.0,Low
161.4,295,Steel,Blue,Small,Universal Fit,267.5,Low
166.28,498,Rubber,Silver,Medium,Universal Fit,200.58,Low
196.82,303,Carbon Fiber,Silver,Small,Universal Fit,249.93,Low
96.89,251,Plastic,Black,Medium,Custom Fit,230.82,Low
162.54,233,Plastic,Silver,Large,Custom Fit,291.16,Low
79.2,455,Steel,Red,Medium,Custom Fit,204.13,Low
18.32,178,Rubber,Silver,XL,Custom Fit,179.03,Low
75.98,117,Carbon Fiber,Silver,XL,Custom Fit,110.1,Low
148.41,243,Plastic,Gray,Medium,Universal Fit,208.63,Low
75.7,17,Aluminum,Silver,XL,Custom Fit,191.03,Low
96.42,341,Carbon Fiber,Red,Large,Custom Fit,261.85,Low
133.59,178,Carbon Fiber,Silver,Small,Universal Fit,174.4,Low
54.11,12,Steel,Black,Small,Custom Fit,186.3,Low
175.81,262,Steel,Blue,Large,Custom Fit,218.15,Low
120.76,187,Steel,Gray,Medium,Universal Fit,260.32,Low
108.36,212,Steel,Black,Small,Custom Fit,212.48,Low
116.16,256,Aluminum,Silver,Medium,Custom Fit,263.79,Low
74.94,86,Aluminum,Black,Large,Universal Fit,237.83,Low
130.31,372,Rubber,Gray,Medium,Custom Fit,185.66,Low
11.56,9,Carbon Fiber,Blue,Large,Universal Fit,149.68,Low
66.19,459,Rubber,Gray,Medium,Universal Fit,143.47,Low
58.13,223,Steel,Red,Large,Custom Fit,220.99,Low
162.96,158,Plastic,Gray,Medium,Universal Fit,228.11,Low
199.55,463,Carbon Fiber,Red,Small,Custom Fit,263.0,Low
110.46,58,Aluminum,Black,Large,Universal Fit,260.87,Low
139.26,399,Plastic,Black,Medium,Custom Fit,244.4,Low
61.12,202,Rubber,Gray,Small,Universal Fit,193.48,Low
79.19,292,Rubber,Red,Large,Custom Fit,239.3,Low
186.91,61,Steel,Red,Large,Universal Fit,276.22,Low
122.11,102,Aluminum,Black,XL,Universal Fit,275.15,Low
124.22,387,Aluminum,Blue,Small,Custom Fit,272.89,Low
156.96,105,Steel,Gray,Large,Universal Fit,280.53,Low
93.09,220,Rubber,Red,XL,Universal Fit,265.83,Low
118.46,423,Rubber,Blue,Medium,Custom Fit,216.95,Low
142.33,1,Aluminum,Black,Large,Universal Fit,303.54,Low
160.96,245,Plastic,Red,XL,Custom Fit,313.41,Low
114.83,310,Aluminum,Silver,Small,Universal Fit,282.69,Low
70.21,462,Rubber,Blue,Small,Custom Fit,241.43,Low
104.04,391,Plastic,Silver,Large,Universal Fit,168.57,Low
98.99,28,Rubber,Gray,Large,Universal Fit,202.08,Low
43.62,296,Carbon Fiber,Black,XL,Custom Fit,191.18,Low
92.08,345,Steel,Gray,Medium,Custom Fit,192.81,Low
167.42,296,Aluminum,Gray,Large,Universal Fit,263.99,Low
150.88,386,Steel,Gray,XL,Universal Fit,270.14,Low
148.52,354,Aluminum,Gray,XL,Universal Fit,268.75,Low
97.06,317,Aluminum,Blue,Small,Custom Fit,242.16,Low
113.35,189,Rubber,Red,Small,Universal Fit,240.45,Low
87.14,160,Plastic,Silver,XL,Universal Fit,185.25,Low
146.16,396,Steel,Gray,Medium,Custom Fit,222.5,Low
46.93,460,Rubber,Blue,XL,Universal Fit,154.88,Low
83.26,101,Steel,Blue,Medium,Custom Fit,192.77,Low
125.4,405,Aluminum,Blue,Small,Universal Fit,294.49,Low
102.35,375,Aluminum,Gray,XL,Custom Fit,239.62,Low
106.77,116,Steel,Gray,Medium,Universal Fit,189.5,Low
185.4,38,Steel,Black,Medium,Universal Fit,384.79,Low
268.89,101,Plastic,Blue,Small,Universal Fit,416.86,Low
314.14,137,Rubber,Blue,XL,Universal Fit,367.46,Low
271.49,26,Carbon Fiber,Red,Large,Universal Fit,384.85,Low
276.29,446,Rubber,Blue,Medium,Custom Fit,347.65,Low
297.4,345,Carbon Fiber,Silver,XL,Custom Fit,403.56,Low
210.24,242,Aluminum,Red,XL,Custom Fit,354.94,Low
257.0,160,Plastic,Gray,Medium,Custom Fit,375.57,Low
198.99,33,Plastic,Gray,Small,Universal Fit,365.32,Low
178.44,327,Plastic,Silver,Medium,Universal Fit,306.64,Low
244.48,333,Aluminum,Blue,Medium,Custom Fit,356.63,Low
194.55,430,Steel,Silver,Medium,Universal Fit,286.8,Low
303.25,377,Steel,Black,Medium,Universal Fit,349.42,Low
201.35,191,Plastic,Silver,Medium,Custom Fit,309.77,Low
201.15,389,Steel,Silver,Large,Universal Fit,328.5,Low
303.12,150,Carbon Fiber,Black,Medium,Universal Fit,377.56,Low
290.3,248,Plastic,Black,Small,Universal Fit,397.9,Low
400.69,224,Steel,Gray,Large,Custom Fit,514.78,Low
311.78,433,Plastic,Silver,XL,Universal Fit,439.25,Low
321.03,169,Carbon Fiber,Gray,Large,Custom Fit,458.37,Low
365.98,233,Carbon Fiber,Red,XL,Custom Fit,516.62,Low
388.7,234,Steel,Silver,Small,Universal Fit,519.36,Low
253.64,388,Aluminum,Silver,XL,Custom Fit,371.71,Low
270.64,381,Rubber,Black,Small,Universal Fit,395.46,Low
308.4,493,Rubber,Gray,Large,Universal Fit,473.49,Low
315.39,313,Plastic,Red,Medium,Universal Fit,450.53,Low
281.58,51,Steel,Red,XL,Universal Fit,326.44,Low
156.93,284,Steel,Gray,XL,Custom Fit,235.92,Low
130.96,384,Plastic,Red,XL,Universal Fit,252.47,Low
127.59,74,Plastic,Black,Medium,Universal Fit,234.59,Low
80.64,475,Rubber,Red,Small,Universal Fit,171.15,Low
95.68,270,Aluminum,Silver,Medium,Universal Fit,227.58,Low
68.84,162,Plastic,Silver,Large,Universal Fit,205.83,Low
138.54,210,Plastic,Black,XL,Custom Fit,216.6,Low
64.2,280,Plastic,Black,XL,Custom Fit,174.03,Low
97.87,237,Steel,Blue,Small,Custom Fit,252.93,Low
438.86,80,Steel,Blue,Small,Universal Fit,502.45,Low
438.36,251,Rubber,Silver,XL,Universal Fit,601.38,Low
455.5,92,Aluminum,Silver,Large,Universal Fit,628.58,Low
437.36,460,Aluminum,Silver,Small,Custom Fit,576.72,Low
390.37,383,Steel,Black,Medium,Universal Fit,527.92,Low
436.07,323,Aluminum,Gray,Large,Custom Fit,545.96,Low
496.22,180,Rubber,Red,XL,Universal Fit,629.77,Low
446.58,322,Steel,Red,Medium,Custom Fit,508.18,Low
483.5,336,Plastic,Silver,Small,Universal Fit,591.91,Low
501.85,342,Aluminum,Gray,Large,Custom Fit,588.93,Low
380.23,420,Aluminum,Black,Medium,Universal Fit,500.85,Low
497.43,12,Carbon Fiber,Black,XL,Custom Fit,610.29,Low
440.3,82,Aluminum,Silver,Small,Universal Fit,577.23,Low
517.57,169,Plastic,Black,XL,Universal Fit,644.07,Low
494.69,23,Plastic,Blue,XL,Custom Fit,623.72,Low
486.4,124,Carbon Fiber,Gray,Medium,Custom Fit,587.65,Low
483.86,145,Steel,Black,Medium,Universal Fit,636.68,Low
493.27,489,Aluminum,Gray,Small,Universal Fit,588.1,Low
791.54,331,Rubber,Blue,Large,Universal Fit,855.3,Low
707.11,255,Rubber,Gray,XL,Custom Fit,790.5,Low
719.22,267,Aluminum,Gray,Small,Custom Fit,844.81,Low
724.43,351,Carbon Fiber,Black,Medium,Universal Fit,838.79,Low
713.3,261,Plastic,Red,XL,Universal Fit,830.96,Low
738.93,2,Rubber,Black,Medium,Custom Fit,785.26,Low
733.33,305,Rubber,Silver,Large,Universal Fit,886.38,Low
791.3,464,Carbon Fiber,Red,Large,Universal Fit,862.29,Low
810.86,412,Steel,Gray,Large,Universal Fit,907.17,Low
167.41,330,Aluminum,Blue,Medium,Custom Fit,285.13,Low
59.7,424,Plastic,Red,Small,Custom Fit,197.53,Low
98.1,323,Plastic,Silver,Medium,Universal Fit,262.28,Low
92.07,81,Carbon Fiber,Silver,Medium,Custom Fit,146.13,Low
16.98,195,Carbon Fiber,Black,Small,Custom Fit,175.13,Low
79.42,163,Rubber,Gray,Large,Universal Fit,115.9,Low
20.18,244,Plastic,Red,XL,Universal Fit,127.12,Low
72.57,452,Plastic,Silver,Medium,Custom Fit,168.65,Low
154.09,22,Rubber,Blue,Large,Custom Fit,291.44,Low
108.14,358,Plastic,Blue,XL,Custom Fit,218.48,Low
257.71,343,Carbon Fiber,Blue,Small,Custom Fit,355.39,Low
216.83,344,Carbon Fiber,Black,Medium,Universal Fit,301.58,Low
180.2,328,Plastic,Red,Large,Custom Fit,240.25,Low
194.94,161,Plastic,Silver,Large,Universal Fit,303.22,Low
113.23,488,Rubber,Blue,XL,Universal Fit,153.42,Low
144.4,117,Steel,Blue,Small,Universal Fit,230.36,Low
438.06,257,Aluminum,Silver,XL,Custom Fit,480.86,Low
362.2,485,Aluminum,Silver,XL,Custom Fit,511.88,Low
372.53,28,Carbon Fiber,Red,XL,Custom Fit,533.14,Low
1514.76,428,Aluminum,Blue,XL,Custom Fit,1651.56,Low
1590.38,162,Plastic,Silver,Small,Custom Fit,1698.19,Low
1551.42,143,Plastic,Silver,XL,Custom Fit,1672.51,Low
1566.36,427,Steel,Black,XL,Custom Fit,1692.12,Low
700.17,324,Steel,Blue,Medium,Custom Fit,893.91,Low
802.75,436,Plastic,Gray,Medium,Custom Fit,882.33,Low
719.05,340,Carbon Fiber,Red,Large,Custom Fit,865.23,Low
682.46,459,Aluminum,Silver,Medium,Universal Fit,837.62,Low
789.62,95,Aluminum,Silver,Medium,Custom Fit,856.98,Low
551.48,322,Aluminum,Silver,Medium,Universal Fit,737.46,Low
588.17,479,Aluminum,Silver,Medium,Universal Fit,660.53,Low
585.6,412,Plastic,Red,Small,Custom Fit,769.51,Low
559.66,54,Steel,Red,Medium,Custom Fit,705.48,Low
25.97,261,Rubber,Red,Large,Custom Fit,113.78,Low
62.7,266,Carbon Fiber,Gray,Large,Custom Fit,137.29,Low
47.51,224,Plastic,Black,Small,Custom Fit,167.81,Low
6.55,158,Aluminum,Blue,Large,Custom Fit,143.71,Low
79.64,496,Steel,Black,Large,Custom Fit,138.98,Low
54.75,84,Rubber,Black,Small,Universal Fit,173.55,Low
115.33,415,Steel,Black,XL,Universal Fit,212.11,Low
102.44,458,Rubber,Gray,XL,Custom Fit,215.63,Low
146.15,462,Aluminum,Gray,Small,Custom Fit,261.64,Low
105.79,377,Aluminum,Red,Small,Custom Fit,243.3,Low
10.66,227,Carbon Fiber,Silver,Medium,Custom Fit,144.78,Low
89.53,442,Steel,Gray,Large,Universal Fit,141.53,Low
86.05,161,Aluminum,Blue,Small,Custom Fit,184.18,Low
25.82,361,Carbon Fiber,Gray,XL,Custom Fit,183.38,Low
29.48,483,Steel,Red,XL,Custom Fit,169.17,Low
68.91,217,Aluminum,Silver,Small,Custom Fit,112.77,Low
67.54,428,Steel,Gray,XL,Custom Fit,158.18,Low
95.33,62,Aluminum,Gray,Large,Custom Fit,233.03,Low
100.31,359,Plastic,Red,Small,Custom Fit,250.42,Low
68.95,146,Plastic,Silver,Medium,Custom Fit,204.49,Low
33.02,189,Aluminum,Gray,Medium,Custom Fit,163.23,Low
102.61,341,Rubber,Blue,Small,Custom Fit,251.53,Low
108.46,106,Steel,Red,Medium,Universal Fit,199.44,Low
53.94,277,Steel,Silver,Medium,Universal Fit,160.19,Low
59.12,116,Aluminum,Black,Medium,Custom Fit,151.29,Low
119.41,418,Aluminum,Blue,XL,Custom Fit,195.0,Low
35.85,161,Steel,Red,XL,Universal Fit,106.62,Low
101.98,431,Plastic,Gray,XL,Custom Fit,174.15,Low
61.92,287,Rubber,Silver,Medium,Universal Fit,221.32,Low
71.17,326,Steel,Red,Small,Custom Fit,172.43,Low
98.35,161,Plastic,Gray,Small,Universal Fit,248.07,Low
67.56,76,Aluminum,Gray,Small,Universal Fit,161.65,Low
82.32,101,Rubber,Gray,Small,Universal Fit,168.68,Low
84.35,223,Steel,Gray,XL,Universal Fit,165.58,Low
105.13,341,Steel,Gray,Medium,Universal Fit,210.28,Low
42.11,422,Steel,Gray,Medium,Universal Fit,151.56,Low
96.69,81,Aluminum,Red,XL,Custom Fit,217.45,Low
64.18,287,Steel,Gray,Small,Custom Fit,191.87,Low
67.01,103,Carbon Fiber,Blue,XL,Universal Fit,148.3,Low
131.45,184,Aluminum,Black,Small,Custom Fit,185.22,Low
45.33,326,Steel,Red,XL,Universal Fit,156.38,Low
75.81,50,Plastic,Red,Small,Custom Fit,162.27,Low
77.83,105,Carbon Fiber,Silver,Large,Universal Fit,176.14,Low
129.36,27,Aluminum,Silver,XL,Custom Fit,198.36,Low
128.31,496,Plastic,Black,Small,Universal Fit,250.42,Low
23.31,447,Aluminum,Red,Small,Universal Fit,130.64,Low
29.96,29,Carbon Fiber,Black,Medium,Custom Fit,120.42,Low
233.77,466,Steel,Blue,Large,Custom Fit,347.08,Low
216.14,403,Carbon Fiber,Red,Large,Custom Fit,327.17,Low
169.77,271,Rubber,Red,XL,Universal Fit,318.16,Low
180.06,390,Aluminum,Blue,Small,Universal Fit,319.1,Low
182.7,256,Aluminum,Silver,Small,Custom Fit,275.57,Low
199.87,356,Rubber,Blue,Large,Universal Fit,273.99,Low
52.56,165,Aluminum,Red,Small,Universal Fit,138.29,Low
24.02,484,Plastic,Red,Medium,Custom Fit,126.03,Low
59.15,9,Steel,Silver,Medium,Custom Fit,152.89,Low
69.84,422,Rubber,Red,XL,Custom Fit,206.98,Low
60.61,70,Steel,Black,Small,Universal Fit,149.45,Low
80.08,469,Aluminum,Silver,Small,Universal Fit,227.2,Low
21.34,217,Steel,Blue,Medium,Universal Fit,138.05,Low
40.76,89,Steel,Black,Medium,Universal Fit,134.85,Low
15.45,13,Plastic,Silver,XL,Universal Fit,74.99,Low
20.5,49,Steel,Gray,XL,Universal Fit,134.86,Low
71.04,385,Aluminum,Black,Small,Universal Fit,134.2,Low
103.27,209,Steel,Black,Medium,Universal Fit,168.06,Low
63.84,263,Rubber,Blue,XL,Universal Fit,146.07,Low
80.54,498,Carbon Fiber,Silver,XL,Custom Fit,177.12,Low
45.31,76,Aluminum,Red,Large,Custom Fit,154.69,Low
4.27,189,Plastic,Silver,Large,Custom Fit,159.51,Low
84.1,258,Steel,Blue,Medium,Universal Fit,176.57,Low
10.71,350,Steel,Blue,Large,Custom Fit,82.75,Low
42.65,205,Steel,Red,Medium,Custom Fit,163.89,Low
30.24,268,Carbon Fiber,Gray,Small,Universal Fit,187.59,Low
43.04,38,Plastic,Red,Small,Universal Fit,166.0,Low
602.01,20,Carbon Fiber,Blue,Large,Universal Fit,725.11,Low
554.38,184,Steel,Gray,Small,Custom Fit,652.2,Low
630.93,205,Steel,Blue,Small,Universal Fit,724.05,Low
567.48,267,Aluminum,Gray,Medium,Custom Fit,732.89,Low
644.12,440,Rubber,Blue,Large,Universal Fit,764.61,Low
559.75,131,Aluminum,Silver,Small,Custom Fit,692.59,Low
605.95,15,Aluminum,Red,Small,Universal Fit,765.73,Low
484.0,204,Rubber,Black,Large,Custom Fit,593.78,Low
538.68,405,Plastic,Silver,XL,Custom Fit,675.61,Low
432.47,30,Carbon Fiber,Black,Large,Custom Fit,581.34,Low
488.52,98,Aluminum,Black,Small,Custom Fit,616.33,Low
430.77,259,Plastic,Gray,XL,Universal Fit,530.86,Low
469.0,169,Steel,Gray,Small,Universal Fit,564.73,Low
440.01,494,Rubber,Blue,Small,Universal Fit,597.53,Low
617.18,475,Aluminum,Black,XL,Custom Fit,754.12,Low
578.37,357,Aluminum,Blue,Large,Universal Fit,767.08,Low
600.46,328,Aluminum,Black,XL,Custom Fit,741.64,Low
622.36,0,Carbon Fiber,Black,Large,Universal Fit,767.21,Low
613.05,337,Rubber,Red,Small,Custom Fit,670.35,Low
622.35,197,Plastic,Black,Large,Universal Fit,691.5,Low
787.65,246,Rubber,Black,XL,Universal Fit,898.34,Low
688.49,61,Rubber,Blue,Small,Custom Fit,831.75,Low
728.33,474,Steel,Blue,Small,Custom Fit,772.4,Low
720.59,92,Steel,Gray,Large,Universal Fit,869.95,Low
744.42,191,Rubber,Blue,Large,Universal Fit,837.2,Low
739.72,35,Carbon Fiber,Gray,Small,Custom Fit,831.66,Low
700.78,15,Aluminum,Black,XL,Universal Fit,850.25,Low
712.53,350,Rubber,Gray,XL,Custom Fit,813.99,Low
687.98,64,Aluminum,Black,XL,Universal Fit,775.17,Low
707.09,490,Steel,Red,Small,Custom Fit,829.88,Low
778.51,6,Plastic,Silver,Medium,Universal Fit,897.8,Low
730.23,417,Aluminum,Silver,XL,Universal Fit,798.91,Low
724.97,26,Aluminum,Red,XL,Universal Fit,795.3,Low
678.38,332,Rubber,Red,Small,Universal Fit,854.47,Low
765.21,64,Steel,Blue,XL,Universal Fit,804.26,Low
700.47,147,Aluminum,Red,Medium,Custom Fit,824.57,Low
719.99,153,Plastic,Gray,Medium,Universal Fit,859.48,Low
733.04,196,Steel,Red,Large,Universal Fit,842.77,Low
719.04,462,Rubber,Black,Medium,Custom Fit,820.44,Low
722.35,290,Rubber,Blue,Large,Universal Fit,882.06,Low
783.23,481,Aluminum,Black,Small,Universal Fit,809.13,Low
702.47,421,Rubber,Black,Medium,Universal Fit,829.62,Low
720.3,311,Steel,Black,Medium,Universal Fit,813.83,Low
716.6,241,Aluminum,Silver,Large,Universal Fit,772.28,Low
697.38,447,Aluminum,Blue,Medium,Custom Fit,855.68,Low
756.2,242,Carbon Fiber,Black,Small,Custom Fit,872.92,Low
777.37,237,Plastic,Red,Small,Custom Fit,853.29,Low
736.9,170,Steel,Red,Medium,Custom Fit,853.24,Low
729.55,246,Rubber,Blue,Large,Custom Fit,774.49,Low
703.38,226,Rubber,Black,Small,Universal Fit,825.28,Low
767.05,365,Rubber,Silver,XL,Custom Fit,904.19,Low
733.16,25,Rubber,Blue,XL,Universal Fit,836.97,Low
742.4,481,Carbon Fiber,Blue,Medium,Custom Fit,786.26,Low
753.1,99,Aluminum,Gray,Medium,Custom Fit,810.8,Low
800.11,64,Aluminum,Silver,XL,Universal Fit,853.93,Low
739.24,302,Rubber,Silver,XL,Custom Fit,830.95,Low
705.46,340,Steel,Red,XL,Universal Fit,825.29,Low
751.05,453,Plastic,Gray,Medium,Universal Fit,796.31,Low
760.81,420,Steel,Gray,Small,Custom Fit,847.96,Low
763.42,237,Rubber,Black,Large,Universal Fit,863.62,Low
793.33,491,Steel,Gray,Medium,Custom Fit,836.28,Low
244.23,461,Aluminum,Red,Medium,Universal Fit,338.32,Low
290.57,361,Plastic,Blue,Large,Universal Fit,375.83,Low
247.47,309,Carbon Fiber,Silver,Small,Custom Fit,302.75,Low
285.62,474,Rubber,Red,Medium,Custom Fit,367.65,Low
259.42,7,Plastic,Red,Small,Universal Fit,418.0,Low
198.12,110,Aluminum,Black,XL,Custom Fit,286.62,Low
271.5,32,Steel,Gray,Medium,Custom Fit,319.47,Low
272.41,276,Plastic,Black,XL,Custom Fit,424.05,Low
166.58,205,Aluminum,Gray,Medium,Universal Fit,318.05,Low
222.12,476,Plastic,Silver,Medium,Custom Fit,342.88,Low
194.38,397,Plastic,Black,Medium,Universal Fit,330.11,Low
223.28,81,Steel,Black,Small,Custom Fit,365.84,Low
297.37,403,Steel,Black,Large,Custom Fit,391.67,Low
543.7,70,Rubber,Black,Large,Universal Fit,684.18,Low
566.17,425,Aluminum,Red,Medium,Universal Fit,621.35,Low
556.49,373,Plastic,Blue,Medium,Custom Fit,600.89,Low
595.13,165,Plastic,Silver,Small,Universal Fit,745.74,Low
497.28,493,Carbon Fiber,Silver,Large,Universal Fit,615.41,Low
569.08,29,Aluminum,Red,Small,Custom Fit,728.13,Low
507.05,365,Plastic,Blue,Large,Universal Fit,608.24,Low
491.8,95,Plastic,Silver,Large,Custom Fit,596.77,Low
594.38,39,Steel,Silver,Medium,Universal Fit,672.67,Low
564.19,198,Plastic,Blue,Small,Universal Fit,661.87,Low
310.49,241,Aluminum,Red,Medium,Custom Fit,358.75,Low
191.41,368,Rubber,Gray,XL,Universal Fit,305.1,Low
273.98,480,Plastic,Silver,Small,Universal Fit,317.6,Low
192.91,305,Plastic,Gray,Small,Universal Fit,314.45,Low
238.36,174,Steel,Black,Small,Universal Fit,373.01,Low
173.87,207,Steel,Red,Large,Universal Fit,333.55,Low
613.56,370,Carbon Fiber,Red,Small,Universal Fit,747.72,Low
525.36,82,Steel,Blue,XL,Universal Fit,590.05,Low
509.49,90,Carbon Fiber,Red,XL,Universal Fit,633.35,Low
536.75,190,Aluminum,Gray,Small,Custom Fit,725.04,Low
563.97,345,Plastic,Black,XL,Custom Fit,704.51,Low
601.56,472,Rubber,Gray,Large,Custom Fit,717.17,Low
569.06,137,Rubber,Black,Medium,Custom Fit,636.23,Low
451.82,159,Aluminum,Blue,Small,Custom Fit,533.94,Low
448.79,396,Steel,Black,Large,Custom Fit,609.38,Low
380.02,389,Plastic,Blue,Medium,Universal Fit,472.09,Low
430.71,228,Carbon Fiber,Gray,Large,Universal Fit,595.19,Low
466.32,401,Carbon Fiber,Gray,Medium,Custom Fit,553.23,Low
469.82,253,Steel,Red,Large,Custom Fit,609.69,Low
460.95,155,Rubber,Blue,XL,Universal Fit,552.24,Low
488.41,380,Plastic,Silver,Small,Universal Fit,613.54,Low
547.09,332,Aluminum,Blue,Large,Custom Fit,684.53,Low
500.65,327,Aluminum,Gray,Small,Universal Fit,615.53,Low
586.4,445,Steel,Silver,Medium,Custom Fit,735.3,Low
542.59,127,Steel,Gray,XL,Custom Fit,684.04,Low
563.67,324,Plastic,Gray,XL,Universal Fit,718.21,Low
491.16,273,Carbon Fiber,Red,Medium,Universal Fit,647.52,Low
567.09,22,Carbon Fiber,Blue,Large,Universal Fit,712.2,Low
551.47,109,Rubber,Red,Small,Universal Fit,635.43,Low
534.78,110,Rubber,Blue,XL,Custom Fit,616.57,Low
511.02,185,Rubber,Gray,Small,Universal Fit,578.63,Low
586.32,177,Plastic,Blue,XL,Custom Fit,686.54,Low
507.64,259,Steel,Silver,Large,Custom Fit,662.37,Low
493.63,122,Steel,Gray,Small,Universal Fit,634.2,Low
579.42,318,Aluminum,Silver,Medium,Custom Fit,683.54,Low
583.08,193,Carbon Fiber,Silver,XL,Universal Fit,661.95,Low
546.69,13,Steel,Black,XL,Universal Fit,600.62,Low
576.94,79,Carbon Fiber,Silver,Large,Universal Fit,702.5,Low
566.57,394,Steel,Red,Large,Universal Fit,666.67,Low
616.8,74,Steel,Black,Large,Custom Fit,695.83,Low
517.99,344,Carbon Fiber,Black,Small,Universal Fit,603.56,Low
499.89,484,Aluminum,Red,Small,Custom Fit,627.9,Low
506.32,21,Plastic,Silver,Large,Custom Fit,684.19,Low
578.95,311,Carbon Fiber,Red,XL,Universal Fit,733.3,Low
516.45,252,Rubber,Blue,Large,Universal Fit,637.79,Low
625.74,225,Steel,Red,Small,Universal Fit,731.81,Low
532.58,82,Aluminum,Silver,Medium,Universal Fit,681.71,Low
632.76,331,Plastic,Gray,Large,Custom Fit,728.85,Low
573.23,464,Carbon Fiber,Gray,Medium,Universal Fit,695.25,Low
488.08,405,Rubber,Gray,Large,Custom Fit,587.5,Low
565.29,398,Rubber,Gray,Medium,Universal Fit,696.88,Low
581.77,196,Aluminum,Blue,Large,Universal Fit,656.59,Low
548.98,150,Steel,Black,Medium,Custom Fit,672.65,Low
556.2,46,Aluminum,Silver,XL,Custom Fit,595.85,Low
616.39,281,Steel,Black,XL,Universal Fit,699.78,Low
496.38,174,Steel,Blue,Small,Custom Fit,592.23,Low
537.08,345,Rubber,Gray,Large,Custom Fit,681.65,Low
547.83,465,Plastic,Gray,Large,Universal Fit,642.77,Low
586.32,122,Plastic,Black,Medium,Universal Fit,712.91,Low
540.87,59,Aluminum,Blue,XL,Custom Fit,585.21,Low
583.98,261,Rubber,Red,Small,Universal Fit,713.85,Low
503.47,416,Rubber,Black,Small,Universal Fit,619.09,Low
553.84,19,Plastic,Blue,Small,Universal Fit,693.01,Low
541.81,60,Steel,Black,Large,Universal Fit,645.57,Low
524.65,92,Plastic,Gray,Small,Universal Fit,657.53,Low
548.87,394,Plastic,Gray,Small,Custom Fit,594.51,Low
596.76,135,Carbon Fiber,Gray,Large,Custom Fit,751.57,Low
502.35,488,Steel,Gray,Medium,Custom Fit,596.27,Low
556.48,465,Aluminum,Gray,Large,Custom Fit,618.81,Low
480.86,12,Plastic,Black,XL,Universal Fit,586.53,Low
43.65,95,Rubber,Gray,Large,Custom Fit,181.94,Low
76.6,416,Steel,Blue,XL,Universal Fit,145.1,Low
8.21,42,Carbon Fiber,Red,XL,Universal Fit,143.69,Low
39.01,141,Rubber,Blue,Small,Custom Fit,105.43,Low
48.84,286,Rubber,Red,Small,Custom Fit,166.81,Low
102.95,361,Rubber,Black,Medium,Custom Fit,200.17,Low
54.55,274,Carbon Fiber,Blue,Medium,Universal Fit,185.52,Low
51.82,236,Rubber,Blue,Medium,Universal Fit,134.99,Low
48.29,183,Rubber,Black,Large,Custom Fit,86.76,Low
38.65,217,Carbon Fiber,Blue,Small,Custom Fit,171.89,Low
123.3,326,Aluminum,Black,XL,Custom Fit,234.07,Low
74.95,53,Rubber,Red,Medium,Universal Fit,244.77,Low
78.72,296,Plastic,Gray,Medium,Custom Fit,185.07,Low
133.38,426,Steel,Blue,Medium,Universal Fit,213.02,Low
30.68,483,Steel,Blue,XL,Universal Fit,128.78,Low
272.48,56,Plastic,Silver,Medium,Universal Fit,354.93,Low
212.09,494,Plastic,Black,Large,Custom Fit,316.08,Low
308.77,162,Steel,Black,Large,Custom Fit,393.1,Low
302.83,42,Carbon Fiber,Red,Small,Custom Fit,369.41,Low
286.02,136,Plastic,Black,Medium,Custom Fit,381.23,Low
190.67,156,Carbon Fiber,Silver,XL,Universal Fit,342.78,Low
222.02,16,Rubber,Gray,XL,Custom Fit,293.38,Low
196.44,355,Plastic,Gray,Large,Custom Fit,331.57,Low
288.84,453,Carbon Fiber,Red,XL,Universal Fit,395.15,Low
290.84,304,Carbon Fiber,Blue,Small,Universal Fit,365.41,Low
246.48,39,Rubber,Red,Large,Custom Fit,335.35,Low
162.24,288,Carbon Fiber,Gray,Small,Universal Fit,281.82,Low
190.31,414,Rubber,Silver,Small,Universal Fit,311.19,Low
249.42,184,Rubber,Gray,XL,Custom Fit,325.05,Low
262.75,313,Carbon Fiber,Red,Small,Universal Fit,328.22,Low
316.47,376,Plastic,Silver,Medium,Universal Fit,417.24,Low
306.12,65,Carbon Fiber,Blue,Small,Custom Fit,421.61,Low
592.33,11,Aluminum,Gray,Small,Universal Fit,645.35,Low
562.31,257,Steel,Gray,Small,Custom Fit,621.21,Low
573.14,420,Rubber,Black,Large,Custom Fit,664.0,Low
495.68,299,Steel,Black,XL,Custom Fit,649.78,Low
548.52,178,Steel,Black,Small,Universal Fit,635.44,Low
576.19,219,Carbon Fiber,Black,Medium,Custom Fit,689.87,Low
512.31,287,Rubber,Silver,Small,Custom Fit,668.6,Low
574.03,18,Rubber,Blue,Large,Universal Fit,662.71,Low
505.72,319,Plastic,Silver,Large,Universal Fit,642.29,Low
543.16,120,Aluminum,Blue,Medium,Universal Fit,710.54,Low
217.86,330,Steel,Red,Small,Custom Fit,316.95,Low
265.39,433,Plastic,Silver,XL,Universal Fit,382.95,Low
255.09,231,Steel,Blue,Large,Custom Fit,370.43,Low
175.56,130,Aluminum,Blue,Large,Custom Fit,352.09,Low
259.14,420,Plastic,Gray,XL,Universal Fit,334.96,Low
235.51,112,Plastic,Blue,XL,Custom Fit,359.89,Low
274.55,50,Carbon Fiber,Silver,Small,Universal Fit,353.42,Low
231.27,209,Plastic,Red,XL,Universal Fit,277.24,Low
505.43,107,Carbon Fiber,Blue,Medium,Universal Fit,626.09,Low
532.57,459,Carbon Fiber,Red,Large,Custom Fit,652.21,Low
522.51,74,Plastic,Red,Small,Custom Fit,676.69,Low
552.86,318,Carbon Fiber,Gray,Small,Custom Fit,689.59,Low
542.65,405,Rubber,Red,Large,Custom Fit,672.35,Low
513.3,389,Carbon Fiber,Gray,Medium,Custom Fit,615.43,Low
488.52,366,Carbon Fiber,Silver,Medium,Custom Fit,629.36,Low
456.31,385,Carbon Fiber,Blue,Small,Universal Fit,640.24,Low
744.5,487,Rubber,Black,Medium,Custom Fit,845.12,Low
726.83,94,Steel,Blue,Small,Universal Fit,864.58,Low
773.45,455,Plastic,Blue,Medium,Universal Fit,851.86,Low
757.77,266,Plastic,Black,Small,Universal Fit,836.8,Low
715.46,173,Aluminum,Silver,Medium,Universal Fit,880.73,Low
724.37,79,Carbon Fiber,Red,Large,Universal Fit,859.32,Low
743.52,122,Aluminum,Blue,XL,Universal Fit,804.8,Low
780.32,30,Rubber,Gray,Medium,Custom Fit,821.05,Low
386.25,9,Plastic,Blue,Small,Custom Fit,528.08,Low
470.13,497,Aluminum,Blue,XL,Universal Fit,601.13,Low
485.89,193,Rubber,Blue,Small,Custom Fit,623.14,Low
348.84,247,Plastic,Blue,Medium,Custom Fit,475.58,Low
444.15,139,Rubber,Gray,Large,Universal Fit,533.94,Low
414.81,129,Steel,Silver,Medium,Universal Fit,576.5,Low
579.59,466,Steel,Silver,Small,Universal Fit,612.96,Low
575.68,228,Steel,Silver,Medium,Custom Fit,666.0,Low
502.88,154,Carbon Fiber,Black,XL,Universal Fit,602.29,Low
529.8,480,Rubber,Gray,Small,Custom Fit,670.51,Low
555.55,134,Carbon Fiber,Black,Small,Custom Fit,623.4,Low
562.65,452,Carbon Fiber,Silver,Medium,Universal Fit,710.74,Low
557.28,23,Plastic,Red,XL,Universal Fit,644.21,Low
606.42,0,Aluminum,Silver,XL,Universal Fit,699.24,Low
538.16,90,Carbon Fiber,Gray,XL,Universal Fit,590.55,Low
549.17,488,Plastic,Red,Small,Universal Fit,649.43,Low
611.38,331,Rubber,Black,Medium,Universal Fit,685.6,Low
619.64,203,Rubber,Red,Medium,Universal Fit,720.18,Low
469.93,478,Plastic,Black,XL,Universal Fit,580.57,Low
527.19,431,Aluminum,Gray,Medium,Custom Fit,646.51,Low
530.86,101,Steel,Blue,Small,Custom Fit,587.85,Low
443.2,321,Plastic,Black,XL,Universal Fit,522.77,Low
472.9,389,Steel,Gray,Small,Universal Fit,582.01,Low
517.27,47,Aluminum,Gray,XL,Custom Fit,634.26,Low
554.85,476,Plastic,Silver,Small,Universal Fit,686.9,Low
534.3,450,Plastic,Blue,Small,Universal Fit,673.12,Low
585.13,316,Aluminum,Red,Medium,Custom Fit,636.21,Low
288.92,265,Carbon Fiber,Gray,XL,Custom Fit,390.92,Low
297.88,80,Aluminum,Blue,XL,Universal Fit,374.69,Low
317.04,500,Aluminum,Blue,Medium,Custom Fit,389.4,Low
251.16,183,Plastic,Blue,Small,Universal Fit,366.41,Low
211.1,158,Aluminum,Silver,Small,Universal Fit,334.43,Low
289.61,83,Rubber,Red,Large,Custom Fit,363.68,Low
271.06,331,Plastic,Red,Large,Custom Fit,334.43,Low
210.54,98,Aluminum,Silver,Small,Custom Fit,401.41,Low
261.38,72,Steel,Black,Small,Custom Fit,416.15,Low
248.2,283,Rubber,Red,Small,Custom Fit,329.97,Low
255.86,217,Rubber,Gray,Large,Custom Fit,324.66,Low
188.88,315,Carbon Fiber,Black,XL,Custom Fit,369.08,Low
268.21,81,Aluminum,Red,Large,Custom Fit,360.71,Low
246.83,250,Plastic,Silver,Medium,Custom Fit,333.22,Low
311.55,469,Carbon Fiber,Gray,Medium,Custom Fit,403.75,Low
280.46,492,Aluminum,Black,Small,Custom Fit,419.87,Low
260.61,252,Rubber,Black,Medium,Universal Fit,377.84,Low
281.71,168,Aluminum,Gray,XL,Universal Fit,335.46,Low
